bootstrap_unit,ci95_high,ci95_low,density,half_width,mean,method,method_label,metric,n_bootstrap,n_seeds
shared evaluation seed,0.0,0.0,0.08163265306122448,7.0,0.0,alf,ALF,final_fragmentation,2000,50
shared evaluation seed,0.0,0.0,0.08163265306122448,7.0,0.0,alf,ALF,mean_fragmentation,2000,50
shared evaluation seed,1.0,1.0,0.08163265306122448,7.0,1.0,alf,ALF,final_largest_scc_fraction,2000,50
shared evaluation seed,1.0,1.0,0.08163265306122448,7.0,1.0,alf,ALF,mean_largest_scc_fraction,2000,50
shared evaluation seed,7.43525342039801,7.1103692475124385,0.08163265306122448,7.0,7.265292288557214,alf,ALF,mean_degree,2000,50
shared evaluation seed,5.253494966931714,5.078328038837955,0.08163265306122448,7.0,5.166740318836223,alf,ALF,mean_radius,2000,50
shared evaluation seed,89.59271366762246,84.18554745678857,0.08163265306122448,7.0,86.94940883909885,alf,ALF,mean_interaction_area,2000,50
shared evaluation seed,0.00366875,0.0029,0.08163265306122448,7.0,0.0032687500000000004,alf,ALF,neighbor_loss_rate,2000,50
shared evaluation seed,0.9914303604373013,0.9890216988782355,0.08163265306122448,7.0,0.9903332772098226,alf,ALF,polar_order,2000,50
shared evaluation seed,0.004085001231229923,0.0036104635550412234,0.08163265306122448,7.0,0.0038411430776143355,alf,ALF,velocity_dispersion,2000,50
shared evaluation seed,0.008933683486674431,0.008244667838645801,0.08163265306122448,7.0,0.008591914196776657,alf,ALF,control_energy,2000,50
shared evaluation seed,0.0023660478164210293,0.001975157762682315,0.08163265306122448,7.0,0.0021675404421489016,alf,ALF,radius_temporal_variation,2000,50
shared evaluation seed,0.0028568521617344383,0.0024080938214300447,0.08163265306122448,7.0,0.002628366597755285,alf,ALF,radius_command_temporal_variation,2000,50
shared evaluation seed,0.0,0.0,0.08163265306122448,7.0,0.0,alf,ALF,radius_min_saturation_fraction,2000,50
shared evaluation seed,0.15061582711442786,0.10957571517412937,0.08163265306122448,7.0,0.13063432835820896,alf,ALF,radius_max_saturation_fraction,2000,50
shared evaluation seed,2.368252487562189,2.139712997512438,0.08163265306122448,7.0,2.2556716417910447,alf,ALF,mean_degree_error,2000,50
shared evaluation seed,7.577133395522388,6.507917288557214,0.08163265306122448,7.0,7.027201492537314,alf,ALF,mean_degree_error_sq,2000,50
shared evaluation seed,0.0006375,0.00039375,0.08163265306122448,7.0,0.0005124999999999999,alf,ALF,radius_oscillation_frequency,2000,50
shared evaluation seed,0.0,0.0,0.04938271604938271,9.0,0.0,alf,ALF,final_fragmentation,2000,50
shared evaluation seed,0.0,0.0,0.04938271604938271,9.0,0.0,alf,ALF,mean_fragmentation,2000,50
shared evaluation seed,1.0,0.98125,0.04938271604938271,9.0,0.99375,alf,ALF,final_largest_scc_fraction,2000,50
shared evaluation seed,1.0,0.982276119402985,0.04938271604938271,9.0,0.994092039800995,alf,ALF,mean_largest_scc_fraction,2000,50
shared evaluation seed,6.99128125,6.685403140547264,0.04938271604938271,9.0,6.829135572139303,alf,ALF,mean_degree,2000,50
shared evaluation seed,6.5706099582211674,6.354286607633591,0.04938271604938271,9.0,6.463286581247982,alf,ALF,mean_radius,2000,50
shared evaluation seed,140.37518303770074,131.45708122461687,0.04938271604938271,9.0,135.86175183815843,alf,ALF,mean_interaction_area,2000,50
shared evaluation seed,0.0032124999999999996,0.00248125,0.04938271604938271,9.0,0.00285,alf,ALF,neighbor_loss_rate,2000,50
shared evaluation seed,0.9908007668554597,0.9874015705177851,0.04938271604938271,9.0,0.9892865605388043,alf,ALF,polar_order,2000,50
shared evaluation seed,0.004191967355062825,0.0036917572606580172,0.04938271604938271,9.0,0.00393478416650335,alf,ALF,velocity_dispersion,2000,50
shared evaluation seed,0.008996349752824177,0.008269140241589286,0.04938271604938271,9.0,0.008632558251394782,alf,ALF,control_energy,2000,50
shared evaluation seed,0.0024137773926723592,0.0019303323691393503,0.04938271604938271,9.0,0.002177349254010074,alf,ALF,radius_temporal_variation,2000,50
shared evaluation seed,0.0029335151092229838,0.0022997878931822016,0.04938271604938271,9.0,0.0026184370510870174,alf,ALF,radius_command_temporal_variation,2000,50
shared evaluation seed,0.0,0.0,0.04938271604938271,9.0,0.0,alf,ALF,radius_min_saturation_fraction,2000,50
shared evaluation seed,0.23568034825870646,0.17909001865671642,0.04938271604938271,9.0,0.20691542288557216,alf,ALF,radius_max_saturation_fraction,2000,50
shared evaluation seed,3.7263582089552236,3.4548230721393036,0.04938271604938271,9.0,3.5969776119402983,alf,ALF,mean_degree_error,2000,50
shared evaluation seed,15.559472014925372,13.929572139303481,0.04938271604938271,9.0,14.709987562189056,alf,ALF,mean_degree_error_sq,2000,50
shared evaluation seed,0.000375,0.00016875,0.04938271604938271,9.0,0.0002625,alf,ALF,radius_oscillation_frequency,2000,50
shared evaluation seed,0.0,0.0,0.03305785123966942,11.0,0.0,alf,ALF,final_fragmentation,2000,50
shared evaluation seed,0.0,0.0,0.03305785123966942,11.0,0.0,alf,ALF,mean_fragmentation,2000,50
shared evaluation seed,1.0,0.98875,0.03305785123966942,11.0,0.99625,alf,ALF,final_largest_scc_fraction,2000,50
shared evaluation seed,1.0,0.9912002487562189,0.03305785123966942,11.0,0.9970646766169154,alf,ALF,mean_largest_scc_fraction,2000,50
shared evaluation seed,5.573770055970148,5.308154228855722,0.03305785123966942,11.0,5.442213930348259,alf,ALF,mean_degree,2000,50
shared evaluation seed,7.268851398230851,7.073430846295132,0.03305785123966942,11.0,7.169669607113417,alf,ALF,mean_radius,2000,50
shared evaluation seed,168.8259106567134,160.444254803186,0.03305785123966942,11.0,164.6167875382949,alf,ALF,mean_interaction_area,2000,50
shared evaluation seed,0.00235625,0.0017125,0.03305785123966942,11.0,0.0020375000000000002,alf,ALF,neighbor_loss_rate,2000,50
shared evaluation seed,0.9887183435023572,0.983536316927821,0.03305785123966942,11.0,0.9863399263143635,alf,ALF,polar_order,2000,50
shared evaluation seed,0.00447758185816134,0.00392960942321406,0.03305785123966942,11.0,0.004202570895718648,alf,ALF,velocity_dispersion,2000,50
shared evaluation seed,0.00906719526716077,0.008426223732763997,0.03305785123966942,11.0,0.008735609946861725,alf,ALF,control_energy,2000,50
shared evaluation seed,0.001881579230737097,0.0013913358459137384,0.03305785123966942,11.0,0.0016292087702387747,alf,ALF,radius_temporal_variation,2000,50
shared evaluation seed,0.002405858246593588,0.0016925899104321374,0.03305785123966942,11.0,0.0020408374598565693,alf,ALF,radius_command_temporal_variation,2000,50
shared evaluation seed,0.0,0.0,0.03305785123966942,11.0,0.0,alf,ALF,radius_min_saturation_fraction,2000,50
shared evaluation seed,0.4846400808457711,0.39435867537313435,0.03305785123966942,11.0,0.44095771144278606,alf,ALF,radius_max_saturation_fraction,2000,50
shared evaluation seed,4.5125065298507465,4.299463930348258,0.03305785123966942,11.0,4.406828358208956,alf,ALF,mean_degree_error,2000,50
shared evaluation seed,21.535896766169152,19.786206156716418,0.03305785123966942,11.0,20.701405472636814,alf,ALF,mean_degree_error_sq,2000,50
shared evaluation seed,0.00044374999999999997,0.00014375,0.03305785123966942,11.0,0.00028125000000000003,alf,ALF,radius_oscillation_frequency,2000,50
shared evaluation seed,0.0,0.0,0.02040816326530612,14.0,0.0,alf,ALF,final_fragmentation,2000,50
shared evaluation seed,0.003004197761194027,0.0007151741293532339,0.02040816326530612,14.0,0.0017412935323383083,alf,ALF,mean_fragmentation,2000,50
shared evaluation seed,1.0,0.98625,0.02040816326530612,14.0,0.995,alf,ALF,final_largest_scc_fraction,2000,50
shared evaluation seed,0.9976559390547264,0.9832078669154227,0.02040816326530612,14.0,0.9920335820895523,alf,ALF,mean_largest_scc_fraction,2000,50
shared evaluation seed,4.088837375621891,3.833337064676617,0.02040816326530612,14.0,3.953837064676617,alf,ALF,mean_degree,2000,50
shared evaluation seed,7.718633288619544,7.579040775495911,0.02040816326530612,14.0,7.652219273136269,alf,ALF,mean_radius,2000,50
shared evaluation seed,188.28978417141127,182.44964614810627,0.02040816326530612,14.0,185.41141092043134,alf,ALF,mean_interaction_area,2000,50
shared evaluation seed,0.00149375,0.0010375,0.02040816326530612,14.0,0.0012562500000000002,alf,ALF,neighbor_loss_rate,2000,50
shared evaluation seed,0.9792011481210845,0.9555287992848115,0.02040816326530612,14.0,0.969311020087207,alf,ALF,polar_order,2000,50
shared evaluation seed,0.006730762913699203,0.005302520547057609,0.02040816326530612,14.0,0.005953629822019749,alf,ALF,velocity_dispersion,2000,50
shared evaluation seed,0.010298884930536815,0.009355532809703667,0.02040816326530612,14.0,0.009820461150625364,alf,ALF,control_energy,2000,50
shared evaluation seed,0.0008671219624824955,0.00046993752590467156,0.02040816326530612,14.0,0.0006594219964198788,alf,ALF,radius_temporal_variation,2000,50
shared evaluation seed,0.0011669270923146025,0.0006639309408836326,0.02040816326530612,14.0,0.0009099228594871063,alf,ALF,radius_command_temporal_variation,2000,50
shared evaluation seed,0.0,0.0,0.02040816326530612,14.0,0.0,alf,ALF,radius_min_saturation_fraction,2000,50
shared evaluation seed,0.7533813743781094,0.6683137437810945,0.02040816326530612,14.0,0.7133146766169155,alf,ALF,radius_max_saturation_fraction,2000,50
shared evaluation seed,5.157482898009952,4.987838619402985,0.02040816326530612,14.0,5.074477611940298,alf,ALF,mean_degree_error,2000,50
shared evaluation seed,27.40795957711443,25.82922356965174,0.02040816326530612,14.0,26.623544776119402,alf,ALF,mean_degree_error_sq,2000,50
shared evaluation seed,0.00023125,6.25e-05,0.02040816326530612,14.0,0.0001375,alf,ALF,radius_oscillation_frequency,2000,50
shared evaluation seed,0.0075,0.0,0.012345679012345678,18.0,0.0025,alf,ALF,final_fragmentation,2000,50
shared evaluation seed,0.1113994092039801,0.05750481965174129,0.012345679012345678,18.0,0.08361940298507463,alf,ALF,mean_fragmentation,2000,50
shared evaluation seed,0.9975,0.95,0.012345679012345678,18.0,0.9775,alf,ALF,final_largest_scc_fraction,2000,50
shared evaluation seed,0.9289521144278606,0.8653837064676617,0.012345679012345678,18.0,0.8982338308457711,alf,ALF,mean_largest_scc_fraction,2000,50
shared evaluation seed,2.9810082400497513,2.76189598880597,0.012345679012345678,18.0,2.8719278606965175,alf,ALF,mean_degree,2000,50
shared evaluation seed,7.890941630457569,7.816522866708662,0.012345679012345678,18.0,7.8533705612769475,alf,ALF,mean_radius,2000,50
shared evaluation seed,195.89271959427188,192.57383516003458,0.012345679012345678,18.0,194.29222266494395,alf,ALF,mean_interaction_area,2000,50
shared evaluation seed,0.0009875,0.00064375,0.012345679012345678,18.0,0.0008125000000000001,alf,ALF,neighbor_loss_rate,2000,50
shared evaluation seed,0.9303226918511757,0.8756340101261572,0.012345679012345678,18.0,0.9043289806630577,alf,ALF,polar_order,2000,50
shared evaluation seed,0.016818240738032092,0.012952507843303979,0.012345679012345678,18.0,0.0148020422976828,alf,ALF,velocity_dispersion,2000,50
shared evaluation seed,0.020561589494077957,0.015186996294814513,0.012345679012345678,18.0,0.017622811263449372,alf,ALF,control_energy,2000,50
shared evaluation seed,0.0003758610939133058,0.0001466563606419719,0.012345679012345678,18.0,0.00025611092715950535,alf,ALF,radius_temporal_variation,2000,50
shared evaluation seed,0.00040397508002231944,0.00015528680693403422,0.012345679012345678,18.0,0.0002741851990267052,alf,ALF,radius_command_temporal_variation,2000,50
shared evaluation seed,0.0,0.0,0.012345679012345678,18.0,0.0,alf,ALF,radius_min_saturation_fraction,2000,50
shared evaluation seed,0.8926990049751243,0.8376242226368159,0.012345679012345678,18.0,0.8664427860696517,alf,ALF,radius_max_saturation_fraction,2000,50
shared evaluation seed,5.481537935323383,5.348847947761193,0.012345679012345678,18.0,5.41360696517413,alf,ALF,mean_degree_error,2000,50
shared evaluation seed,30.450568097014926,29.16914116915423,0.012345679012345678,18.0,29.844751243781094,alf,ALF,mean_degree_error_sq,2000,50
shared evaluation seed,9.375e-05,1.875e-05,0.012345679012345678,18.0,5e-05,alf,ALF,radius_oscillation_frequency,2000,50
shared evaluation seed,0.10625,0.02875,0.007561436672967864,23.0,0.065,alf,ALF,final_fragmentation,2000,50
shared evaluation seed,0.28009499378109454,0.19839490049751243,0.007561436672967864,23.0,0.23757462686567163,alf,ALF,mean_fragmentation,2000,50
shared evaluation seed,0.97125,0.89625,0.007561436672967864,23.0,0.935,alf,ALF,final_largest_scc_fraction,2000,50
shared evaluation seed,0.7995273631840794,0.7195362251243781,0.007561436672967864,23.0,0.7594154228855722,alf,ALF,mean_largest_scc_fraction,2000,50
shared evaluation seed,2.379292599502487,2.1993746890547263,0.007561436672967864,23.0,2.289962686567164,alf,ALF,mean_degree,2000,50
shared evaluation seed,7.975471421547394,7.930859687040634,0.007561436672967864,23.0,7.955135277599819,alf,ALF,mean_radius,2000,50
shared evaluation seed,199.9108618871018,197.91233610835988,0.007561436672967864,23.0,198.97941046828362,alf,ALF,mean_interaction_area,2000,50
shared evaluation seed,0.0006687500000000001,0.0003625,0.007561436672967864,23.0,0.0005062500000000001,alf,ALF,neighbor_loss_rate,2000,50
shared evaluation seed,0.8258182421881153,0.7340591629620449,0.007561436672967864,23.0,0.7807997921024556,alf,ALF,polar_order,2000,50
shared evaluation seed,0.049372617645576204,0.0377127982076639,0.007561436672967864,23.0,0.0433436697308394,alf,ALF,velocity_dispersion,2000,50
shared evaluation seed,0.07310739342257913,0.046838003873714756,0.007561436672967864,23.0,0.05953844700854214,alf,ALF,control_energy,2000,50
shared evaluation seed,0.00013101746653028363,3.349364790288877e-05,0.007561436672967864,23.0,7.749214233532798e-05,alf,ALF,radius_temporal_variation,2000,50
shared evaluation seed,0.00017416697508022984,4.019237886466843e-05,0.007561436672967864,23.0,0.00010172814848078753,alf,ALF,radius_command_temporal_variation,2000,50
shared evaluation seed,0.0,0.0,0.007561436672967864,23.0,0.0,alf,ALF,radius_min_saturation_fraction,2000,50
shared evaluation seed,0.9735537935323383,0.9367638370646766,0.007561436672967864,23.0,0.9558519900497512,alf,ALF,radius_max_saturation_fraction,2000,50
shared evaluation seed,5.688273631840796,5.595683457711443,0.007561436672967864,23.0,5.642636815920398,alf,ALF,mean_degree_error,2000,50
shared evaluation seed,32.62725621890547,31.66501119402985,0.007561436672967864,23.0,32.15736318407961,alf,ALF,mean_degree_error_sq,2000,50
shared evaluation seed,5.625e-05,0.0,0.007561436672967864,23.0,1.875e-05,alf,ALF,radius_oscillation_frequency,2000,50
shared evaluation seed,0.3,0.19125,0.0044444444444444444,30.0,0.24625,alf,ALF,final_fragmentation,2000,50
shared evaluation seed,0.4809208644278607,0.413525342039801,0.0044444444444444444,30.0,0.4482338308457712,alf,ALF,mean_fragmentation,2000,50
shared evaluation seed,0.8075,0.69875,0.0044444444444444444,30.0,0.75375,alf,ALF,final_largest_scc_fraction,2000,50
shared evaluation seed,0.5840275186567164,0.5176366604477612,0.0044444444444444444,30.0,0.5513868159203981,alf,ALF,mean_largest_scc_fraction,2000,50
shared evaluation seed,1.8038341106965174,1.697466262437811,0.0044444444444444444,30.0,1.7482587064676616,alf,ALF,mean_degree,2000,50
shared evaluation seed,7.99199203674373,7.959069110427042,0.0044444444444444444,30.0,7.9770206151161,alf,ALF,mean_radius,2000,50
shared evaluation seed,200.7109457010679,199.20046957136842,0.0044444444444444444,30.0,199.99431164165856,alf,ALF,mean_interaction_area,2000,50
shared evaluation seed,0.00035000000000000005,0.00015,0.0044444444444444444,30.0,0.00024375000000000002,alf,ALF,neighbor_loss_rate,2000,50
shared evaluation seed,0.6616773269017001,0.5686845527793061,0.0044444444444444444,30.0,0.6150435923647865,alf,ALF,polar_order,2000,50
shared evaluation seed,0.1281665304407606,0.1042694304990611,0.0044444444444444444,30.0,0.11529727157295701,alf,ALF,velocity_dispersion,2000,50
shared evaluation seed,0.19401247469734323,0.13482480649104636,0.0044444444444444444,30.0,0.16234285637983373,alf,ALF,control_energy,2000,50
shared evaluation seed,0.00010425372944485007,6.698703104794656e-06,0.0044444444444444444,30.0,4.813828310624952e-05,alf,ALF,radius_temporal_variation,2000,50
shared evaluation seed,0.0001042225511190205,6.69872981077807e-06,0.0044444444444444444,30.0,4.813830999456297e-05,alf,ALF,radius_command_temporal_variation,2000,50
shared evaluation seed,0.0,0.0,0.0044444444444444444,30.0,0.0,alf,ALF,radius_min_saturation_fraction,2000,50
shared evaluation seed,0.9925001554726369,0.9648132773631841,0.0044444444444444444,30.0,0.9796330845771145,alf,ALF,radius_max_saturation_fraction,2000,50
shared evaluation seed,5.825064054726368,5.7405509950248765,0.0044444444444444444,30.0,5.784253731343283,alf,ALF,mean_degree_error,2000,50
shared evaluation seed,34.12831467661692,33.234730721393035,0.0044444444444444444,30.0,33.6725,alf,ALF,mean_degree_error_sq,2000,50
shared evaluation seed,0.0,0.0,0.0044444444444444444,30.0,0.0,alf,ALF,radius_oscillation_frequency,2000,50
shared evaluation seed,0.0,0.0,0.08163265306122448,7.0,0.0,crdf,Current-radius feedback,final_fragmentation,2000,50
shared evaluation seed,0.0,0.0,0.08163265306122448,7.0,0.0,crdf,Current-radius feedback,mean_fragmentation,2000,50
shared evaluation seed,1.0,0.98625,0.08163265306122448,7.0,0.995,crdf,Current-radius feedback,final_largest_scc_fraction,2000,50
shared evaluation seed,1.0,0.9864987562189055,0.08163265306122448,7.0,0.9951057213930348,crdf,Current-radius feedback,mean_largest_scc_fraction,2000,50
shared evaluation seed,5.6584530472636825,5.464774409203979,0.08163265306122448,7.0,5.559670398009951,crdf,Current-radius feedback,mean_degree,2000,50
shared evaluation seed,4.550829530844117,4.476666373056275,0.08163265306122448,7.0,4.513907553366716,crdf,Current-radius feedback,mean_radius,2000,50
shared evaluation seed,65.65449242989662,63.660408789409736,0.08163265306122448,7.0,64.64513807477749,crdf,Current-radius feedback,mean_interaction_area,2000,50
shared evaluation seed,0.008287656249999999,0.00705,0.08163265306122448,7.0,0.00764375,crdf,Current-radius feedback,neighbor_loss_rate,2000,50
shared evaluation seed,0.9909768631435151,0.988211232568479,0.08163265306122448,7.0,0.9897456117041473,crdf,Current-radius feedback,polar_order,2000,50
shared evaluation seed,0.0041133186014381835,0.003632843886439911,0.08163265306122448,7.0,0.0038672388131023184,crdf,Current-radius feedback,velocity_dispersion,2000,50
shared evaluation seed,0.00894438327263906,0.008213753206906631,0.08163265306122448,7.0,0.008585154260328789,crdf,Current-radius feedback,control_energy,2000,50
shared evaluation seed,0.014584572409159051,0.012313574851303534,0.08163265306122448,7.0,0.013453971570761274,crdf,Current-radius feedback,radius_temporal_variation,2000,50
shared evaluation seed,0.16912302068540205,0.1356268512382796,0.08163265306122448,7.0,0.15209267939804103,crdf,Current-radius feedback,radius_command_temporal_variation,2000,50
shared evaluation seed,0.0,0.0,0.08163265306122448,7.0,0.0,crdf,Current-radius feedback,radius_min_saturation_fraction,2000,50
shared evaluation seed,0.0010760261194029844,0.00083955223880597,0.08163265306122448,7.0,0.0009577114427860696,crdf,Current-radius feedback,radius_max_saturation_fraction,2000,50
shared evaluation seed,1.2694009639303483,1.1579643967661692,0.08163265306122448,7.0,1.2173756218905474,crdf,Current-radius feedback,mean_degree_error,2000,50
shared evaluation seed,2.3265071517412936,2.0470472636815917,0.08163265306122448,7.0,2.1873383084577114,crdf,Current-radius feedback,mean_degree_error_sq,2000,50
shared evaluation seed,0.28975203124999993,0.23413625,0.08163265306122448,7.0,0.26158125,crdf,Current-radius feedback,radius_oscillation_frequency,2000,50
shared evaluation seed,0.0,0.0,0.04938271604938271,9.0,0.0,crdf,Current-radius feedback,final_fragmentation,2000,50
shared evaluation seed,0.0,0.0,0.04938271604938271,9.0,0.0,crdf,Current-radius feedback,mean_fragmentation,2000,50
shared evaluation seed,0.9975,0.98,0.04938271604938271,9.0,0.99,crdf,Current-radius feedback,final_largest_scc_fraction,2000,50
shared evaluation seed,0.9975621890547264,0.9789490049751244,0.04938271604938271,9.0,0.9889987562189054,crdf,Current-radius feedback,mean_largest_scc_fraction,2000,50
shared evaluation seed,4.514439832089552,4.374742226368159,0.04938271604938271,9.0,4.445435323383085,crdf,Current-radius feedback,mean_degree,2000,50
shared evaluation seed,5.194183851213156,5.10233072160302,0.04938271604938271,9.0,5.150134315740911,crdf,Current-radius feedback,mean_radius,2000,50
shared evaluation seed,85.88660052784167,83.10523096768844,0.04938271604938271,9.0,84.49696282822633,crdf,Current-radius feedback,mean_interaction_area,2000,50
shared evaluation seed,0.01090015625,0.0094625,0.04938271604938271,9.0,0.010175,crdf,Current-radius feedback,neighbor_loss_rate,2000,50
shared evaluation seed,0.9897572213616562,0.9845271221401538,0.04938271604938271,9.0,0.9873711031825857,crdf,Current-radius feedback,polar_order,2000,50
shared evaluation seed,0.004287475519639702,0.0037717541526475196,0.04938271604938271,9.0,0.004027686616927108,crdf,Current-radius feedback,velocity_dispersion,2000,50
shared evaluation seed,0.008988832802808485,0.008276057031284687,0.04938271604938271,9.0,0.008633308427675769,crdf,Current-radius feedback,control_energy,2000,50
shared evaluation seed,0.023477966162242812,0.020473951471392318,0.04938271604938271,9.0,0.021915373698314543,crdf,Current-radius feedback,radius_temporal_variation,2000,50
shared evaluation seed,0.24965773154961626,0.21067467103814777,0.04938271604938271,9.0,0.23010152279216622,crdf,Current-radius feedback,radius_command_temporal_variation,2000,50
shared evaluation seed,0.0,0.0,0.04938271604938271,9.0,0.0,crdf,Current-radius feedback,radius_min_saturation_fraction,2000,50
shared evaluation seed,0.0015236318407960197,0.0011940298507462687,0.04938271604938271,9.0,0.0013557213930348259,crdf,Current-radius feedback,radius_max_saturation_fraction,2000,50
shared evaluation seed,2.2137506218905467,2.064188743781094,0.04938271604938271,9.0,2.1407587064676616,crdf,Current-radius feedback,mean_degree_error,2000,50
shared evaluation seed,5.6803801305970145,5.175320429104477,0.04938271604938271,9.0,5.417226368159204,crdf,Current-radius feedback,mean_degree_error_sq,2000,50
shared evaluation seed,0.28609609374999995,0.24327265625000002,0.04938271604938271,9.0,0.2649375,crdf,Current-radius feedback,radius_oscillation_frequency,2000,50
shared evaluation seed,0.0,0.0,0.03305785123966942,11.0,0.0,crdf,Current-radius feedback,final_fragmentation,2000,50
shared evaluation seed,0.004085820895522388,0.0,0.03305785123966942,11.0,0.0013619402985074627,crdf,Current-radius feedback,mean_fragmentation,2000,50
shared evaluation seed,0.98625,0.94125,0.03305785123966942,11.0,0.96625,crdf,Current-radius feedback,final_largest_scc_fraction,2000,50
shared evaluation seed,0.9809359452736318,0.9336895211442787,0.03305785123966942,11.0,0.9607649253731343,crdf,Current-radius feedback,mean_largest_scc_fraction,2000,50
shared evaluation seed,3.7758429726368163,3.626571517412935,0.03305785123966942,11.0,3.6977300995024875,crdf,Current-radius feedback,mean_degree,2000,50
shared evaluation seed,5.761006741836624,5.653327970842922,0.03305785123966942,11.0,5.708732672587177,crdf,Current-radius feedback,mean_radius,2000,50
shared evaluation seed,105.88267525112407,101.9958116375927,0.03305785123966942,11.0,103.95140248811204,crdf,Current-radius feedback,mean_interaction_area,2000,50
shared evaluation seed,0.008737812499999999,0.0075621874999999995,0.03305785123966942,11.0,0.008150000000000001,crdf,Current-radius feedback,neighbor_loss_rate,2000,50
shared evaluation seed,0.9856001191404348,0.9726621815001403,0.03305785123966942,11.0,0.9799147049465735,crdf,Current-radius feedback,polar_order,2000,50
shared evaluation seed,0.004904520542398758,0.004165979912934299,0.03305785123966942,11.0,0.004508841824979472,crdf,Current-radius feedback,velocity_dispersion,2000,50
shared evaluation seed,0.009087511338314865,0.008444274993523288,0.03305785123966942,11.0,0.008764079178273394,crdf,Current-radius feedback,control_energy,2000,50
shared evaluation seed,0.03105335306385167,0.027155753729619057,0.03305785123966942,11.0,0.029033511999214858,crdf,Current-radius feedback,radius_temporal_variation,2000,50
shared evaluation seed,0.3616346707406634,0.30165782549288567,0.03305785123966942,11.0,0.3317345686782356,crdf,Current-radius feedback,radius_command_temporal_variation,2000,50
shared evaluation seed,0.0,0.0,0.03305785123966942,11.0,0.0,crdf,Current-radius feedback,radius_min_saturation_fraction,2000,50
shared evaluation seed,0.0028109452736318407,0.0023507462686567166,0.03305785123966942,11.0,0.0025808457711442782,crdf,Current-radius feedback,radius_max_saturation_fraction,2000,50
shared evaluation seed,2.881237717661692,2.755084732587065,0.03305785123966942,11.0,2.81896144278607,crdf,Current-radius feedback,mean_degree_error,2000,50
shared evaluation seed,9.043148631840795,8.371792288557213,0.03305785123966942,11.0,8.701162935323383,crdf,Current-radius feedback,mean_degree_error_sq,2000,50
shared evaluation seed,0.29987671875,0.2580734375,0.03305785123966942,11.0,0.2788625,crdf,Current-radius feedback,radius_oscillation_frequency,2000,50
shared evaluation seed,0.0,0.0,0.02040816326530612,14.0,0.0,crdf,Current-radius feedback,final_fragmentation,2000,50
shared evaluation seed,0.028628109452736267,0.0038743781094527363,0.02040816326530612,14.0,0.013911691542288558,crdf,Current-radius feedback,mean_fragmentation,2000,50
shared evaluation seed,0.91875,0.8387187500000001,0.02040816326530612,14.0,0.87875,crdf,Current-radius feedback,final_largest_scc_fraction,2000,50
shared evaluation seed,0.8855415111940299,0.811254975124378,0.02040816326530612,14.0,0.8481654228855722,crdf,Current-radius feedback,mean_largest_scc_fraction,2000,50
shared evaluation seed,2.9870984141791044,2.8462024253731344,0.02040816326530612,14.0,2.9170273631840797,crdf,Current-radius feedback,mean_degree,2000,50
shared evaluation seed,6.439183654242842,6.286251753135669,0.02040816326530612,14.0,6.362449559814628,crdf,Current-radius feedback,mean_radius,2000,50
shared evaluation seed,132.17975405883837,125.99208741659585,0.02040816326530612,14.0,129.15015890931608,crdf,Current-radius feedback,mean_interaction_area,2000,50
shared evaluation seed,0.00525,0.00453125,0.02040816326530612,14.0,0.0048875,crdf,Current-radius feedback,neighbor_loss_rate,2000,50
shared evaluation seed,0.9714297811465743,0.9512469127864938,0.02040816326530612,14.0,0.9623825072344292,crdf,Current-radius feedback,polar_order,2000,50
shared evaluation seed,0.007842099738897856,0.00609173098581057,0.02040816326530612,14.0,0.00694225020558177,crdf,Current-radius feedback,velocity_dispersion,2000,50
shared evaluation seed,0.010453282503026743,0.00945759677258908,0.02040816326530612,14.0,0.009950879488663848,crdf,Current-radius feedback,control_energy,2000,50
shared evaluation seed,0.030651850316199748,0.026712524296004594,0.02040816326530612,14.0,0.02872134679889461,crdf,Current-radius feedback,radius_temporal_variation,2000,50
shared evaluation seed,0.36973578131713314,0.30594996009513864,0.02040816326530612,14.0,0.3370619198710196,crdf,Current-radius feedback,radius_command_temporal_variation,2000,50
shared evaluation seed,0.0,0.0,0.02040816326530612,14.0,0.0,crdf,Current-radius feedback,radius_min_saturation_fraction,2000,50
shared evaluation seed,0.035143501243781086,0.016672885572139303,0.02040816326530612,14.0,0.025391791044776117,crdf,Current-radius feedback,radius_max_saturation_fraction,2000,50
shared evaluation seed,3.5459535136815923,3.3986803482587065,0.02040816326530612,14.0,3.4743967661691544,crdf,Current-radius feedback,mean_degree_error,2000,50
shared evaluation seed,13.241592506218906,12.236910914179106,0.02040816326530612,14.0,12.747468905472637,crdf,Current-radius feedback,mean_degree_error_sq,2000,50
shared evaluation seed,0.29625843749999997,0.24603109374999999,0.02040816326530612,14.0,0.27059374999999997,crdf,Current-radius feedback,radius_oscillation_frequency,2000,50
shared evaluation seed,0.03375,0.0,0.012345679012345678,18.0,0.015,crdf,Current-radius feedback,final_fragmentation,2000,50
shared evaluation seed,0.12314707711442786,0.07529850746268657,0.012345679012345678,18.0,0.09886815920398011,crdf,Current-radius feedback,mean_fragmentation,2000,50
shared evaluation seed,0.8525,0.7475,0.012345679012345678,18.0,0.8025,crdf,Current-radius feedback,final_largest_scc_fraction,2000,50
shared evaluation seed,0.7705859763681592,0.6863726679104478,0.012345679012345678,18.0,0.7296144278606965,crdf,Current-radius feedback,mean_largest_scc_fraction,2000,50
shared evaluation seed,2.431614116915423,2.2877871579601985,0.012345679012345678,18.0,2.359931592039801,crdf,Current-radius feedback,mean_degree,2000,50
shared evaluation seed,6.950626563600241,6.809139601167056,0.012345679012345678,18.0,6.878974552197175,crdf,Current-radius feedback,mean_radius,2000,50
shared evaluation seed,153.0061794885334,147.4937180963389,0.012345679012345678,18.0,150.3919428195367,crdf,Current-radius feedback,mean_interaction_area,2000,50
shared evaluation seed,0.00265,0.00198125,0.012345679012345678,18.0,0.0022937499999999998,crdf,Current-radius feedback,neighbor_loss_rate,2000,50
shared evaluation seed,0.9145706380687212,0.8537317302231174,0.012345679012345678,18.0,0.8863061293827716,crdf,Current-radius feedback,polar_order,2000,50
shared evaluation seed,0.019936453042237103,0.015125557589193,0.012345679012345678,18.0,0.01741884478226011,crdf,Current-radius feedback,velocity_dispersion,2000,50
shared evaluation seed,0.021372795279298563,0.015982918068137876,0.012345679012345678,18.0,0.018556405632029,crdf,Current-radius feedback,control_energy,2000,50
shared evaluation seed,0.028670694100354718,0.024981526006214828,0.012345679012345678,18.0,0.02680254532810037,crdf,Current-radius feedback,radius_temporal_variation,2000,50
shared evaluation seed,0.3658240945991019,0.3071276055230955,0.012345679012345678,18.0,0.33669172791288626,crdf,Current-radius feedback,radius_command_temporal_variation,2000,50
shared evaluation seed,0.0,0.0,0.012345679012345678,18.0,0.0,crdf,Current-radius feedback,radius_min_saturation_fraction,2000,50
shared evaluation seed,0.14523041044776117,0.10762220149253732,0.012345679012345678,18.0,0.1260323383084577,crdf,Current-radius feedback,radius_max_saturation_fraction,2000,50
shared evaluation seed,4.024019745024876,3.8972234141791042,0.012345679012345678,18.0,3.9599067164179105,crdf,Current-radius feedback,mean_degree_error,2000,50
shared evaluation seed,16.72726119402985,15.770184856965173,0.012345679012345678,18.0,16.26127487562189,crdf,Current-radius feedback,mean_degree_error_sq,2000,50
shared evaluation seed,0.28073515625,0.23522500000000002,0.012345679012345678,18.0,0.25718125000000003,crdf,Current-radius feedback,radius_oscillation_frequency,2000,50
shared evaluation seed,0.12625,0.04375,0.007561436672967864,23.0,0.0825,crdf,Current-radius feedback,final_fragmentation,2000,50
shared evaluation seed,0.29993330223880593,0.22315749378109453,0.007561436672967864,23.0,0.2598756218905473,crdf,Current-radius feedback,mean_fragmentation,2000,50
shared evaluation seed,0.77375,0.66875,0.007561436672967864,23.0,0.72125,crdf,Current-radius feedback,final_largest_scc_fraction,2000,50
shared evaluation seed,0.6175045087064677,0.5293829291044776,0.007561436672967864,23.0,0.5739925373134329,crdf,Current-radius feedback,mean_largest_scc_fraction,2000,50
shared evaluation seed,2.0115248756218906,1.904263526119403,0.007561436672967864,23.0,1.9581592039800995,crdf,Current-radius feedback,mean_degree,2000,50
shared evaluation seed,7.306245822491698,7.206366783196909,0.007561436672967864,23.0,7.257082251232613,crdf,Current-radius feedback,mean_radius,2000,50
shared evaluation seed,168.85442679419018,164.43423045388923,0.007561436672967864,23.0,166.6852360011426,crdf,Current-radius feedback,mean_interaction_area,2000,50
shared evaluation seed,0.00181875,0.001325,0.007561436672967864,23.0,0.001575,crdf,Current-radius feedback,neighbor_loss_rate,2000,50
shared evaluation seed,0.8007659007991232,0.7049680483220707,0.007561436672967864,23.0,0.754053269794062,crdf,Current-radius feedback,polar_order,2000,50
shared evaluation seed,0.054693773386424144,0.0428076031210898,0.007561436672967864,23.0,0.0487724708621272,crdf,Current-radius feedback,velocity_dispersion,2000,50
shared evaluation seed,0.08132716733167081,0.053429476814996234,0.007561436672967864,23.0,0.06674938006350165,crdf,Current-radius feedback,control_energy,2000,50
shared evaluation seed,0.025011653518921307,0.022311296413352204,0.007561436672967864,23.0,0.023675359580966514,crdf,Current-radius feedback,radius_temporal_variation,2000,50
shared evaluation seed,0.3244066303397028,0.27579826035847105,0.007561436672967864,23.0,0.30037598335706484,crdf,Current-radius feedback,radius_command_temporal_variation,2000,50
shared evaluation seed,0.0,0.0,0.007561436672967864,23.0,0.0,crdf,Current-radius feedback,radius_min_saturation_fraction,2000,50
shared evaluation seed,0.2482967972636816,0.19867179726368162,0.007561436672967864,23.0,0.2234577114427861,crdf,Current-radius feedback,radius_max_saturation_fraction,2000,50
shared evaluation seed,4.367581467661691,4.272508084577114,0.007561436672967864,23.0,4.320578358208955,crdf,Current-radius feedback,mean_degree_error,2000,50
shared evaluation seed,19.561954291044778,18.776157960199004,0.007561436672967864,23.0,19.154247512437813,crdf,Current-radius feedback,mean_degree_error_sq,2000,50
shared evaluation seed,0.26708968749999995,0.22805593749999997,0.007561436672967864,23.0,0.2476,crdf,Current-radius feedback,radius_oscillation_frequency,2000,50
shared evaluation seed,0.36,0.25125,0.0044444444444444444,30.0,0.305,crdf,Current-radius feedback,final_fragmentation,2000,50
shared evaluation seed,0.49378171641791047,0.4298381529850746,0.0044444444444444444,30.0,0.4627674129353234,crdf,Current-radius feedback,mean_fragmentation,2000,50
shared evaluation seed,0.62625,0.53375,0.0044444444444444444,30.0,0.58,crdf,Current-radius feedback,final_largest_scc_fraction,2000,50
shared evaluation seed,0.4919188432835821,0.43335027985074626,0.0044444444444444444,30.0,0.46282960199004974,crdf,Current-radius feedback,mean_largest_scc_fraction,2000,50
shared evaluation seed,1.6375934390547264,1.5532005597014926,0.0044444444444444444,30.0,1.5930348258706468,crdf,Current-radius feedback,mean_degree,2000,50
shared evaluation seed,7.56518378452146,7.4886904680135125,0.0044444444444444444,30.0,7.527460637676423,crdf,Current-radius feedback,mean_radius,2000,50
shared evaluation seed,180.5175132745751,177.14793554773337,0.0044444444444444444,30.0,178.85624303377344,crdf,Current-radius feedback,mean_interaction_area,2000,50
shared evaluation seed,0.001075,0.00070625,0.0044444444444444444,30.0,0.00088125,crdf,Current-radius feedback,neighbor_loss_rate,2000,50
shared evaluation seed,0.6638594663069352,0.5650460511348653,0.0044444444444444444,30.0,0.6147911555925648,crdf,Current-radius feedback,polar_order,2000,50
shared evaluation seed,0.14365325489664985,0.10763161595601835,0.0044444444444444444,30.0,0.12246392330861744,crdf,Current-radius feedback,velocity_dispersion,2000,50
shared evaluation seed,0.2091299467722106,0.1471348562977433,0.0044444444444444444,30.0,0.17709788964615417,crdf,Current-radius feedback,control_energy,2000,50
shared evaluation seed,0.020408038817270494,0.017912841355467328,0.0044444444444444444,30.0,0.019097438852346035,crdf,Current-radius feedback,radius_temporal_variation,2000,50
shared evaluation seed,0.2730127599606682,0.2320841912399413,0.0044444444444444444,30.0,0.25185498117734645,crdf,Current-radius feedback,radius_command_temporal_variation,2000,50
shared evaluation seed,0.0,0.0,0.0044444444444444444,30.0,0.0,crdf,Current-radius feedback,radius_min_saturation_fraction,2000,50
shared evaluation seed,0.4366194029850747,0.3907868470149254,0.0044444444444444444,30.0,0.41419776119402985,crdf,Current-radius feedback,radius_max_saturation_fraction,2000,50
shared evaluation seed,4.667204135572139,4.584414645522388,0.0044444444444444444,30.0,4.628103233830846,crdf,Current-radius feedback,mean_degree_error,2000,50
shared evaluation seed,22.23659048507463,21.554683613184082,0.0044444444444444444,30.0,21.896896766169153,crdf,Current-radius feedback,mean_degree_error_sq,2000,50
shared evaluation seed,0.23373203124999997,0.19502656250000003,0.0044444444444444444,30.0,0.21445625,crdf,Current-radius feedback,radius_oscillation_frequency,2000,50
shared evaluation seed,0.0,0.0,0.08163265306122448,7.0,0.0,crmf,Current-radius multiplicative,final_fragmentation,2000,50
shared evaluation seed,0.0,0.0,0.08163265306122448,7.0,0.0,crmf,Current-radius multiplicative,mean_fragmentation,2000,50
shared evaluation seed,1.0,1.0,0.08163265306122448,7.0,1.0,crmf,Current-radius multiplicative,final_largest_scc_fraction,2000,50
shared evaluation seed,1.0,1.0,0.08163265306122448,7.0,1.0,crmf,Current-radius multiplicative,mean_largest_scc_fraction,2000,50
shared evaluation seed,6.855349813432835,6.73468796641791,0.08163265306122448,7.0,6.795715174129353,crmf,Current-radius multiplicative,mean_degree,2000,50
shared evaluation seed,5.0672882589235435,4.923425938433253,0.08163265306122448,7.0,4.994344372326929,crmf,Current-radius multiplicative,mean_radius,2000,50
shared evaluation seed,82.41050179306913,78.05572603032356,0.08163265306122448,7.0,80.13678394550595,crmf,Current-radius multiplicative,mean_interaction_area,2000,50
shared evaluation seed,0.00435625,0.0034999999999999996,0.08163265306122448,7.0,0.00393125,crmf,Current-radius multiplicative,neighbor_loss_rate,2000,50
shared evaluation seed,0.9913973047732899,0.9889783319042282,0.08163265306122448,7.0,0.990253645234527,crmf,Current-radius multiplicative,polar_order,2000,50
shared evaluation seed,0.004082408059894233,0.0036067272918898293,0.08163265306122448,7.0,0.0038397315074546485,crmf,Current-radius multiplicative,velocity_dispersion,2000,50
shared evaluation seed,0.008959502970211617,0.008232187811281431,0.08163265306122448,7.0,0.008595237419879873,crmf,Current-radius multiplicative,control_energy,2000,50
shared evaluation seed,0.002983814261131652,0.0023431955338303664,0.08163265306122448,7.0,0.002656933845329382,crmf,Current-radius multiplicative,radius_temporal_variation,2000,50
shared evaluation seed,0.02149273701940282,0.012051976679549622,0.08163265306122448,7.0,0.016286535214498542,crmf,Current-radius multiplicative,radius_command_temporal_variation,2000,50
shared evaluation seed,0.0,0.0,0.08163265306122448,7.0,0.0,crmf,Current-radius multiplicative,radius_min_saturation_fraction,2000,50
shared evaluation seed,0.007213930348258707,0.0009203980099502487,0.08163265306122448,7.0,0.00345771144278607,crmf,Current-radius multiplicative,radius_max_saturation_fraction,2000,50
shared evaluation seed,0.09011986940298507,0.07322014925373134,0.08163265306122448,7.0,0.08108208955223879,crmf,Current-radius multiplicative,mean_degree_error,2000,50
shared evaluation seed,0.1877316542288557,0.15267350746268657,0.08163265306122448,7.0,0.1700497512437811,crmf,Current-radius multiplicative,mean_degree_error_sq,2000,50
shared evaluation seed,0.013737812499999997,0.0038996875000000004,0.08163265306122448,7.0,0.0084625,crmf,Current-radius multiplicative,radius_oscillation_frequency,2000,50
shared evaluation seed,0.0,0.0,0.04938271604938271,9.0,0.0,crmf,Current-radius multiplicative,final_fragmentation,2000,50
shared evaluation seed,0.0,0.0,0.04938271604938271,9.0,0.0,crmf,Current-radius multiplicative,mean_fragmentation,2000,50
shared evaluation seed,1.0,1.0,0.04938271604938271,9.0,1.0,crmf,Current-radius multiplicative,final_largest_scc_fraction,2000,50
shared evaluation seed,1.0,1.0,0.04938271604938271,9.0,1.0,crmf,Current-radius multiplicative,mean_largest_scc_fraction,2000,50
shared evaluation seed,6.7194612873134325,6.561717661691542,0.04938271604938271,9.0,6.63693407960199,crmf,Current-radius multiplicative,mean_degree,2000,50
shared evaluation seed,6.484728588520526,6.289915993190524,0.04938271604938271,9.0,6.386257551744452,crmf,Current-radius multiplicative,mean_radius,2000,50
shared evaluation seed,134.5869894065636,127.38287736073686,0.04938271604938271,9.0,130.9904090354022,crmf,Current-radius multiplicative,mean_interaction_area,2000,50
shared evaluation seed,0.0039751562499999995,0.00321859375,0.04938271604938271,9.0,0.00360625,crmf,Current-radius multiplicative,neighbor_loss_rate,2000,50
shared evaluation seed,0.9908638088486164,0.9872150285616453,0.04938271604938271,9.0,0.989269915323589,crmf,Current-radius multiplicative,polar_order,2000,50
shared evaluation seed,0.004188628799396412,0.0036877241092921303,0.04938271604938271,9.0,0.003928790898216893,crmf,Current-radius multiplicative,velocity_dispersion,2000,50
shared evaluation seed,0.008991377666096458,0.008280748742736177,0.04938271604938271,9.0,0.008626501429871142,crmf,Current-radius multiplicative,control_energy,2000,50
shared evaluation seed,0.0038355119709468466,0.0032381749629351335,0.04938271604938271,9.0,0.0035244660608480904,crmf,Current-radius multiplicative,radius_temporal_variation,2000,50
shared evaluation seed,0.01733092372969633,0.011728861156636903,0.04938271604938271,9.0,0.014008016121039898,crmf,Current-radius multiplicative,radius_command_temporal_variation,2000,50
shared evaluation seed,0.0,0.0,0.04938271604938271,9.0,0.0,crmf,Current-radius multiplicative,radius_min_saturation_fraction,2000,50
shared evaluation seed,0.0352510883084577,0.016280939054726367,0.04938271604938271,9.0,0.025130597014925374,crmf,Current-radius multiplicative,radius_max_saturation_fraction,2000,50
shared evaluation seed,0.12982587064676618,0.10588261815920398,0.04938271604938271,9.0,0.11699004975124377,crmf,Current-radius multiplicative,mean_degree_error,2000,50
shared evaluation seed,0.27408830845771137,0.22861691542288556,0.04938271604938271,9.0,0.25074626865671645,crmf,Current-radius multiplicative,mean_degree_error_sq,2000,50
shared evaluation seed,0.005662812499999999,0.00136875,0.04938271604938271,9.0,0.0030562500000000004,crmf,Current-radius multiplicative,radius_oscillation_frequency,2000,50
shared evaluation seed,0.0,0.0,0.03305785123966942,11.0,0.0,crmf,Current-radius multiplicative,final_fragmentation,2000,50
shared evaluation seed,0.0,0.0,0.03305785123966942,11.0,0.0,crmf,Current-radius multiplicative,mean_fragmentation,2000,50
shared evaluation seed,1.0,0.98875,0.03305785123966942,11.0,0.99625,crmf,Current-radius multiplicative,final_largest_scc_fraction,2000,50
shared evaluation seed,1.0,0.988613184079602,0.03305785123966942,11.0,0.9961007462686566,crmf,Current-radius multiplicative,mean_largest_scc_fraction,2000,50
shared evaluation seed,5.8056685323383075,5.592701492537314,0.03305785123966942,11.0,5.702139303482587,crmf,Current-radius multiplicative,mean_degree,2000,50
shared evaluation seed,7.472356015726017,7.279060066930433,0.03305785123966942,11.0,7.382534613824955,crmf,Current-radius multiplicative,mean_radius,2000,50
shared evaluation seed,177.29671699615045,169.04210670808627,0.03305785123966942,11.0,173.25277578399738,crmf,Current-radius multiplicative,mean_interaction_area,2000,50
shared evaluation seed,0.0019312499999999998,0.001475,0.03305785123966942,11.0,0.00169375,crmf,Current-radius multiplicative,neighbor_loss_rate,2000,50
shared evaluation seed,0.9890316383309736,0.9844510871147153,0.03305785123966942,11.0,0.9869673410455019,crmf,Current-radius multiplicative,polar_order,2000,50
shared evaluation seed,0.004447921271192236,0.0039000939003992164,0.03305785123966942,11.0,0.0041683430735259775,crmf,Current-radius multiplicative,velocity_dispersion,2000,50
shared evaluation seed,0.009043144159805899,0.008424433578269773,0.03305785123966942,11.0,0.008732639731306766,crmf,Current-radius multiplicative,control_energy,2000,50
shared evaluation seed,0.0028465928634302524,0.002250594607602604,0.03305785123966942,11.0,0.00253401748287039,crmf,Current-radius multiplicative,radius_temporal_variation,2000,50
shared evaluation seed,0.00892326907763193,0.0067286346236383205,0.03305785123966942,11.0,0.007739938176062285,crmf,Current-radius multiplicative,radius_command_temporal_variation,2000,50
shared evaluation seed,0.0,0.0,0.03305785123966942,11.0,0.0,crmf,Current-radius multiplicative,radius_min_saturation_fraction,2000,50
shared evaluation seed,0.3741302860696518,0.3008076803482587,0.03305785123966942,11.0,0.33665422885572144,crmf,Current-radius multiplicative,radius_max_saturation_fraction,2000,50
shared evaluation seed,0.7602074004975125,0.6060225435323383,0.03305785123966942,11.0,0.6793718905472638,crmf,Current-radius multiplicative,mean_degree_error,2000,50
shared evaluation seed,1.764153606965174,1.3216663557213928,0.03305785123966942,11.0,1.5349937810945276,crmf,Current-radius multiplicative,mean_degree_error_sq,2000,50
shared evaluation seed,0.0019564062499999994,0.00065,0.03305785123966942,11.0,0.001225,crmf,Current-radius multiplicative,radius_oscillation_frequency,2000,50
shared evaluation seed,0.0,0.0,0.02040816326530612,14.0,0.0,crmf,Current-radius multiplicative,final_fragmentation,2000,50
shared evaluation seed,0.0032649253731343282,0.0007089552238805969,0.02040816326530612,14.0,0.0018097014925373134,crmf,Current-radius multiplicative,mean_fragmentation,2000,50
shared evaluation seed,1.0,0.98375,0.02040816326530612,14.0,0.99375,crmf,Current-radius multiplicative,final_largest_scc_fraction,2000,50
shared evaluation seed,0.997618314676617,0.9824127798507462,0.02040816326530612,14.0,0.9913992537313433,crmf,Current-radius multiplicative,mean_largest_scc_fraction,2000,50
shared evaluation seed,4.2697170398009945,4.009638837064677,0.02040816326530612,14.0,4.141828358208955,crmf,Current-radius multiplicative,mean_degree,2000,50
shared evaluation seed,7.925841096579291,7.838286590697903,0.02040816326530612,14.0,7.883105253426371,crmf,Current-radius multiplicative,mean_radius,2000,50
shared evaluation seed,197.52845178744403,193.5680989170192,0.02040816326530612,14.0,195.64685585015388,crmf,Current-radius multiplicative,mean_interaction_area,2000,50
shared evaluation seed,0.0011250000000000001,0.00081875,0.02040816326530612,14.0,0.00096875,crmf,Current-radius multiplicative,neighbor_loss_rate,2000,50
shared evaluation seed,0.9794670725729252,0.9678027309697294,0.02040816326530612,14.0,0.9742547954556322,crmf,Current-radius multiplicative,polar_order,2000,50
shared evaluation seed,0.006483283025349183,0.005221922032369066,0.02040816326530612,14.0,0.005830778591661974,crmf,Current-radius multiplicative,velocity_dispersion,2000,50
shared evaluation seed,0.010278996743282752,0.009382105484873185,0.02040816326530612,14.0,0.009808706837087507,crmf,Current-radius multiplicative,control_energy,2000,50
shared evaluation seed,0.001624454767583527,0.0011805404607913017,0.02040816326530612,14.0,0.0013993678382276198,crmf,Current-radius multiplicative,radius_temporal_variation,2000,50
shared evaluation seed,0.0033035638656475482,0.002237602227691309,0.02040816326530612,14.0,0.0027754108141126443,crmf,Current-radius multiplicative,radius_command_temporal_variation,2000,50
shared evaluation seed,0.0,0.0,0.02040816326530612,14.0,0.0,crmf,Current-radius multiplicative,radius_min_saturation_fraction,2000,50
shared evaluation seed,0.7608523009950249,0.6747448694029851,0.02040816326530612,14.0,0.717431592039801,crmf,Current-radius multiplicative,radius_max_saturation_fraction,2000,50
shared evaluation seed,2.123048818407961,1.8741349502487563,0.02040816326530612,14.0,1.9957400497512439,crmf,Current-radius multiplicative,mean_degree_error,2000,50
shared evaluation seed,6.508802549751244,5.584854011194031,0.02040816326530612,14.0,6.046896766169154,crmf,Current-radius multiplicative,mean_degree_error_sq,2000,50
shared evaluation seed,0.00034375000000000003,9.984375000000001e-05,0.02040816326530612,14.0,0.00021250000000000002,crmf,Current-radius multiplicative,radius_oscillation_frequency,2000,50
shared evaluation seed,0.035,0.0,0.012345679012345678,18.0,0.0125,crmf,Current-radius multiplicative,final_fragmentation,2000,50
shared evaluation seed,0.1116946517412935,0.05930519278606965,0.012345679012345678,18.0,0.0848320895522388,crmf,Current-radius multiplicative,mean_fragmentation,2000,50
shared evaluation seed,1.0,0.965,0.012345679012345678,18.0,0.9875,crmf,Current-radius multiplicative,final_largest_scc_fraction,2000,50
shared evaluation seed,0.9391044776119404,0.8862224813432835,0.012345679012345678,18.0,0.9144589552238805,crmf,Current-radius multiplicative,mean_largest_scc_fraction,2000,50
shared evaluation seed,3.0614558457711443,2.8287032027363184,0.012345679012345678,18.0,2.9465858208955225,crmf,Current-radius multiplicative,mean_degree,2000,50
shared evaluation seed,7.991927147038718,7.9804515397897875,0.012345679012345678,18.0,7.986765552054177,crmf,Current-radius multiplicative,mean_radius,2000,50
shared evaluation seed,200.68259368741343,200.1516138921649,0.012345679012345678,18.0,200.42755245560667,crmf,Current-radius multiplicative,mean_interaction_area,2000,50
shared evaluation seed,0.00093125,0.0005812500000000001,0.012345679012345678,18.0,0.00075,crmf,Current-radius multiplicative,neighbor_loss_rate,2000,50
shared evaluation seed,0.9281892056075738,0.8707048541543888,0.012345679012345678,18.0,0.9028966158047144,crmf,Current-radius multiplicative,polar_order,2000,50
shared evaluation seed,0.01639602425333985,0.01265145826936211,0.012345679012345678,18.0,0.01445761118036418,crmf,Current-radius multiplicative,velocity_dispersion,2000,50
shared evaluation seed,0.020564690383289855,0.014896746647993583,0.012345679012345678,18.0,0.01757670794426906,crmf,Current-radius multiplicative,control_energy,2000,50
shared evaluation seed,0.0008015783785804778,0.0004680760131377947,0.012345679012345678,18.0,0.0006324881295842367,crmf,Current-radius multiplicative,radius_temporal_variation,2000,50
shared evaluation seed,0.0010336933605868113,0.0005487769451266808,0.012345679012345678,18.0,0.0007728255569380183,crmf,Current-radius multiplicative,radius_command_temporal_variation,2000,50
shared evaluation seed,0.0,0.0,0.012345679012345678,18.0,0.0,crmf,Current-radius multiplicative,radius_min_saturation_fraction,2000,50
shared evaluation seed,0.9107370957711443,0.8569706156716418,0.012345679012345678,18.0,0.8832338308457711,crmf,Current-radius multiplicative,radius_max_saturation_fraction,2000,50
shared evaluation seed,3.22141651119403,2.992896766169154,0.012345679012345678,18.0,3.1068532338308454,crmf,Current-radius multiplicative,mean_degree_error,2000,50
shared evaluation seed,12.003839085820896,10.792382618159202,0.012345679012345678,18.0,11.40523631840796,crmf,Current-radius multiplicative,mean_degree_error_sq,2000,50
shared evaluation seed,0.0,0.0,0.012345679012345678,18.0,0.0,crmf,Current-radius multiplicative,radius_oscillation_frequency,2000,50
shared evaluation seed,0.10503124999999983,0.03,0.007561436672967864,23.0,0.065,crmf,Current-radius multiplicative,final_fragmentation,2000,50
shared evaluation seed,0.28148585199004966,0.19847481343283582,0.007561436672967864,23.0,0.23851990049751243,crmf,Current-radius multiplicative,mean_fragmentation,2000,50
shared evaluation seed,0.97,0.8925,0.007561436672967864,23.0,0.935,crmf,Current-radius multiplicative,final_largest_scc_fraction,2000,50
shared evaluation seed,0.801113961442786,0.7203215174129353,0.007561436672967864,23.0,0.761026119402985,crmf,Current-radius multiplicative,mean_largest_scc_fraction,2000,50
shared evaluation seed,2.4095494402985076,2.227104788557214,0.007561436672967864,23.0,2.314782338308458,crmf,Current-radius multiplicative,mean_degree,2000,50
shared evaluation seed,7.998800227497338,7.9962951378336395,0.007561436672967864,23.0,7.997734785761822,crmf,Current-radius multiplicative,mean_radius,2000,50
shared evaluation seed,201.00378116892597,200.88894659403203,0.007561436672967864,23.0,200.95199838610708,crmf,Current-radius multiplicative,mean_interaction_area,2000,50
shared evaluation seed,0.0006187499999999999,0.00033125,0.007561436672967864,23.0,0.00046875,crmf,Current-radius multiplicative,neighbor_loss_rate,2000,50
shared evaluation seed,0.8203130300385919,0.7284682272422282,0.007561436672967864,23.0,0.7765810497394037,crmf,Current-radius multiplicative,polar_order,2000,50
shared evaluation seed,0.04907557319451796,0.03788595746676296,0.007561436672967864,23.0,0.043230851629323545,crmf,Current-radius multiplicative,velocity_dispersion,2000,50
shared evaluation seed,0.0740027656105097,0.04652209440136818,0.007561436672967864,23.0,0.05930522548210287,crmf,Current-radius multiplicative,control_energy,2000,50
shared evaluation seed,0.0002971130862892582,0.00010702058723890299,0.007561436672967864,23.0,0.00019537902471518167,crmf,Current-radius multiplicative,radius_temporal_variation,2000,50
shared evaluation seed,0.0003297936379425834,0.00011614080594893102,0.007561436672967864,23.0,0.00021116445928675786,crmf,Current-radius multiplicative,radius_command_temporal_variation,2000,50
shared evaluation seed,0.0,0.0,0.007561436672967864,23.0,0.0,crmf,Current-radius multiplicative,radius_min_saturation_fraction,2000,50
shared evaluation seed,0.979110696517413,0.946610696517413,0.007561436672967864,23.0,0.964110696517413,crmf,Current-radius multiplicative,radius_max_saturation_fraction,2000,50
shared evaluation seed,3.8267386504975125,3.634376399253731,0.007561436672967864,23.0,3.7323320895522385,crmf,Current-radius multiplicative,mean_degree_error,2000,50
shared evaluation seed,15.86269434079602,14.621547263681594,0.007561436672967864,23.0,15.252692786069652,crmf,Current-radius multiplicative,mean_degree_error_sq,2000,50
shared evaluation seed,0.0,0.0,0.007561436672967864,23.0,0.0,crmf,Current-radius multiplicative,radius_oscillation_frequency,2000,50
shared evaluation seed,0.3025,0.19746875000000003,0.0044444444444444444,30.0,0.24875,crmf,Current-radius multiplicative,final_fragmentation,2000,50
shared evaluation seed,0.4825623445273632,0.4150741604477612,0.0044444444444444444,30.0,0.4479228855721393,crmf,Current-radius multiplicative,mean_fragmentation,2000,50
shared evaluation seed,0.8050312499999999,0.69375,0.0044444444444444444,30.0,0.75125,crmf,Current-radius multiplicative,final_largest_scc_fraction,2000,50
shared evaluation seed,0.5874135572139304,0.517524564676617,0.0044444444444444444,30.0,0.5520646766169154,crmf,Current-radius multiplicative,mean_largest_scc_fraction,2000,50
shared evaluation seed,1.8076871890547264,1.696258240049751,0.0044444444444444444,30.0,1.7536567164179104,crmf,Current-radius multiplicative,mean_degree,2000,50
shared evaluation seed,7.999800037916223,7.998600265413562,0.0044444444444444444,30.0,7.999266805692819,crmf,Current-radius multiplicative,mean_radius,2000,50
shared evaluation seed,201.05223300866012,200.99728435583583,0.0044444444444444444,30.0,201.02637481909576,crmf,Current-radius multiplicative,mean_interaction_area,2000,50
shared evaluation seed,0.00034375000000000003,0.00014375,0.0044444444444444444,30.0,0.00024375000000000002,crmf,Current-radius multiplicative,neighbor_loss_rate,2000,50
shared evaluation seed,0.658018446045686,0.564315670153433,0.0044444444444444444,30.0,0.6124715071506174,crmf,Current-radius multiplicative,polar_order,2000,50
shared evaluation seed,0.1271709167992162,0.10375949538520379,0.0044444444444444444,30.0,0.11488919015741526,crmf,Current-radius multiplicative,velocity_dispersion,2000,50
shared evaluation seed,0.19192216223234493,0.13543773817392,0.0044444444444444444,30.0,0.16168114777181194,crmf,Current-radius multiplicative,control_energy,2000,50
shared evaluation seed,0.0001406733259270933,2.0096189418156184e-05,0.0044444444444444444,30.0,7.368602786657267e-05,crmf,Current-radius multiplicative,radius_temporal_variation,2000,50
shared evaluation seed,0.00014067332602633946,2.0096189432334214e-05,0.0044444444444444444,30.0,7.368602791855877e-05,crmf,Current-radius multiplicative,radius_command_temporal_variation,2000,50
shared evaluation seed,0.0,0.0,0.0044444444444444444,30.0,0.0,crmf,Current-radius multiplicative,radius_min_saturation_fraction,2000,50
shared evaluation seed,0.99625,0.97375,0.0044444444444444444,30.0,0.98625,crmf,Current-radius multiplicative,radius_max_saturation_fraction,2000,50
shared evaluation seed,4.325173973880597,4.215880752487562,0.0044444444444444444,30.0,4.270945273631841,crmf,Current-radius multiplicative,mean_degree_error,2000,50
shared evaluation seed,19.608617226368157,18.788351834577117,0.0044444444444444444,30.0,19.20799751243781,crmf,Current-radius multiplicative,mean_degree_error_sq,2000,50
shared evaluation seed,0.0,0.0,0.0044444444444444444,30.0,0.0,crmf,Current-radius multiplicative,radius_oscillation_frequency,2000,50
shared evaluation seed,0.0,0.0,0.08163265306122448,7.0,0.0,fixed_r4,Fixed r=4,final_fragmentation,2000,50
shared evaluation seed,0.001828513681592039,0.0006032338308457711,0.08163265306122448,7.0,0.001150497512437811,fixed_r4,Fixed r=4,mean_fragmentation,2000,50
shared evaluation seed,1.0,1.0,0.08163265306122448,7.0,1.0,fixed_r4,Fixed r=4,final_largest_scc_fraction,2000,50
shared evaluation seed,0.9994092039800995,0.9981529850746269,0.08163265306122448,7.0,0.9988495024875621,fixed_r4,Fixed r=4,mean_largest_scc_fraction,2000,50
shared evaluation seed,4.520852300995025,4.189446206467662,0.08163265306122448,7.0,4.356268656716418,fixed_r4,Fixed r=4,mean_degree,2000,50
shared evaluation seed,4.0,4.0,0.08163265306122448,7.0,4.0,fixed_r4,Fixed r=4,mean_radius,2000,50
shared evaluation seed,50.26548245743669,50.26548245743669,0.08163265306122448,7.0,50.26548245743669,fixed_r4,Fixed r=4,mean_interaction_area,2000,50
shared evaluation seed,0.00295,0.0023,0.08163265306122448,7.0,0.002625,fixed_r4,Fixed r=4,neighbor_loss_rate,2000,50
shared evaluation seed,0.9834901239313619,0.9747424145070931,0.08163265306122448,7.0,0.9794140835906237,fixed_r4,Fixed r=4,polar_order,2000,50
shared evaluation seed,0.005548834407984981,0.004748359665160127,0.08163265306122448,7.0,0.005152015583791088,fixed_r4,Fixed r=4,velocity_dispersion,2000,50
shared evaluation seed,0.010152455378194774,0.009287724053960425,0.08163265306122448,7.0,0.009719549683494805,fixed_r4,Fixed r=4,control_energy,2000,50
shared evaluation seed,0.0,0.0,0.08163265306122448,7.0,0.0,fixed_r4,Fixed r=4,radius_temporal_variation,2000,50
shared evaluation seed,0.0,0.0,0.08163265306122448,7.0,0.0,fixed_r4,Fixed r=4,radius_command_temporal_variation,2000,50
shared evaluation seed,0.0,0.0,0.08163265306122448,7.0,0.0,fixed_r4,Fixed r=4,radius_min_saturation_fraction,2000,50
shared evaluation seed,1.0,1.0,0.08163265306122448,7.0,1.0,fixed_r4,Fixed r=4,radius_max_saturation_fraction,2000,50
shared evaluation seed,2.08407960199005,1.8848460820895523,0.08163265306122448,7.0,1.9841915422885572,fixed_r4,Fixed r=4,mean_degree_error,2000,50
shared evaluation seed,6.035366604477611,5.2172969527363176,0.08163265306122448,7.0,5.611343283582089,fixed_r4,Fixed r=4,mean_degree_error_sq,2000,50
shared evaluation seed,0.0,0.0,0.08163265306122448,7.0,0.0,fixed_r4,Fixed r=4,radius_oscillation_frequency,2000,50
shared evaluation seed,0.0,0.0,0.04938271604938271,9.0,0.0,fixed_r4,Fixed r=4,final_fragmentation,2000,50
shared evaluation seed,0.0709648631840796,0.0396142723880597,0.04938271604938271,9.0,0.053998756218905465,fixed_r4,Fixed r=4,mean_fragmentation,2000,50
shared evaluation seed,1.0,1.0,0.04938271604938271,9.0,1.0,fixed_r4,Fixed r=4,final_largest_scc_fraction,2000,50
shared evaluation seed,0.9618535447761194,0.9284822761194029,0.04938271604938271,9.0,0.9460012437810945,fixed_r4,Fixed r=4,mean_largest_scc_fraction,2000,50
shared evaluation seed,3.4115556592039797,3.1369900497512435,0.04938271604938271,9.0,3.271044776119403,fixed_r4,Fixed r=4,mean_degree,2000,50
shared evaluation seed,4.0,4.0,0.04938271604938271,9.0,4.0,fixed_r4,Fixed r=4,mean_radius,2000,50
shared evaluation seed,50.26548245743669,50.26548245743669,0.04938271604938271,9.0,50.26548245743669,fixed_r4,Fixed r=4,mean_interaction_area,2000,50
shared evaluation seed,0.002525,0.00173125,0.04938271604938271,9.0,0.0021125,fixed_r4,Fixed r=4,neighbor_loss_rate,2000,50
shared evaluation seed,0.9528166950172494,0.9144600541444806,0.04938271604938271,9.0,0.9352557605457749,fixed_r4,Fixed r=4,polar_order,2000,50
shared evaluation seed,0.011960124577861733,0.009869877997411885,0.04938271604938271,9.0,0.010921292547763592,fixed_r4,Fixed r=4,velocity_dispersion,2000,50
shared evaluation seed,0.018635168525798742,0.013686611404092967,0.04938271604938271,9.0,0.015934902239911716,fixed_r4,Fixed r=4,control_energy,2000,50
shared evaluation seed,0.0,0.0,0.04938271604938271,9.0,0.0,fixed_r4,Fixed r=4,radius_temporal_variation,2000,50
shared evaluation seed,0.0,0.0,0.04938271604938271,9.0,0.0,fixed_r4,Fixed r=4,radius_command_temporal_variation,2000,50
shared evaluation seed,0.0,0.0,0.04938271604938271,9.0,0.0,fixed_r4,Fixed r=4,radius_min_saturation_fraction,2000,50
shared evaluation seed,1.0,1.0,0.04938271604938271,9.0,1.0,fixed_r4,Fixed r=4,radius_max_saturation_fraction,2000,50
shared evaluation seed,2.9009107587064675,2.6569856965174123,0.04938271604938271,9.0,2.779850746268657,fixed_r4,Fixed r=4,mean_degree_error,2000,50
shared evaluation seed,10.153647699004974,8.99944527363184,0.04938271604938271,9.0,9.556194029850747,fixed_r4,Fixed r=4,mean_degree_error_sq,2000,50
shared evaluation seed,0.0,0.0,0.04938271604938271,9.0,0.0,fixed_r4,Fixed r=4,radius_oscillation_frequency,2000,50
shared evaluation seed,0.0675,0.0075,0.03305785123966942,11.0,0.03375,fixed_r4,Fixed r=4,final_fragmentation,2000,50
shared evaluation seed,0.1840286069651741,0.12643967661691544,0.03305785123966942,11.0,0.15412935323383084,fixed_r4,Fixed r=4,mean_fragmentation,2000,50
shared evaluation seed,0.9925,0.9325,0.03305785123966942,11.0,0.96625,fixed_r4,Fixed r=4,final_largest_scc_fraction,2000,50
shared evaluation seed,0.8737885572139303,0.8167150186567165,0.03305785123966942,11.0,0.8458706467661692,fixed_r4,Fixed r=4,mean_largest_scc_fraction,2000,50
shared evaluation seed,2.8668003731343283,2.6333998756218904,0.03305785123966942,11.0,2.7468905472636815,fixed_r4,Fixed r=4,mean_degree,2000,50
shared evaluation seed,4.0,4.0,0.03305785123966942,11.0,4.0,fixed_r4,Fixed r=4,mean_radius,2000,50
shared evaluation seed,50.26548245743669,50.26548245743669,0.03305785123966942,11.0,50.26548245743669,fixed_r4,Fixed r=4,mean_interaction_area,2000,50
shared evaluation seed,0.0023,0.0015562500000000001,0.03305785123966942,11.0,0.00191875,fixed_r4,Fixed r=4,neighbor_loss_rate,2000,50
shared evaluation seed,0.8949535790980109,0.8199363720684729,0.03305785123966942,11.0,0.8608280816708619,fixed_r4,Fixed r=4,polar_order,2000,50
shared evaluation seed,0.02653169233414287,0.02108280453723452,0.03305785123966942,11.0,0.023783377705059797,fixed_r4,Fixed r=4,velocity_dispersion,2000,50
shared evaluation seed,0.04068795930977408,0.02677799860445316,0.03305785123966942,11.0,0.03333619904094592,fixed_r4,Fixed r=4,control_energy,2000,50
shared evaluation seed,0.0,0.0,0.03305785123966942,11.0,0.0,fixed_r4,Fixed r=4,radius_temporal_variation,2000,50
shared evaluation seed,0.0,0.0,0.03305785123966942,11.0,0.0,fixed_r4,Fixed r=4,radius_command_temporal_variation,2000,50
shared evaluation seed,0.0,0.0,0.03305785123966942,11.0,0.0,fixed_r4,Fixed r=4,radius_min_saturation_fraction,2000,50
shared evaluation seed,1.0,1.0,0.03305785123966942,11.0,1.0,fixed_r4,Fixed r=4,radius_max_saturation_fraction,2000,50
shared evaluation seed,3.389780472636816,3.1713849502487563,0.03305785123966942,11.0,3.279465174129353,fixed_r4,Fixed r=4,mean_degree_error,2000,50
shared evaluation seed,12.992430037313433,11.836250621890546,0.03305785123966942,11.0,12.388843283582089,fixed_r4,Fixed r=4,mean_degree_error_sq,2000,50
shared evaluation seed,0.0,0.0,0.03305785123966942,11.0,0.0,fixed_r4,Fixed r=4,radius_oscillation_frequency,2000,50
shared evaluation seed,0.16375,0.07496875,0.02040816326530612,14.0,0.11875,fixed_r4,Fixed r=4,final_fragmentation,2000,50
shared evaluation seed,0.331990671641791,0.2567908893034826,0.02040816326530612,14.0,0.2933457711442786,fixed_r4,Fixed r=4,mean_fragmentation,2000,50
shared evaluation seed,0.925,0.8375,0.02040816326530612,14.0,0.88125,fixed_r4,Fixed r=4,final_largest_scc_fraction,2000,50
shared evaluation seed,0.7447091106965174,0.669661380597015,0.02040816326530612,14.0,0.7066542288557214,fixed_r4,Fixed r=4,mean_largest_scc_fraction,2000,50
shared evaluation seed,2.4310646766169146,2.19801710199005,0.02040816326530612,14.0,2.31226368159204,fixed_r4,Fixed r=4,mean_degree,2000,50
shared evaluation seed,4.0,4.0,0.02040816326530612,14.0,4.0,fixed_r4,Fixed r=4,mean_radius,2000,50
shared evaluation seed,50.26548245743669,50.26548245743669,0.02040816326530612,14.0,50.26548245743669,fixed_r4,Fixed r=4,mean_interaction_area,2000,50
shared evaluation seed,0.0024375,0.00144375,0.02040816326530612,14.0,0.001925,fixed_r4,Fixed r=4,neighbor_loss_rate,2000,50
shared evaluation seed,0.8086452762120206,0.730522879027195,0.02040816326530612,14.0,0.7703214493459393,fixed_r4,Fixed r=4,polar_order,2000,50
shared evaluation seed,0.0662396805602524,0.049452113074565825,0.02040816326530612,14.0,0.05675169827432061,fixed_r4,Fixed r=4,velocity_dispersion,2000,50
shared evaluation seed,0.09260803697953499,0.061072892373947404,0.02040816326530612,14.0,0.07644855193635904,fixed_r4,Fixed r=4,control_energy,2000,50
shared evaluation seed,0.0,0.0,0.02040816326530612,14.0,0.0,fixed_r4,Fixed r=4,radius_temporal_variation,2000,50
shared evaluation seed,0.0,0.0,0.02040816326530612,14.0,0.0,fixed_r4,Fixed r=4,radius_command_temporal_variation,2000,50
shared evaluation seed,0.0,0.0,0.02040816326530612,14.0,0.0,fixed_r4,Fixed r=4,radius_min_saturation_fraction,2000,50
shared evaluation seed,1.0,1.0,0.02040816326530612,14.0,1.0,fixed_r4,Fixed r=4,radius_max_saturation_fraction,2000,50
shared evaluation seed,3.8050789800995024,3.5829838308457718,0.02040816326530612,14.0,3.6935820895522387,fixed_r4,Fixed r=4,mean_degree_error,2000,50
shared evaluation seed,15.937836131840797,14.473653606965172,0.02040816326530612,14.0,15.182388059701493,fixed_r4,Fixed r=4,mean_degree_error_sq,2000,50
shared evaluation seed,0.0,0.0,0.02040816326530612,14.0,0.0,fixed_r4,Fixed r=4,radius_oscillation_frequency,2000,50
shared evaluation seed,0.31625,0.21125,0.012345679012345678,18.0,0.265,fixed_r4,Fixed r=4,final_fragmentation,2000,50
shared evaluation seed,0.49984810323383083,0.4348995646766169,0.012345679012345678,18.0,0.4671517412935324,fixed_r4,Fixed r=4,mean_fragmentation,2000,50
shared evaluation seed,0.7875,0.68125,0.012345679012345678,18.0,0.735,fixed_r4,Fixed r=4,final_largest_scc_fraction,2000,50
shared evaluation seed,0.5649162002487562,0.5005967039800995,0.012345679012345678,18.0,0.5328482587064677,fixed_r4,Fixed r=4,mean_largest_scc_fraction,2000,50
shared evaluation seed,1.8775354477611939,1.743715485074627,0.012345679012345678,18.0,1.813233830845771,fixed_r4,Fixed r=4,mean_degree,2000,50
shared evaluation seed,4.0,4.0,0.012345679012345678,18.0,4.0,fixed_r4,Fixed r=4,mean_radius,2000,50
shared evaluation seed,50.26548245743669,50.26548245743669,0.012345679012345678,18.0,50.26548245743669,fixed_r4,Fixed r=4,mean_interaction_area,2000,50
shared evaluation seed,0.0032631249999999965,0.0006875000000000001,0.012345679012345678,18.0,0.0016375,fixed_r4,Fixed r=4,neighbor_loss_rate,2000,50
shared evaluation seed,0.6512400862460233,0.5380488796795975,0.012345679012345678,18.0,0.5978058097219935,fixed_r4,Fixed r=4,polar_order,2000,50
shared evaluation seed,0.12073979039233323,0.0986019678805465,0.012345679012345678,18.0,0.10848993911876366,fixed_r4,Fixed r=4,velocity_dispersion,2000,50
shared evaluation seed,0.16456305897557877,0.12309304915095576,0.012345679012345678,18.0,0.14282335365469614,fixed_r4,Fixed r=4,control_energy,2000,50
shared evaluation seed,0.0,0.0,0.012345679012345678,18.0,0.0,fixed_r4,Fixed r=4,radius_temporal_variation,2000,50
shared evaluation seed,0.0,0.0,0.012345679012345678,18.0,0.0,fixed_r4,Fixed r=4,radius_command_temporal_variation,2000,50
shared evaluation seed,0.0,0.0,0.012345679012345678,18.0,0.0,fixed_r4,Fixed r=4,radius_min_saturation_fraction,2000,50
shared evaluation seed,1.0,1.0,0.012345679012345678,18.0,1.0,fixed_r4,Fixed r=4,radius_max_saturation_fraction,2000,50
shared evaluation seed,4.253995646766169,4.117051927860697,0.012345679012345678,18.0,4.186766169154229,fixed_r4,Fixed r=4,mean_degree_error,2000,50
shared evaluation seed,19.196205845771143,18.2283927238806,0.012345679012345678,18.0,18.717835820895523,fixed_r4,Fixed r=4,mean_degree_error_sq,2000,50
shared evaluation seed,0.0,0.0,0.012345679012345678,18.0,0.0,fixed_r4,Fixed r=4,radius_oscillation_frequency,2000,50
shared evaluation seed,0.46625,0.375,0.007561436672967864,23.0,0.42125,fixed_r4,Fixed r=4,final_fragmentation,2000,50
shared evaluation seed,0.6245404228855722,0.5731228233830845,0.007561436672967864,23.0,0.5986753731343284,fixed_r4,Fixed r=4,mean_fragmentation,2000,50
shared evaluation seed,0.6262812499999998,0.5325,0.007561436672967864,23.0,0.57875,fixed_r4,Fixed r=4,final_largest_scc_fraction,2000,50
shared evaluation seed,0.4280750932835821,0.37642304104477614,0.007561436672967864,23.0,0.40132462686567166,fixed_r4,Fixed r=4,mean_largest_scc_fraction,2000,50
shared evaluation seed,1.4912189054726368,1.38207618159204,0.007561436672967864,23.0,1.4360323383084577,fixed_r4,Fixed r=4,mean_degree,2000,50
shared evaluation seed,4.0,4.0,0.007561436672967864,23.0,4.0,fixed_r4,Fixed r=4,mean_radius,2000,50
shared evaluation seed,50.26548245743669,50.26548245743669,0.007561436672967864,23.0,50.26548245743669,fixed_r4,Fixed r=4,mean_interaction_area,2000,50
shared evaluation seed,0.0021253124999999983,0.000525,0.007561436672967864,23.0,0.00111875,fixed_r4,Fixed r=4,neighbor_loss_rate,2000,50
shared evaluation seed,0.532022564014288,0.4261463873395079,0.007561436672967864,23.0,0.47934780048251613,fixed_r4,Fixed r=4,polar_order,2000,50
shared evaluation seed,0.1873851525554433,0.15842503182692852,0.007561436672967864,23.0,0.17245062704212416,fixed_r4,Fixed r=4,velocity_dispersion,2000,50
shared evaluation seed,0.248295311637547,0.19190232765392487,0.007561436672967864,23.0,0.21913107511061455,fixed_r4,Fixed r=4,control_energy,2000,50
shared evaluation seed,0.0,0.0,0.007561436672967864,23.0,0.0,fixed_r4,Fixed r=4,radius_temporal_variation,2000,50
shared evaluation seed,0.0,0.0,0.007561436672967864,23.0,0.0,fixed_r4,Fixed r=4,radius_command_temporal_variation,2000,50
shared evaluation seed,0.0,0.0,0.007561436672967864,23.0,0.0,fixed_r4,Fixed r=4,radius_min_saturation_fraction,2000,50
shared evaluation seed,1.0,1.0,0.007561436672967864,23.0,1.0,fixed_r4,Fixed r=4,radius_max_saturation_fraction,2000,50
shared evaluation seed,4.620336131840796,4.507481965174129,0.007561436672967864,23.0,4.563967661691542,fixed_r4,Fixed r=4,mean_degree_error,2000,50
shared evaluation seed,22.26462935323383,21.355549751243778,0.007561436672967864,23.0,21.801156716417907,fixed_r4,Fixed r=4,mean_degree_error_sq,2000,50
shared evaluation seed,0.0,0.0,0.007561436672967864,23.0,0.0,fixed_r4,Fixed r=4,radius_oscillation_frequency,2000,50
shared evaluation seed,0.61,0.54375,0.0044444444444444444,30.0,0.57625,fixed_r4,Fixed r=4,final_fragmentation,2000,50
shared evaluation seed,0.735821050995025,0.7015634328358209,0.0044444444444444444,30.0,0.719160447761194,fixed_r4,Fixed r=4,mean_fragmentation,2000,50
shared evaluation seed,0.4575,0.39,0.0044444444444444444,30.0,0.42375,fixed_r4,Fixed r=4,final_largest_scc_fraction,2000,50
shared evaluation seed,0.2973140547263682,0.2642658582089552,0.0044444444444444444,30.0,0.28083955223880597,fixed_r4,Fixed r=4,mean_largest_scc_fraction,2000,50
shared evaluation seed,1.0872419154228854,0.9799508706467661,0.0044444444444444444,30.0,1.034004975124378,fixed_r4,Fixed r=4,mean_degree,2000,50
shared evaluation seed,4.0,4.0,0.0044444444444444444,30.0,4.0,fixed_r4,Fixed r=4,mean_radius,2000,50
shared evaluation seed,50.26548245743669,50.26548245743669,0.0044444444444444444,30.0,50.26548245743669,fixed_r4,Fixed r=4,mean_interaction_area,2000,50
shared evaluation seed,0.0008625000000000001,0.000325,0.0044444444444444444,30.0,0.0005375,fixed_r4,Fixed r=4,neighbor_loss_rate,2000,50
shared evaluation seed,0.41849604506316046,0.3293275606046614,0.0044444444444444444,30.0,0.37244377620030794,fixed_r4,Fixed r=4,polar_order,2000,50
shared evaluation seed,0.2922270445286083,0.2515212050482678,0.0044444444444444444,30.0,0.27190658917297106,fixed_r4,Fixed r=4,velocity_dispersion,2000,50
shared evaluation seed,0.2782422588379654,0.22328141533423018,0.0044444444444444444,30.0,0.24980265843488117,fixed_r4,Fixed r=4,control_energy,2000,50
shared evaluation seed,0.0,0.0,0.0044444444444444444,30.0,0.0,fixed_r4,Fixed r=4,radius_temporal_variation,2000,50
shared evaluation seed,0.0,0.0,0.0044444444444444444,30.0,0.0,fixed_r4,Fixed r=4,radius_command_temporal_variation,2000,50
shared evaluation seed,0.0,0.0,0.0044444444444444444,30.0,0.0,fixed_r4,Fixed r=4,radius_min_saturation_fraction,2000,50
shared evaluation seed,1.0,1.0,0.0044444444444444444,30.0,1.0,fixed_r4,Fixed r=4,radius_max_saturation_fraction,2000,50
shared evaluation seed,5.022497512437812,4.909401741293531,0.0044444444444444444,30.0,4.965995024875622,fixed_r4,Fixed r=4,mean_degree_error,2000,50
shared evaluation seed,25.93063370646766,24.92204042288557,0.0044444444444444444,30.0,25.42094527363184,fixed_r4,Fixed r=4,mean_degree_error_sq,2000,50
shared evaluation seed,0.0,0.0,0.0044444444444444444,30.0,0.0,fixed_r4,Fixed r=4,radius_oscillation_frequency,2000,50
shared evaluation seed,0.0,0.0,0.08163265306122448,7.0,0.0,fixed_r8,Maximum radius,final_fragmentation,2000,50
shared evaluation seed,0.0,0.0,0.08163265306122448,7.0,0.0,fixed_r8,Maximum radius,mean_fragmentation,2000,50
shared evaluation seed,1.0,1.0,0.08163265306122448,7.0,1.0,fixed_r8,Maximum radius,final_largest_scc_fraction,2000,50
shared evaluation seed,1.0,1.0,0.08163265306122448,7.0,1.0,fixed_r8,Maximum radius,mean_largest_scc_fraction,2000,50
shared evaluation seed,11.974681902985076,11.640658271144279,0.08163265306122448,7.0,11.805074626865672,fixed_r8,Maximum radius,mean_degree,2000,50
shared evaluation seed,7.0,7.0,0.08163265306122448,7.0,7.0,fixed_r8,Maximum radius,mean_radius,2000,50
shared evaluation seed,153.93804002589985,153.93804002589985,0.08163265306122448,7.0,153.93804002589985,fixed_r8,Maximum radius,mean_interaction_area,2000,50
shared evaluation seed,0.00281875,0.0022125,0.08163265306122448,7.0,0.0025124999999999995,fixed_r8,Maximum radius,neighbor_loss_rate,2000,50
shared evaluation seed,0.9932553876788922,0.991890105714798,0.08163265306122448,7.0,0.9926375100662053,fixed_r8,Maximum radius,polar_order,2000,50
shared evaluation seed,0.003877573599534303,0.00340900886692881,0.08163265306122448,7.0,0.0036296617263373893,fixed_r8,Maximum radius,velocity_dispersion,2000,50
shared evaluation seed,0.00877766329223207,0.008070944715935967,0.08163265306122448,7.0,0.00842395735489773,fixed_r8,Maximum radius,control_energy,2000,50
shared evaluation seed,0.0,0.0,0.08163265306122448,7.0,0.0,fixed_r8,Maximum radius,radius_temporal_variation,2000,50
shared evaluation seed,0.0,0.0,0.08163265306122448,7.0,0.0,fixed_r8,Maximum radius,radius_command_temporal_variation,2000,50
shared evaluation seed,0.0,0.0,0.08163265306122448,7.0,0.0,fixed_r8,Maximum radius,radius_min_saturation_fraction,2000,50
shared evaluation seed,1.0,1.0,0.08163265306122448,7.0,1.0,fixed_r8,Maximum radius,radius_max_saturation_fraction,2000,50
shared evaluation seed,5.97551461442786,5.647349813432835,0.08163265306122448,7.0,5.805074626865672,fixed_r8,Maximum radius,mean_degree_error,2000,50
shared evaluation seed,38.13387220149254,34.222599813432836,0.08163265306122448,7.0,36.29741293532338,fixed_r8,Maximum radius,mean_degree_error_sq,2000,50
shared evaluation seed,0.0,0.0,0.08163265306122448,7.0,0.0,fixed_r8,Maximum radius,radius_oscillation_frequency,2000,50
shared evaluation seed,0.0,0.0,0.04938271604938271,9.0,0.0,fixed_r8,Maximum radius,final_fragmentation,2000,50
shared evaluation seed,0.0,0.0,0.04938271604938271,9.0,0.0,fixed_r8,Maximum radius,mean_fragmentation,2000,50
shared evaluation seed,1.0,1.0,0.04938271604938271,9.0,1.0,fixed_r8,Maximum radius,final_largest_scc_fraction,2000,50
shared evaluation seed,1.0,1.0,0.04938271604938271,9.0,1.0,fixed_r8,Maximum radius,mean_largest_scc_fraction,2000,50
shared evaluation seed,9.516648631840797,9.134658582089552,0.04938271604938271,9.0,9.319154228855721,fixed_r8,Maximum radius,mean_degree,2000,50
shared evaluation seed,8.0,8.0,0.04938271604938271,9.0,8.0,fixed_r8,Maximum radius,mean_radius,2000,50
shared evaluation seed,201.06192982974676,201.06192982974676,0.04938271604938271,9.0,201.06192982974676,fixed_r8,Maximum radius,mean_interaction_area,2000,50
shared evaluation seed,0.0023625,0.00186234375,0.04938271604938271,9.0,0.00210625,fixed_r8,Maximum radius,neighbor_loss_rate,2000,50
shared evaluation seed,0.9924181387279891,0.9901766629284845,0.04938271604938271,9.0,0.9914322118959038,fixed_r8,Maximum radius,polar_order,2000,50
shared evaluation seed,0.003962535338574905,0.0034758675984391,0.04938271604938271,9.0,0.0037194736525731024,fixed_r8,Maximum radius,velocity_dispersion,2000,50
shared evaluation seed,0.008861108954078609,0.0081235487077363,0.04938271604938271,9.0,0.008488482494612372,fixed_r8,Maximum radius,control_energy,2000,50
shared evaluation seed,0.0,0.0,0.04938271604938271,9.0,0.0,fixed_r8,Maximum radius,radius_temporal_variation,2000,50
shared evaluation seed,0.0,0.0,0.04938271604938271,9.0,0.0,fixed_r8,Maximum radius,radius_command_temporal_variation,2000,50
shared evaluation seed,0.0,0.0,0.04938271604938271,9.0,0.0,fixed_r8,Maximum radius,radius_min_saturation_fraction,2000,50
shared evaluation seed,1.0,1.0,0.04938271604938271,9.0,1.0,fixed_r8,Maximum radius,radius_max_saturation_fraction,2000,50
shared evaluation seed,3.5595180348258704,3.178590796019901,0.04938271604938271,9.0,3.366878109452736,fixed_r8,Maximum radius,mean_degree_error,2000,50
shared evaluation seed,16.104764925373136,12.9441592039801,0.04938271604938271,9.0,14.50165422885572,fixed_r8,Maximum radius,mean_degree_error_sq,2000,50
shared evaluation seed,0.0,0.0,0.04938271604938271,9.0,0.0,fixed_r8,Maximum radius,radius_oscillation_frequency,2000,50
shared evaluation seed,0.0,0.0,0.03305785123966942,11.0,0.0,fixed_r8,Maximum radius,final_fragmentation,2000,50
shared evaluation seed,0.0,0.0,0.03305785123966942,11.0,0.0,fixed_r8,Maximum radius,mean_fragmentation,2000,50
shared evaluation seed,1.0,1.0,0.03305785123966942,11.0,1.0,fixed_r8,Maximum radius,final_largest_scc_fraction,2000,50
shared evaluation seed,1.0,1.0,0.03305785123966942,11.0,1.0,fixed_r8,Maximum radius,mean_largest_scc_fraction,2000,50
shared evaluation seed,6.5203927238805965,6.125373134328359,0.03305785123966942,11.0,6.332213930348258,fixed_r8,Maximum radius,mean_degree,2000,50
shared evaluation seed,8.0,8.0,0.03305785123966942,11.0,8.0,fixed_r8,Maximum radius,mean_radius,2000,50
shared evaluation seed,201.06192982974676,201.06192982974676,0.03305785123966942,11.0,201.06192982974676,fixed_r8,Maximum radius,mean_interaction_area,2000,50
shared evaluation seed,0.0023625,0.001675,0.03305785123966942,11.0,0.0020125,fixed_r8,Maximum radius,neighbor_loss_rate,2000,50
shared evaluation seed,0.9903899912412693,0.9867750248723809,0.03305785123966942,11.0,0.9888512946780205,fixed_r8,Maximum radius,polar_order,2000,50
shared evaluation seed,0.004241763231162113,0.0037384974443576274,0.03305785123966942,11.0,0.003985771102751114,fixed_r8,Maximum radius,velocity_dispersion,2000,50
shared evaluation seed,0.008974293787571938,0.008301961789298712,0.03305785123966942,11.0,0.008639989350612949,fixed_r8,Maximum radius,control_energy,2000,50
shared evaluation seed,0.0,0.0,0.03305785123966942,11.0,0.0,fixed_r8,Maximum radius,radius_temporal_variation,2000,50
shared evaluation seed,0.0,0.0,0.03305785123966942,11.0,0.0,fixed_r8,Maximum radius,radius_command_temporal_variation,2000,50
shared evaluation seed,0.0,0.0,0.03305785123966942,11.0,0.0,fixed_r8,Maximum radius,radius_min_saturation_fraction,2000,50
shared evaluation seed,1.0,1.0,0.03305785123966942,11.0,1.0,fixed_r8,Maximum radius,radius_max_saturation_fraction,2000,50
shared evaluation seed,1.6425802238805969,1.403425684079602,0.03305785123966942,11.0,1.522723880597015,fixed_r8,Maximum radius,mean_degree_error,2000,50
shared evaluation seed,4.32382618159204,3.297472014925373,0.03305785123966942,11.0,3.8023507462686563,fixed_r8,Maximum radius,mean_degree_error_sq,2000,50
shared evaluation seed,0.0,0.0,0.03305785123966942,11.0,0.0,fixed_r8,Maximum radius,radius_oscillation_frequency,2000,50
shared evaluation seed,0.0,0.0,0.02040816326530612,14.0,0.0,fixed_r8,Maximum radius,final_fragmentation,2000,50
shared evaluation seed,0.010572450248756218,0.0011629353233830846,0.02040816326530612,14.0,0.00482587064676617,fixed_r8,Maximum radius,mean_fragmentation,2000,50
shared evaluation seed,1.0,1.0,0.02040816326530612,14.0,1.0,fixed_r8,Maximum radius,final_largest_scc_fraction,2000,50
shared evaluation seed,0.9986882773631841,0.9895519278606966,0.02040816326530612,14.0,0.9951741293532338,fixed_r8,Maximum radius,mean_largest_scc_fraction,2000,50
shared evaluation seed,4.316495335820895,3.990992848258707,0.02040816326530612,14.0,4.155186567164179,fixed_r8,Maximum radius,mean_degree,2000,50
shared evaluation seed,8.0,8.0,0.02040816326530612,14.0,8.0,fixed_r8,Maximum radius,mean_radius,2000,50
shared evaluation seed,201.06192982974676,201.06192982974676,0.02040816326530612,14.0,201.06192982974676,fixed_r8,Maximum radius,mean_interaction_area,2000,50
shared evaluation seed,0.0020250000000000003,0.0014812500000000001,0.02040816326530612,14.0,0.0017499999999999998,fixed_r8,Maximum radius,neighbor_loss_rate,2000,50
shared evaluation seed,0.9806445547495818,0.9693466783138853,0.02040816326530612,14.0,0.9753253701276051,fixed_r8,Maximum radius,polar_order,2000,50
shared evaluation seed,0.006092468485750094,0.005093454277340538,0.02040816326530612,14.0,0.005574365209454346,fixed_r8,Maximum radius,velocity_dispersion,2000,50
shared evaluation seed,0.010232537636113257,0.00928039175048491,0.02040816326530612,14.0,0.009748129144730168,fixed_r8,Maximum radius,control_energy,2000,50
shared evaluation seed,0.0,0.0,0.02040816326530612,14.0,0.0,fixed_r8,Maximum radius,radius_temporal_variation,2000,50
shared evaluation seed,0.0,0.0,0.02040816326530612,14.0,0.0,fixed_r8,Maximum radius,radius_command_temporal_variation,2000,50
shared evaluation seed,0.0,0.0,0.02040816326530612,14.0,0.0,fixed_r8,Maximum radius,radius_min_saturation_fraction,2000,50
shared evaluation seed,1.0,1.0,0.02040816326530612,14.0,1.0,fixed_r8,Maximum radius,radius_max_saturation_fraction,2000,50
shared evaluation seed,2.2040842661691538,2.012036691542289,0.02040816326530612,14.0,2.105261194029851,fixed_r8,Maximum radius,mean_degree_error,2000,50
shared evaluation seed,6.539961131840795,5.696925995024875,0.02040816326530612,14.0,6.116430348258707,fixed_r8,Maximum radius,mean_degree_error_sq,2000,50
shared evaluation seed,0.0,0.0,0.02040816326530612,14.0,0.0,fixed_r8,Maximum radius,radius_oscillation_frequency,2000,50
shared evaluation seed,0.03875,0.0,0.012345679012345678,18.0,0.015,fixed_r8,Maximum radius,final_fragmentation,2000,50
shared evaluation seed,0.11334950248756212,0.061888992537313434,0.012345679012345678,18.0,0.086113184079602,fixed_r8,Maximum radius,mean_fragmentation,2000,50
shared evaluation seed,1.0,0.96125,0.012345679012345678,18.0,0.985,fixed_r8,Maximum radius,final_largest_scc_fraction,2000,50
shared evaluation seed,0.9368421952736318,0.8872664800995025,0.012345679012345678,18.0,0.913886815920398,fixed_r8,Maximum radius,mean_largest_scc_fraction,2000,50
shared evaluation seed,3.073028606965174,2.8225279850746268,0.012345679012345678,18.0,2.9433706467661693,fixed_r8,Maximum radius,mean_degree,2000,50
shared evaluation seed,8.0,8.0,0.012345679012345678,18.0,8.0,fixed_r8,Maximum radius,mean_radius,2000,50
shared evaluation seed,201.06192982974676,201.06192982974676,0.012345679012345678,18.0,201.06192982974676,fixed_r8,Maximum radius,mean_interaction_area,2000,50
shared evaluation seed,0.0013812499999999999,0.000925,0.012345679012345678,18.0,0.00115,fixed_r8,Maximum radius,neighbor_loss_rate,2000,50
shared evaluation seed,0.9297209854626268,0.8784376916422434,0.012345679012345678,18.0,0.9054267657868087,fixed_r8,Maximum radius,polar_order,2000,50
shared evaluation seed,0.016735131396559508,0.01326779041843539,0.012345679012345678,18.0,0.014941823524523432,fixed_r8,Maximum radius,velocity_dispersion,2000,50
shared evaluation seed,0.022292615010266782,0.015950812200015447,0.012345679012345678,18.0,0.01884122629593028,fixed_r8,Maximum radius,control_energy,2000,50
shared evaluation seed,0.0,0.0,0.012345679012345678,18.0,0.0,fixed_r8,Maximum radius,radius_temporal_variation,2000,50
shared evaluation seed,0.0,0.0,0.012345679012345678,18.0,0.0,fixed_r8,Maximum radius,radius_command_temporal_variation,2000,50
shared evaluation seed,0.0,0.0,0.012345679012345678,18.0,0.0,fixed_r8,Maximum radius,radius_min_saturation_fraction,2000,50
shared evaluation seed,1.0,1.0,0.012345679012345678,18.0,1.0,fixed_r8,Maximum radius,radius_max_saturation_fraction,2000,50
shared evaluation seed,3.1911713308457705,2.9614368781094527,0.012345679012345678,18.0,3.0768656716417913,fixed_r8,Maximum radius,mean_degree_error,2000,50
shared evaluation seed,11.736630597014925,10.55279975124378,0.012345679012345678,18.0,11.150708955223882,fixed_r8,Maximum radius,mean_degree_error_sq,2000,50
shared evaluation seed,0.0,0.0,0.012345679012345678,18.0,0.0,fixed_r8,Maximum radius,radius_oscillation_frequency,2000,50
shared evaluation seed,0.1325,0.045,0.007561436672967864,23.0,0.085,fixed_r8,Maximum radius,final_fragmentation,2000,50
shared evaluation seed,0.28104633084577113,0.19733784203980098,0.007561436672967864,23.0,0.23742537313432838,fixed_r8,Maximum radius,mean_fragmentation,2000,50
shared evaluation seed,0.955,0.8675,0.007561436672967864,23.0,0.915,fixed_r8,Maximum radius,final_largest_scc_fraction,2000,50
shared evaluation seed,0.8015976368159203,0.7219884950248756,0.007561436672967864,23.0,0.7625746268656717,fixed_r8,Maximum radius,mean_largest_scc_fraction,2000,50
shared evaluation seed,2.3808712686567164,2.2028818407960196,0.007561436672967864,23.0,2.2921766169154227,fixed_r8,Maximum radius,mean_degree,2000,50
shared evaluation seed,8.0,8.0,0.007561436672967864,23.0,8.0,fixed_r8,Maximum radius,mean_radius,2000,50
shared evaluation seed,201.06192982974676,201.06192982974676,0.007561436672967864,23.0,201.06192982974676,fixed_r8,Maximum radius,mean_interaction_area,2000,50
shared evaluation seed,0.0022187500000000002,0.00103125,0.007561436672967864,23.0,0.00156875,fixed_r8,Maximum radius,neighbor_loss_rate,2000,50
shared evaluation seed,0.8277322832201638,0.733596732926252,0.007561436672967864,23.0,0.7834669233362473,fixed_r8,Maximum radius,polar_order,2000,50
shared evaluation seed,0.049354267413252516,0.03816872087498721,0.007561436672967864,23.0,0.043360213184789255,fixed_r8,Maximum radius,velocity_dispersion,2000,50
shared evaluation seed,0.07390164193101548,0.049661677426847566,0.007561436672967864,23.0,0.061202651993529776,fixed_r8,Maximum radius,control_energy,2000,50
shared evaluation seed,0.0,0.0,0.007561436672967864,23.0,0.0,fixed_r8,Maximum radius,radius_temporal_variation,2000,50
shared evaluation seed,0.0,0.0,0.007561436672967864,23.0,0.0,fixed_r8,Maximum radius,radius_command_temporal_variation,2000,50
shared evaluation seed,0.0,0.0,0.007561436672967864,23.0,0.0,fixed_r8,Maximum radius,radius_min_saturation_fraction,2000,50
shared evaluation seed,1.0,1.0,0.007561436672967864,23.0,1.0,fixed_r8,Maximum radius,radius_max_saturation_fraction,2000,50
shared evaluation seed,3.7954191542288553,3.6232782960199006,0.007561436672967864,23.0,3.7096144278606964,fixed_r8,Maximum radius,mean_degree_error,2000,50
shared evaluation seed,15.591862873134327,14.488630907960198,0.007561436672967864,23.0,15.021032338308457,fixed_r8,Maximum radius,mean_degree_error_sq,2000,50
shared evaluation seed,0.0,0.0,0.007561436672967864,23.0,0.0,fixed_r8,Maximum radius,radius_oscillation_frequency,2000,50
shared evaluation seed,0.31875,0.2125,0.0044444444444444444,30.0,0.26375,fixed_r8,Maximum radius,final_fragmentation,2000,50
shared evaluation seed,0.4899004975124378,0.42518547885572133,0.0044444444444444444,30.0,0.4580721393034826,fixed_r8,Maximum radius,mean_fragmentation,2000,50
shared evaluation seed,0.78875,0.685,0.0044444444444444444,30.0,0.73625,fixed_r8,Maximum radius,final_largest_scc_fraction,2000,50
shared evaluation seed,0.5781236007462687,0.5093625621890547,0.0044444444444444444,30.0,0.5419278606965174,fixed_r8,Maximum radius,mean_largest_scc_fraction,2000,50
shared evaluation seed,1.7967288557213932,1.6837018034825872,0.0044444444444444444,30.0,1.7396766169154227,fixed_r8,Maximum radius,mean_degree,2000,50
shared evaluation seed,8.0,8.0,0.0044444444444444444,30.0,8.0,fixed_r8,Maximum radius,mean_radius,2000,50
shared evaluation seed,201.06192982974676,201.06192982974676,0.0044444444444444444,30.0,201.06192982974676,fixed_r8,Maximum radius,mean_interaction_area,2000,50
shared evaluation seed,0.00169375,0.000575,0.0044444444444444444,30.0,0.00109375,fixed_r8,Maximum radius,neighbor_loss_rate,2000,50
shared evaluation seed,0.6591221699489834,0.5603538340318037,0.0044444444444444444,30.0,0.6104692382311284,fixed_r8,Maximum radius,polar_order,2000,50
shared evaluation seed,0.12674976949699232,0.10413782055001408,0.0044444444444444444,30.0,0.11478957740506512,fixed_r8,Maximum radius,velocity_dispersion,2000,50
shared evaluation seed,0.19905871605129488,0.14123320360817745,0.0044444444444444444,30.0,0.16805271101763627,fixed_r8,Maximum radius,control_energy,2000,50
shared evaluation seed,0.0,0.0,0.0044444444444444444,30.0,0.0,fixed_r8,Maximum radius,radius_temporal_variation,2000,50
shared evaluation seed,0.0,0.0,0.0044444444444444444,30.0,0.0,fixed_r8,Maximum radius,radius_command_temporal_variation,2000,50
shared evaluation seed,0.0,0.0,0.0044444444444444444,30.0,0.0,fixed_r8,Maximum radius,radius_min_saturation_fraction,2000,50
shared evaluation seed,1.0,1.0,0.0044444444444444444,30.0,1.0,fixed_r8,Maximum radius,radius_max_saturation_fraction,2000,50
shared evaluation seed,4.319203047263682,4.204263370646766,0.0044444444444444444,30.0,4.260323383084577,fixed_r8,Maximum radius,mean_degree_error,2000,50
shared evaluation seed,19.511646455223882,18.6849763681592,0.0044444444444444444,30.0,19.109154228855722,fixed_r8,Maximum radius,mean_degree_error_sq,2000,50
shared evaluation seed,0.0,0.0,0.0044444444444444444,30.0,0.0,fixed_r8,Maximum radius,radius_oscillation_frequency,2000,50
shared evaluation seed,0.0,0.0,0.08163265306122448,7.0,0.0,fixed_r8_retained,Maximum radius + retention,final_fragmentation,2000,50
shared evaluation seed,0.0,0.0,0.08163265306122448,7.0,0.0,fixed_r8_retained,Maximum radius + retention,mean_fragmentation,2000,50
shared evaluation seed,1.0,1.0,0.08163265306122448,7.0,1.0,fixed_r8_retained,Maximum radius + retention,final_largest_scc_fraction,2000,50
shared evaluation seed,1.0,1.0,0.08163265306122448,7.0,1.0,fixed_r8_retained,Maximum radius + retention,mean_largest_scc_fraction,2000,50
shared evaluation seed,11.505087064676617,11.167632462686568,0.08163265306122448,7.0,11.33745024875622,fixed_r8_retained,Maximum radius + retention,mean_degree,2000,50
shared evaluation seed,6.75,6.75,0.08163265306122448,7.0,6.75,fixed_r8_retained,Maximum radius + retention,mean_radius,2000,50
shared evaluation seed,143.13881527918494,143.13881527918494,0.08163265306122448,7.0,143.13881527918494,fixed_r8_retained,Maximum radius + retention,mean_interaction_area,2000,50
shared evaluation seed,0.0016,0.00109375,0.08163265306122448,7.0,0.0013375000000000001,fixed_r8_retained,Maximum radius + retention,neighbor_loss_rate,2000,50
shared evaluation seed,0.993058473925432,0.9917258385078945,0.08163265306122448,7.0,0.9924281962076104,fixed_r8_retained,Maximum radius + retention,polar_order,2000,50
shared evaluation seed,0.0038891101590909365,0.003424118306684889,0.08163265306122448,7.0,0.0036472687715338637,fixed_r8_retained,Maximum radius + retention,velocity_dispersion,2000,50
shared evaluation seed,0.008812849575275323,0.008105354529911984,0.08163265306122448,7.0,0.008449550333491125,fixed_r8_retained,Maximum radius + retention,control_energy,2000,50
shared evaluation seed,0.0,0.0,0.08163265306122448,7.0,0.0,fixed_r8_retained,Maximum radius + retention,radius_temporal_variation,2000,50
shared evaluation seed,0.0,0.0,0.08163265306122448,7.0,0.0,fixed_r8_retained,Maximum radius + retention,radius_command_temporal_variation,2000,50
shared evaluation seed,0.0,0.0,0.08163265306122448,7.0,0.0,fixed_r8_retained,Maximum radius + retention,radius_min_saturation_fraction,2000,50
shared evaluation seed,1.0,1.0,0.08163265306122448,7.0,1.0,fixed_r8_retained,Maximum radius + retention,radius_max_saturation_fraction,2000,50
shared evaluation seed,5.516625310945273,5.178060323383086,0.08163265306122448,7.0,5.342412935323384,fixed_r8_retained,Maximum radius + retention,mean_degree_error,2000,50
shared evaluation seed,33.337999999999994,29.41698041044776,0.08163265306122448,7.0,31.369776119402985,fixed_r8_retained,Maximum radius + retention,mean_degree_error_sq,2000,50
shared evaluation seed,0.0,0.0,0.08163265306122448,7.0,0.0,fixed_r8_retained,Maximum radius + retention,radius_oscillation_frequency,2000,50
shared evaluation seed,0.0,0.0,0.04938271604938271,9.0,0.0,fixed_r8_retained,Maximum radius + retention,final_fragmentation,2000,50
shared evaluation seed,0.0,0.0,0.04938271604938271,9.0,0.0,fixed_r8_retained,Maximum radius + retention,mean_fragmentation,2000,50
shared evaluation seed,1.0,1.0,0.04938271604938271,9.0,1.0,fixed_r8_retained,Maximum radius + retention,final_largest_scc_fraction,2000,50
shared evaluation seed,1.0,1.0,0.04938271604938271,9.0,1.0,fixed_r8_retained,Maximum radius + retention,mean_largest_scc_fraction,2000,50
shared evaluation seed,9.76684421641791,9.374578980099502,0.04938271604938271,9.0,9.564950248756219,fixed_r8_retained,Maximum radius + retention,mean_degree,2000,50
shared evaluation seed,8.0,8.0,0.04938271604938271,9.0,8.0,fixed_r8_retained,Maximum radius + retention,mean_radius,2000,50
shared evaluation seed,201.06192982974676,201.06192982974676,0.04938271604938271,9.0,201.06192982974676,fixed_r8_retained,Maximum radius + retention,mean_interaction_area,2000,50
shared evaluation seed,0.0013939062499999993,0.0009935937500000001,0.04938271604938271,9.0,0.0011875000000000002,fixed_r8_retained,Maximum radius + retention,neighbor_loss_rate,2000,50
shared evaluation seed,0.9924583683277581,0.9904090479085785,0.04938271604938271,9.0,0.9915390576448878,fixed_r8_retained,Maximum radius + retention,polar_order,2000,50
shared evaluation seed,0.003959665398195259,0.0034872837815486486,0.04938271604938271,9.0,0.003715230834640686,fixed_r8_retained,Maximum radius + retention,velocity_dispersion,2000,50
shared evaluation seed,0.008840995979383004,0.008097196522703133,0.04938271604938271,9.0,0.008474796260326592,fixed_r8_retained,Maximum radius + retention,control_energy,2000,50
shared evaluation seed,0.0,0.0,0.04938271604938271,9.0,0.0,fixed_r8_retained,Maximum radius + retention,radius_temporal_variation,2000,50
shared evaluation seed,0.0,0.0,0.04938271604938271,9.0,0.0,fixed_r8_retained,Maximum radius + retention,radius_command_temporal_variation,2000,50
shared evaluation seed,0.0,0.0,0.04938271604938271,9.0,0.0,fixed_r8_retained,Maximum radius + retention,radius_min_saturation_fraction,2000,50
shared evaluation seed,1.0,1.0,0.04938271604938271,9.0,1.0,fixed_r8_retained,Maximum radius + retention,radius_max_saturation_fraction,2000,50
shared evaluation seed,3.798431281094527,3.3995099502487562,0.04938271604938271,9.0,3.597686567164179,fixed_r8_retained,Maximum radius + retention,mean_degree_error,2000,50
shared evaluation seed,17.80132991293532,14.629683457711442,0.04938271604938271,9.0,16.169477611940298,fixed_r8_retained,Maximum radius + retention,mean_degree_error_sq,2000,50
shared evaluation seed,0.0,0.0,0.04938271604938271,9.0,0.0,fixed_r8_retained,Maximum radius + retention,radius_oscillation_frequency,2000,50
shared evaluation seed,0.0,0.0,0.03305785123966942,11.0,0.0,fixed_r8_retained,Maximum radius + retention,final_fragmentation,2000,50
shared evaluation seed,0.0,0.0,0.03305785123966942,11.0,0.0,fixed_r8_retained,Maximum radius + retention,mean_fragmentation,2000,50
shared evaluation seed,1.0,1.0,0.03305785123966942,11.0,1.0,fixed_r8_retained,Maximum radius + retention,final_largest_scc_fraction,2000,50
shared evaluation seed,1.0,1.0,0.03305785123966942,11.0,1.0,fixed_r8_retained,Maximum radius + retention,mean_largest_scc_fraction,2000,50
shared evaluation seed,6.692202736318408,6.304049129353234,0.03305785123966942,11.0,6.503258706467661,fixed_r8_retained,Maximum radius + retention,mean_degree,2000,50
shared evaluation seed,8.0,8.0,0.03305785123966942,11.0,8.0,fixed_r8_retained,Maximum radius + retention,mean_radius,2000,50
shared evaluation seed,201.06192982974676,201.06192982974676,0.03305785123966942,11.0,201.06192982974676,fixed_r8_retained,Maximum radius + retention,mean_interaction_area,2000,50
shared evaluation seed,0.0013625,0.00088125,0.03305785123966942,11.0,0.00111875,fixed_r8_retained,Maximum radius + retention,neighbor_loss_rate,2000,50
shared evaluation seed,0.9904865612962545,0.9869511303511822,0.03305785123966942,11.0,0.98900304217272,fixed_r8_retained,Maximum radius + retention,polar_order,2000,50
shared evaluation seed,0.004236012023815489,0.0037260029172189674,0.03305785123966942,11.0,0.003974956942813329,fixed_r8_retained,Maximum radius + retention,velocity_dispersion,2000,50
shared evaluation seed,0.008968210246328046,0.008292557993055233,0.03305785123966942,11.0,0.008628495365157618,fixed_r8_retained,Maximum radius + retention,control_energy,2000,50
shared evaluation seed,0.0,0.0,0.03305785123966942,11.0,0.0,fixed_r8_retained,Maximum radius + retention,radius_temporal_variation,2000,50
shared evaluation seed,0.0,0.0,0.03305785123966942,11.0,0.0,fixed_r8_retained,Maximum radius + retention,radius_command_temporal_variation,2000,50
shared evaluation seed,0.0,0.0,0.03305785123966942,11.0,0.0,fixed_r8_retained,Maximum radius + retention,radius_min_saturation_fraction,2000,50
shared evaluation seed,1.0,1.0,0.03305785123966942,11.0,1.0,fixed_r8_retained,Maximum radius + retention,radius_max_saturation_fraction,2000,50
shared evaluation seed,1.6724546019900497,1.4180273631840798,0.03305785123966942,11.0,1.5447636815920398,fixed_r8_retained,Maximum radius + retention,mean_degree_error,2000,50
shared evaluation seed,4.461783893034825,3.3622459577114427,0.03305785123966942,11.0,3.9107960199004976,fixed_r8_retained,Maximum radius + retention,mean_degree_error_sq,2000,50
shared evaluation seed,0.0,0.0,0.03305785123966942,11.0,0.0,fixed_r8_retained,Maximum radius + retention,radius_oscillation_frequency,2000,50
shared evaluation seed,0.0,0.0,0.02040816326530612,14.0,0.0,fixed_r8_retained,Maximum radius + retention,final_fragmentation,2000,50
shared evaluation seed,0.0035012437810945274,0.0008330223880597014,0.02040816326530612,14.0,0.0019713930348258706,fixed_r8_retained,Maximum radius + retention,mean_fragmentation,2000,50
shared evaluation seed,1.0,1.0,0.02040816326530612,14.0,1.0,fixed_r8_retained,Maximum radius + retention,final_largest_scc_fraction,2000,50
shared evaluation seed,0.9992039800995025,0.9964800995024876,0.02040816326530612,14.0,0.9980286069651741,fixed_r8_retained,Maximum radius + retention,mean_largest_scc_fraction,2000,50
shared evaluation seed,4.384253731343283,4.094415733830846,0.02040816326530612,14.0,4.239713930348259,fixed_r8_retained,Maximum radius + retention,mean_degree,2000,50
shared evaluation seed,8.0,8.0,0.02040816326530612,14.0,8.0,fixed_r8_retained,Maximum radius + retention,mean_radius,2000,50
shared evaluation seed,201.06192982974676,201.06192982974676,0.02040816326530612,14.0,201.06192982974676,fixed_r8_retained,Maximum radius + retention,mean_interaction_area,2000,50
shared evaluation seed,0.0013375000000000001,0.00095,0.02040816326530612,14.0,0.0011375,fixed_r8_retained,Maximum radius + retention,neighbor_loss_rate,2000,50
shared evaluation seed,0.9812552952579768,0.9700614066867629,0.02040816326530612,14.0,0.9762040097562634,fixed_r8_retained,Maximum radius + retention,polar_order,2000,50
shared evaluation seed,0.00601080580596116,0.00503315830010731,0.02040816326530612,14.0,0.005487174430533567,fixed_r8_retained,Maximum radius + retention,velocity_dispersion,2000,50
shared evaluation seed,0.010153268263225419,0.009210862928787754,0.02040816326530612,14.0,0.009676072756977806,fixed_r8_retained,Maximum radius + retention,control_energy,2000,50
shared evaluation seed,0.0,0.0,0.02040816326530612,14.0,0.0,fixed_r8_retained,Maximum radius + retention,radius_temporal_variation,2000,50
shared evaluation seed,0.0,0.0,0.02040816326530612,14.0,0.0,fixed_r8_retained,Maximum radius + retention,radius_command_temporal_variation,2000,50
shared evaluation seed,0.0,0.0,0.02040816326530612,14.0,0.0,fixed_r8_retained,Maximum radius + retention,radius_min_saturation_fraction,2000,50
shared evaluation seed,1.0,1.0,0.02040816326530612,14.0,1.0,fixed_r8_retained,Maximum radius + retention,radius_max_saturation_fraction,2000,50
shared evaluation seed,2.1228781094527363,1.9469135572139302,0.02040816326530612,14.0,2.0362064676616916,fixed_r8_retained,Maximum radius + retention,mean_degree_error,2000,50
shared evaluation seed,6.178110696517412,5.436282649253731,0.02040816326530612,14.0,5.807338308457712,fixed_r8_retained,Maximum radius + retention,mean_degree_error_sq,2000,50
shared evaluation seed,0.0,0.0,0.02040816326530612,14.0,0.0,fixed_r8_retained,Maximum radius + retention,radius_oscillation_frequency,2000,50
shared evaluation seed,0.0075,0.0,0.012345679012345678,18.0,0.0025,fixed_r8_retained,Maximum radius + retention,final_fragmentation,2000,50
shared evaluation seed,0.1103173196517413,0.05804648631840796,0.012345679012345678,18.0,0.08144900497512438,fixed_r8_retained,Maximum radius + retention,mean_fragmentation,2000,50
shared evaluation seed,1.0,0.9925,0.012345679012345678,18.0,0.9975,fixed_r8_retained,Maximum radius + retention,final_largest_scc_fraction,2000,50
shared evaluation seed,0.9420222325870646,0.8916327736318409,0.012345679012345678,18.0,0.9185509950248756,fixed_r8_retained,Maximum radius + retention,mean_largest_scc_fraction,2000,50
shared evaluation seed,3.0964169776119403,2.8496893656716415,0.012345679012345678,18.0,2.966902985074627,fixed_r8_retained,Maximum radius + retention,mean_degree,2000,50
shared evaluation seed,8.0,8.0,0.012345679012345678,18.0,8.0,fixed_r8_retained,Maximum radius + retention,mean_radius,2000,50
shared evaluation seed,201.06192982974676,201.06192982974676,0.012345679012345678,18.0,201.06192982974676,fixed_r8_retained,Maximum radius + retention,mean_interaction_area,2000,50
shared evaluation seed,0.0009375,0.000575,0.012345679012345678,18.0,0.00075,fixed_r8_retained,Maximum radius + retention,neighbor_loss_rate,2000,50
shared evaluation seed,0.9308847070214504,0.8747899268088181,0.012345679012345678,18.0,0.905164088978313,fixed_r8_retained,Maximum radius + retention,polar_order,2000,50
shared evaluation seed,0.015963102025400043,0.01253063081429166,0.012345679012345678,18.0,0.014220040839082022,fixed_r8_retained,Maximum radius + retention,velocity_dispersion,2000,50
shared evaluation seed,0.021117323752724973,0.015388264394273552,0.012345679012345678,18.0,0.017903336314848525,fixed_r8_retained,Maximum radius + retention,control_energy,2000,50
shared evaluation seed,0.0,0.0,0.012345679012345678,18.0,0.0,fixed_r8_retained,Maximum radius + retention,radius_temporal_variation,2000,50
shared evaluation seed,0.0,0.0,0.012345679012345678,18.0,0.0,fixed_r8_retained,Maximum radius + retention,radius_command_temporal_variation,2000,50
shared evaluation seed,0.0,0.0,0.012345679012345678,18.0,0.0,fixed_r8_retained,Maximum radius + retention,radius_min_saturation_fraction,2000,50
shared evaluation seed,1.0,1.0,0.012345679012345678,18.0,1.0,fixed_r8_retained,Maximum radius + retention,radius_max_saturation_fraction,2000,50
shared evaluation seed,3.165298196517413,2.933611940298508,0.012345679012345678,18.0,3.0530223880597016,fixed_r8_retained,Maximum radius + retention,mean_degree_error,2000,50
shared evaluation seed,11.691277674129354,10.464086753731342,0.012345679012345678,18.0,11.056753731343283,fixed_r8_retained,Maximum radius + retention,mean_degree_error_sq,2000,50
shared evaluation seed,0.0,0.0,0.012345679012345678,18.0,0.0,fixed_r8_retained,Maximum radius + retention,radius_oscillation_frequency,2000,50
shared evaluation seed,0.10503124999999983,0.03125,0.007561436672967864,23.0,0.065,fixed_r8_retained,Maximum radius + retention,final_fragmentation,2000,50
shared evaluation seed,0.28267739427860683,0.20009188432835823,0.007561436672967864,23.0,0.24027985074626865,fixed_r8_retained,Maximum radius + retention,mean_fragmentation,2000,50
shared evaluation seed,0.97125,0.89625,0.007561436672967864,23.0,0.935,fixed_r8_retained,Maximum radius + retention,final_largest_scc_fraction,2000,50
shared evaluation seed,0.7988557213930347,0.7163384639303483,0.007561436672967864,23.0,0.7597201492537313,fixed_r8_retained,Maximum radius + retention,mean_largest_scc_fraction,2000,50
shared evaluation seed,2.4061141169154228,2.218944962686567,0.007561436672967864,23.0,2.3122885572139307,fixed_r8_retained,Maximum radius + retention,mean_degree,2000,50
shared evaluation seed,8.0,8.0,0.007561436672967864,23.0,8.0,fixed_r8_retained,Maximum radius + retention,mean_radius,2000,50
shared evaluation seed,201.06192982974676,201.06192982974676,0.007561436672967864,23.0,201.06192982974676,fixed_r8_retained,Maximum radius + retention,mean_interaction_area,2000,50
shared evaluation seed,0.00063125,0.00033125,0.007561436672967864,23.0,0.00048125,fixed_r8_retained,Maximum radius + retention,neighbor_loss_rate,2000,50
shared evaluation seed,0.8213939636554258,0.7207009216313561,0.007561436672967864,23.0,0.7744160786472029,fixed_r8_retained,Maximum radius + retention,polar_order,2000,50
shared evaluation seed,0.048847791311126355,0.037508335013077106,0.007561436672967864,23.0,0.04325340874248833,fixed_r8_retained,Maximum radius + retention,velocity_dispersion,2000,50
shared evaluation seed,0.07341810050453919,0.04679232733700783,0.007561436672967864,23.0,0.05949485407187122,fixed_r8_retained,Maximum radius + retention,control_energy,2000,50
shared evaluation seed,0.0,0.0,0.007561436672967864,23.0,0.0,fixed_r8_retained,Maximum radius + retention,radius_temporal_variation,2000,50
shared evaluation seed,0.0,0.0,0.007561436672967864,23.0,0.0,fixed_r8_retained,Maximum radius + retention,radius_command_temporal_variation,2000,50
shared evaluation seed,0.0,0.0,0.007561436672967864,23.0,0.0,fixed_r8_retained,Maximum radius + retention,radius_min_saturation_fraction,2000,50
shared evaluation seed,1.0,1.0,0.007561436672967864,23.0,1.0,fixed_r8_retained,Maximum radius + retention,radius_max_saturation_fraction,2000,50
shared evaluation seed,3.7854412313432837,3.595941231343284,0.007561436672967864,23.0,3.6913681592039804,fixed_r8_retained,Maximum radius + retention,mean_degree_error,2000,50
shared evaluation seed,15.475565609452737,14.302809701492539,0.007561436672967864,23.0,14.875062189054727,fixed_r8_retained,Maximum radius + retention,mean_degree_error_sq,2000,50
shared evaluation seed,0.0,0.0,0.007561436672967864,23.0,0.0,fixed_r8_retained,Maximum radius + retention,radius_oscillation_frequency,2000,50
shared evaluation seed,0.30628124999999984,0.19625,0.0044444444444444444,30.0,0.25125,fixed_r8_retained,Maximum radius + retention,final_fragmentation,2000,50
shared evaluation seed,0.48343065920398004,0.4144146455223881,0.0044444444444444444,30.0,0.44897388059701493,fixed_r8_retained,Maximum radius + retention,mean_fragmentation,2000,50
shared evaluation seed,0.80375,0.695,0.0044444444444444444,30.0,0.74875,fixed_r8_retained,Maximum radius + retention,final_largest_scc_fraction,2000,50
shared evaluation seed,0.5847486007462686,0.5170586131840795,0.0044444444444444444,30.0,0.5510261194029851,fixed_r8_retained,Maximum radius + retention,mean_largest_scc_fraction,2000,50
shared evaluation seed,1.8097257462686567,1.6979406094527365,0.0044444444444444444,30.0,1.7539925373134329,fixed_r8_retained,Maximum radius + retention,mean_degree,2000,50
shared evaluation seed,8.0,8.0,0.0044444444444444444,30.0,8.0,fixed_r8_retained,Maximum radius + retention,mean_radius,2000,50
shared evaluation seed,201.06192982974676,201.06192982974676,0.0044444444444444444,30.0,201.06192982974676,fixed_r8_retained,Maximum radius + retention,mean_interaction_area,2000,50
shared evaluation seed,0.00035625,0.00015,0.0044444444444444444,30.0,0.00024375000000000002,fixed_r8_retained,Maximum radius + retention,neighbor_loss_rate,2000,50
shared evaluation seed,0.6630678780444399,0.566704859452103,0.0044444444444444444,30.0,0.6153846873592078,fixed_r8_retained,Maximum radius + retention,polar_order,2000,50
shared evaluation seed,0.12676796841922902,0.10401849682460122,0.0044444444444444444,30.0,0.11477383002897946,fixed_r8_retained,Maximum radius + retention,velocity_dispersion,2000,50
shared evaluation seed,0.19228472517082132,0.1341683762460317,0.0044444444444444444,30.0,0.1623525643643708,fixed_r8_retained,Maximum radius + retention,control_energy,2000,50
shared evaluation seed,0.0,0.0,0.0044444444444444444,30.0,0.0,fixed_r8_retained,Maximum radius + retention,radius_temporal_variation,2000,50
shared evaluation seed,0.0,0.0,0.0044444444444444444,30.0,0.0,fixed_r8_retained,Maximum radius + retention,radius_command_temporal_variation,2000,50
shared evaluation seed,0.0,0.0,0.0044444444444444444,30.0,0.0,fixed_r8_retained,Maximum radius + retention,radius_min_saturation_fraction,2000,50
shared evaluation seed,1.0,1.0,0.0044444444444444444,30.0,1.0,fixed_r8_retained,Maximum radius + retention,radius_max_saturation_fraction,2000,50
shared evaluation seed,4.3015864427860695,4.188328358208955,0.0044444444444444444,30.0,4.246007462686567,fixed_r8_retained,Maximum radius + retention,mean_degree_error,2000,50
shared evaluation seed,19.416561256218905,18.56801710199005,0.0044444444444444444,30.0,19.00060945273632,fixed_r8_retained,Maximum radius + retention,mean_degree_error_sq,2000,50
shared evaluation seed,0.0,0.0,0.0044444444444444444,30.0,0.0,fixed_r8_retained,Maximum radius + retention,radius_oscillation_frequency,2000,50
shared evaluation seed,0.0,0.0,0.08163265306122448,7.0,0.0,knn_k6,Local-KNN K=6,final_fragmentation,2000,50
shared evaluation seed,0.0,0.0,0.08163265306122448,7.0,0.0,knn_k6,Local-KNN K=6,mean_fragmentation,2000,50
shared evaluation seed,1.0,1.0,0.08163265306122448,7.0,1.0,knn_k6,Local-KNN K=6,final_largest_scc_fraction,2000,50
shared evaluation seed,1.0,0.999931592039801,0.08163265306122448,7.0,0.9999751243781094,knn_k6,Local-KNN K=6,mean_largest_scc_fraction,2000,50
shared evaluation seed,6.0,6.0,0.08163265306122448,7.0,6.0,knn_k6,Local-KNN K=6,mean_degree,2000,50
shared evaluation seed,7.0,7.0,0.08163265306122448,7.0,7.0,knn_k6,Local-KNN K=6,mean_radius,2000,50
shared evaluation seed,153.93804002589985,153.93804002589985,0.08163265306122448,7.0,153.93804002589985,knn_k6,Local-KNN K=6,mean_interaction_area,2000,50
shared evaluation seed,0.0,0.0,0.08163265306122448,7.0,0.0,knn_k6,Local-KNN K=6,neighbor_loss_rate,2000,50
shared evaluation seed,0.9909237450268632,0.9883107559885538,0.08163265306122448,7.0,0.9897251083814878,knn_k6,Local-KNN K=6,polar_order,2000,50
shared evaluation seed,0.0041384240766515635,0.003636621248111747,0.08163265306122448,7.0,0.003887046799848693,knn_k6,Local-KNN K=6,velocity_dispersion,2000,50
shared evaluation seed,0.00899174758146513,0.008254945255525158,0.08163265306122448,7.0,0.008639401466588773,knn_k6,Local-KNN K=6,control_energy,2000,50
shared evaluation seed,0.0,0.0,0.08163265306122448,7.0,0.0,knn_k6,Local-KNN K=6,radius_temporal_variation,2000,50
shared evaluation seed,0.0,0.0,0.08163265306122448,7.0,0.0,knn_k6,Local-KNN K=6,radius_command_temporal_variation,2000,50
shared evaluation seed,0.0,0.0,0.08163265306122448,7.0,0.0,knn_k6,Local-KNN K=6,radius_min_saturation_fraction,2000,50
shared evaluation seed,1.0,1.0,0.08163265306122448,7.0,1.0,knn_k6,Local-KNN K=6,radius_max_saturation_fraction,2000,50
shared evaluation seed,0.0,0.0,0.08163265306122448,7.0,0.0,knn_k6,Local-KNN K=6,mean_degree_error,2000,50
shared evaluation seed,0.0,0.0,0.08163265306122448,7.0,0.0,knn_k6,Local-KNN K=6,mean_degree_error_sq,2000,50
shared evaluation seed,0.0,0.0,0.08163265306122448,7.0,0.0,knn_k6,Local-KNN K=6,radius_oscillation_frequency,2000,50
shared evaluation seed,0.0,0.0,0.04938271604938271,9.0,0.0,knn_k6,Local-KNN K=6,final_fragmentation,2000,50
shared evaluation seed,0.0,0.0,0.04938271604938271,9.0,0.0,knn_k6,Local-KNN K=6,mean_fragmentation,2000,50
shared evaluation seed,1.0,1.0,0.04938271604938271,9.0,1.0,knn_k6,Local-KNN K=6,final_largest_scc_fraction,2000,50
shared evaluation seed,1.0,0.9999378109452737,0.04938271604938271,9.0,0.9999751243781094,knn_k6,Local-KNN K=6,mean_largest_scc_fraction,2000,50
shared evaluation seed,5.997431592039801,5.983799595771144,0.04938271604938271,9.0,5.991206467661691,knn_k6,Local-KNN K=6,mean_degree,2000,50
shared evaluation seed,8.25,8.25,0.04938271604938271,9.0,8.25,knn_k6,Local-KNN K=6,mean_radius,2000,50
shared evaluation seed,213.82464998495527,213.82464998495527,0.04938271604938271,9.0,213.82464998495527,knn_k6,Local-KNN K=6,mean_interaction_area,2000,50
shared evaluation seed,8.125e-05,1.25e-05,0.04938271604938271,9.0,4.3750000000000006e-05,knn_k6,Local-KNN K=6,neighbor_loss_rate,2000,50
shared evaluation seed,0.9907141073284993,0.9878641260434978,0.04938271604938271,9.0,0.9893362636200672,knn_k6,Local-KNN K=6,polar_order,2000,50
shared evaluation seed,0.00415402284276794,0.0036685500986826046,0.04938271604938271,9.0,0.003912376304168746,knn_k6,Local-KNN K=6,velocity_dispersion,2000,50
shared evaluation seed,0.008961351880720494,0.00825216464880524,0.04938271604938271,9.0,0.008634130556811162,knn_k6,Local-KNN K=6,control_energy,2000,50
shared evaluation seed,0.0,0.0,0.04938271604938271,9.0,0.0,knn_k6,Local-KNN K=6,radius_temporal_variation,2000,50
shared evaluation seed,0.0,0.0,0.04938271604938271,9.0,0.0,knn_k6,Local-KNN K=6,radius_command_temporal_variation,2000,50
shared evaluation seed,0.0,0.0,0.04938271604938271,9.0,0.0,knn_k6,Local-KNN K=6,radius_min_saturation_fraction,2000,50
shared evaluation seed,1.0,1.0,0.04938271604938271,9.0,1.0,knn_k6,Local-KNN K=6,radius_max_saturation_fraction,2000,50
shared evaluation seed,0.01625,0.002555970149253731,0.04938271604938271,9.0,0.008793532338308457,knn_k6,Local-KNN K=6,mean_degree_error,2000,50
shared evaluation seed,0.016393345771144277,0.0025558146766169153,0.04938271604938271,9.0,0.008868159203980099,knn_k6,Local-KNN K=6,mean_degree_error_sq,2000,50
shared evaluation seed,0.0,0.0,0.04938271604938271,9.0,0.0,knn_k6,Local-KNN K=6,radius_oscillation_frequency,2000,50
shared evaluation seed,0.0,0.0,0.03305785123966942,11.0,0.0,knn_k6,Local-KNN K=6,final_fragmentation,2000,50
shared evaluation seed,0.0,0.0,0.03305785123966942,11.0,0.0,knn_k6,Local-KNN K=6,mean_fragmentation,2000,50
shared evaluation seed,1.0,1.0,0.03305785123966942,11.0,1.0,knn_k6,Local-KNN K=6,final_largest_scc_fraction,2000,50
shared evaluation seed,1.0,0.9989241293532338,0.03305785123966942,11.0,0.999639303482587,knn_k6,Local-KNN K=6,mean_largest_scc_fraction,2000,50
shared evaluation seed,5.606538090796019,5.483449471393034,0.03305785123966942,11.0,5.546542288557214,knn_k6,Local-KNN K=6,mean_degree,2000,50
shared evaluation seed,8.25,8.25,0.03305785123966942,11.0,8.25,knn_k6,Local-KNN K=6,mean_radius,2000,50
shared evaluation seed,213.82464998495527,213.82464998495527,0.03305785123966942,11.0,213.82464998495527,knn_k6,Local-KNN K=6,mean_interaction_area,2000,50
shared evaluation seed,0.0010125000000000002,0.0006375,0.03305785123966942,11.0,0.00081875,knn_k6,Local-KNN K=6,neighbor_loss_rate,2000,50
shared evaluation seed,0.9898193931199802,0.9866685703028962,0.03305785123966942,11.0,0.988333452551232,knn_k6,Local-KNN K=6,polar_order,2000,50
shared evaluation seed,0.004268801824864151,0.003779675865274274,0.03305785123966942,11.0,0.004020553654326469,knn_k6,Local-KNN K=6,velocity_dispersion,2000,50
shared evaluation seed,0.00905287955239687,0.00834859645716554,0.03305785123966942,11.0,0.00868996792878605,knn_k6,Local-KNN K=6,control_energy,2000,50
shared evaluation seed,0.0,0.0,0.03305785123966942,11.0,0.0,knn_k6,Local-KNN K=6,radius_temporal_variation,2000,50
shared evaluation seed,0.0,0.0,0.03305785123966942,11.0,0.0,knn_k6,Local-KNN K=6,radius_command_temporal_variation,2000,50
shared evaluation seed,0.0,0.0,0.03305785123966942,11.0,0.0,knn_k6,Local-KNN K=6,radius_min_saturation_fraction,2000,50
shared evaluation seed,1.0,1.0,0.03305785123966942,11.0,1.0,knn_k6,Local-KNN K=6,radius_max_saturation_fraction,2000,50
shared evaluation seed,0.5135211442786068,0.3951321517412935,0.03305785123966942,11.0,0.45345771144278607,knn_k6,Local-KNN K=6,mean_degree_error,2000,50
shared evaluation seed,1.087638370646766,0.7647764303482586,0.03305785123966942,11.0,0.9204353233830845,knn_k6,Local-KNN K=6,mean_degree_error_sq,2000,50
shared evaluation seed,0.0,0.0,0.03305785123966942,11.0,0.0,knn_k6,Local-KNN K=6,radius_oscillation_frequency,2000,50
shared evaluation seed,0.0,0.0,0.02040816326530612,14.0,0.0,knn_k6,Local-KNN K=6,final_fragmentation,2000,50
shared evaluation seed,0.004086753731343278,0.0005471082089552239,0.02040816326530612,14.0,0.0021019900497512437,knn_k6,Local-KNN K=6,mean_fragmentation,2000,50
shared evaluation seed,1.0,0.985,0.02040816326530612,14.0,0.99375,knn_k6,Local-KNN K=6,final_largest_scc_fraction,2000,50
shared evaluation seed,0.9984639303482586,0.9823125,0.02040816326530612,14.0,0.9918097014925372,knn_k6,Local-KNN K=6,mean_largest_scc_fraction,2000,50
shared evaluation seed,4.312186411691542,4.097945118159204,0.02040816326530612,14.0,4.203351990049751,knn_k6,Local-KNN K=6,mean_degree,2000,50
shared evaluation seed,8.25,8.25,0.02040816326530612,14.0,8.25,knn_k6,Local-KNN K=6,mean_radius,2000,50
shared evaluation seed,213.82464998495527,213.82464998495527,0.02040816326530612,14.0,213.82464998495527,knn_k6,Local-KNN K=6,mean_interaction_area,2000,50
shared evaluation seed,0.00185625,0.00135,0.02040816326530612,14.0,0.0016,knn_k6,Local-KNN K=6,neighbor_loss_rate,2000,50
shared evaluation seed,0.9822281268961345,0.9717738954619239,0.02040816326530612,14.0,0.9774407893154508,knn_k6,Local-KNN K=6,polar_order,2000,50
shared evaluation seed,0.005727035482623244,0.004814377977669621,0.02040816326530612,14.0,0.005266502798142117,knn_k6,Local-KNN K=6,velocity_dispersion,2000,50
shared evaluation seed,0.010030581087350426,0.009124048822811417,0.02040816326530612,14.0,0.009578645312846261,knn_k6,Local-KNN K=6,control_energy,2000,50
shared evaluation seed,0.0,0.0,0.02040816326530612,14.0,0.0,knn_k6,Local-KNN K=6,radius_temporal_variation,2000,50
shared evaluation seed,0.0,0.0,0.02040816326530612,14.0,0.0,knn_k6,Local-KNN K=6,radius_command_temporal_variation,2000,50
shared evaluation seed,0.0,0.0,0.02040816326530612,14.0,0.0,knn_k6,Local-KNN K=6,radius_min_saturation_fraction,2000,50
shared evaluation seed,1.0,1.0,0.02040816326530612,14.0,1.0,knn_k6,Local-KNN K=6,radius_max_saturation_fraction,2000,50
shared evaluation seed,1.9118782649253732,1.690505752487562,0.02040816326530612,14.0,1.7966480099502489,knn_k6,Local-KNN K=6,mean_degree_error,2000,50
shared evaluation seed,5.600363028606965,4.856276741293533,0.02040816326530612,14.0,5.2226554726368155,knn_k6,Local-KNN K=6,mean_degree_error_sq,2000,50
shared evaluation seed,0.0,0.0,0.02040816326530612,14.0,0.0,knn_k6,Local-KNN K=6,radius_oscillation_frequency,2000,50
shared evaluation seed,0.0425,0.0,0.012345679012345678,18.0,0.01625,knn_k6,Local-KNN K=6,final_fragmentation,2000,50
shared evaluation seed,0.10962717661691541,0.053446517412935324,0.012345679012345678,18.0,0.07870646766169154,knn_k6,Local-KNN K=6,mean_fragmentation,2000,50
shared evaluation seed,1.0,0.9575,0.012345679012345678,18.0,0.98375,knn_k6,Local-KNN K=6,final_largest_scc_fraction,2000,50
shared evaluation seed,0.9473258706467662,0.890357276119403,0.012345679012345678,18.0,0.9212624378109453,knn_k6,Local-KNN K=6,mean_largest_scc_fraction,2000,50
shared evaluation seed,3.166511504975124,2.9139967350746265,0.012345679012345678,18.0,3.037655472636816,knn_k6,Local-KNN K=6,mean_degree,2000,50
shared evaluation seed,8.25,8.25,0.012345679012345678,18.0,8.25,knn_k6,Local-KNN K=6,mean_radius,2000,50
shared evaluation seed,213.82464998495527,213.82464998495527,0.012345679012345678,18.0,213.82464998495527,knn_k6,Local-KNN K=6,mean_interaction_area,2000,50
shared evaluation seed,0.0017000000000000001,0.00110625,0.012345679012345678,18.0,0.0014000000000000002,knn_k6,Local-KNN K=6,neighbor_loss_rate,2000,50
shared evaluation seed,0.9381739435258818,0.8867728207707779,0.012345679012345678,18.0,0.9135562986810568,knn_k6,Local-KNN K=6,polar_order,2000,50
shared evaluation seed,0.015116564198439283,0.011563726467748565,0.012345679012345678,18.0,0.013279193204004072,knn_k6,Local-KNN K=6,velocity_dispersion,2000,50
shared evaluation seed,0.01919730657979665,0.014435189315436059,0.012345679012345678,18.0,0.016705402956971826,knn_k6,Local-KNN K=6,control_energy,2000,50
shared evaluation seed,0.0,0.0,0.012345679012345678,18.0,0.0,knn_k6,Local-KNN K=6,radius_temporal_variation,2000,50
shared evaluation seed,0.0,0.0,0.012345679012345678,18.0,0.0,knn_k6,Local-KNN K=6,radius_command_temporal_variation,2000,50
shared evaluation seed,0.0,0.0,0.012345679012345678,18.0,0.0,knn_k6,Local-KNN K=6,radius_min_saturation_fraction,2000,50
shared evaluation seed,1.0,1.0,0.012345679012345678,18.0,1.0,knn_k6,Local-KNN K=6,radius_max_saturation_fraction,2000,50
shared evaluation seed,3.0851546952736317,2.8355256529850745,0.012345679012345678,18.0,2.962344527363184,knn_k6,Local-KNN K=6,mean_degree_error,2000,50
shared evaluation seed,11.248167133084575,10.074034514925374,0.012345679012345678,18.0,10.653662935323382,knn_k6,Local-KNN K=6,mean_degree_error_sq,2000,50
shared evaluation seed,0.0,0.0,0.012345679012345678,18.0,0.0,knn_k6,Local-KNN K=6,radius_oscillation_frequency,2000,50
shared evaluation seed,0.18875,0.0775,0.007561436672967864,23.0,0.12875,knn_k6,Local-KNN K=6,final_fragmentation,2000,50
shared evaluation seed,0.2941763059701492,0.20982695895522388,0.007561436672967864,23.0,0.2520460199004975,knn_k6,Local-KNN K=6,mean_fragmentation,2000,50
shared evaluation seed,0.92375,0.81625,0.007561436672967864,23.0,0.87125,knn_k6,Local-KNN K=6,final_largest_scc_fraction,2000,50
shared evaluation seed,0.790118314676617,0.7037915111940298,0.007561436672967864,23.0,0.7479539800995024,knn_k6,Local-KNN K=6,mean_largest_scc_fraction,2000,50
shared evaluation seed,2.4244315920398005,2.2339107587064677,0.007561436672967864,23.0,2.3259825870646766,knn_k6,Local-KNN K=6,mean_degree,2000,50
shared evaluation seed,8.25,8.25,0.007561436672967864,23.0,8.25,knn_k6,Local-KNN K=6,mean_radius,2000,50
shared evaluation seed,213.82464998495527,213.82464998495527,0.007561436672967864,23.0,213.82464998495527,knn_k6,Local-KNN K=6,mean_interaction_area,2000,50
shared evaluation seed,0.00168125,0.00103125,0.007561436672967864,23.0,0.00134375,knn_k6,Local-KNN K=6,neighbor_loss_rate,2000,50
shared evaluation seed,0.837718201444086,0.7505810078367879,0.007561436672967864,23.0,0.7947529054239775,knn_k6,Local-KNN K=6,polar_order,2000,50
shared evaluation seed,0.04385520809676006,0.034032910410722365,0.007561436672967864,23.0,0.038968555106215136,knn_k6,Local-KNN K=6,velocity_dispersion,2000,50
shared evaluation seed,0.06635268184548064,0.042547406480793366,0.007561436672967864,23.0,0.05331546882694672,knn_k6,Local-KNN K=6,control_energy,2000,50
shared evaluation seed,0.0,0.0,0.007561436672967864,23.0,0.0,knn_k6,Local-KNN K=6,radius_temporal_variation,2000,50
shared evaluation seed,0.0,0.0,0.007561436672967864,23.0,0.0,knn_k6,Local-KNN K=6,radius_command_temporal_variation,2000,50
shared evaluation seed,0.0,0.0,0.007561436672967864,23.0,0.0,knn_k6,Local-KNN K=6,radius_min_saturation_fraction,2000,50
shared evaluation seed,1.0,1.0,0.007561436672967864,23.0,1.0,knn_k6,Local-KNN K=6,radius_max_saturation_fraction,2000,50
shared evaluation seed,3.7637549751243777,3.577157338308458,0.007561436672967864,23.0,3.6740174129353234,knn_k6,Local-KNN K=6,mean_degree_error,2000,50
shared evaluation seed,15.348926305970148,14.175870646766171,0.007561436672967864,23.0,14.763594527363184,knn_k6,Local-KNN K=6,mean_degree_error_sq,2000,50
shared evaluation seed,0.0,0.0,0.007561436672967864,23.0,0.0,knn_k6,Local-KNN K=6,radius_oscillation_frequency,2000,50
shared evaluation seed,0.32125,0.205,0.0044444444444444444,30.0,0.2625,knn_k6,Local-KNN K=6,final_fragmentation,2000,50
shared evaluation seed,0.4771795708955224,0.40463479477611947,0.0044444444444444444,30.0,0.44187189054726367,knn_k6,Local-KNN K=6,mean_fragmentation,2000,50
shared evaluation seed,0.795,0.68,0.0044444444444444444,30.0,0.7375,knn_k6,Local-KNN K=6,final_largest_scc_fraction,2000,50
shared evaluation seed,0.5952056902985075,0.5212602611940298,0.0044444444444444444,30.0,0.5581281094527363,knn_k6,Local-KNN K=6,mean_largest_scc_fraction,2000,50
shared evaluation seed,1.8191144278606963,1.7020055970149255,0.0044444444444444444,30.0,1.760820895522388,knn_k6,Local-KNN K=6,mean_degree,2000,50
shared evaluation seed,8.25,8.25,0.0044444444444444444,30.0,8.25,knn_k6,Local-KNN K=6,mean_radius,2000,50
shared evaluation seed,213.82464998495527,213.82464998495527,0.0044444444444444444,30.0,213.82464998495527,knn_k6,Local-KNN K=6,mean_interaction_area,2000,50
shared evaluation seed,0.00199375,0.00065,0.0044444444444444444,30.0,0.0011687499999999999,knn_k6,Local-KNN K=6,neighbor_loss_rate,2000,50
shared evaluation seed,0.659539695070575,0.5654733161908042,0.0044444444444444444,30.0,0.6114376349577967,knn_k6,Local-KNN K=6,polar_order,2000,50
shared evaluation seed,0.12172318178005845,0.09583210335918882,0.0044444444444444444,30.0,0.10778547286206193,knn_k6,Local-KNN K=6,velocity_dispersion,2000,50
shared evaluation seed,0.18154818776872517,0.1243295734852555,0.0044444444444444444,30.0,0.15246987582459867,knn_k6,Local-KNN K=6,control_energy,2000,50
shared evaluation seed,0.0,0.0,0.0044444444444444444,30.0,0.0,knn_k6,Local-KNN K=6,radius_temporal_variation,2000,50
shared evaluation seed,0.0,0.0,0.0044444444444444444,30.0,0.0,knn_k6,Local-KNN K=6,radius_command_temporal_variation,2000,50
shared evaluation seed,0.0,0.0,0.0044444444444444444,30.0,0.0,knn_k6,Local-KNN K=6,radius_min_saturation_fraction,2000,50
shared evaluation seed,1.0,1.0,0.0044444444444444444,30.0,1.0,knn_k6,Local-KNN K=6,radius_max_saturation_fraction,2000,50
shared evaluation seed,4.299316542288557,4.178175373134327,0.0044444444444444444,30.0,4.2391791044776115,knn_k6,Local-KNN K=6,mean_degree_error,2000,50
shared evaluation seed,19.41396361940298,18.506834266169154,0.0044444444444444444,30.0,18.954751243781097,knn_k6,Local-KNN K=6,mean_degree_error_sq,2000,50
shared evaluation seed,0.0,0.0,0.0044444444444444444,30.0,0.0,knn_k6,Local-KNN K=6,radius_oscillation_frequency,2000,50
