bootstrap_unit,ci95_high,ci95_low,density,half_width,mean,method,method_label,metric,n_bootstrap,n_seeds
shared evaluation seed,0.0,0.0,0.08163265306122448,7.0,0.0,alf,ALF,final_fragmentation,2000,50
shared evaluation seed,0.0,0.0,0.08163265306122448,7.0,0.0,alf,ALF,mean_fragmentation,2000,50
shared evaluation seed,1.0,1.0,0.08163265306122448,7.0,1.0,alf,ALF,final_largest_scc_fraction,2000,50
shared evaluation seed,1.0,1.0,0.08163265306122448,7.0,1.0,alf,ALF,mean_largest_scc_fraction,2000,50
shared evaluation seed,7.43525342039801,7.1103692475124385,0.08163265306122448,7.0,7.265292288557214,alf,ALF,mean_degree,2000,50
shared evaluation seed,5.253494966931714,5.078328038837955,0.08163265306122448,7.0,5.166740318836223,alf,ALF,mean_radius,2000,50
shared evaluation seed,89.59271366762246,84.18554745678857,0.08163265306122448,7.0,86.94940883909885,alf,ALF,mean_interaction_area,2000,50
shared evaluation seed,0.00366875,0.0029,0.08163265306122448,7.0,0.0032687500000000004,alf,ALF,neighbor_loss_rate,2000,50
shared evaluation seed,0.9914303604373013,0.9890216988782355,0.08163265306122448,7.0,0.9903332772098226,alf,ALF,polar_order,2000,50
shared evaluation seed,0.004085001231229923,0.0036104635550412234,0.08163265306122448,7.0,0.0038411430776143355,alf,ALF,velocity_dispersion,2000,50
shared evaluation seed,0.008933683486674431,0.008244667838645801,0.08163265306122448,7.0,0.008591914196776657,alf,ALF,control_energy,2000,50
shared evaluation seed,0.0023660478164210293,0.001975157762682315,0.08163265306122448,7.0,0.0021675404421489016,alf,ALF,radius_temporal_variation,2000,50
shared evaluation seed,0.0028568521617344383,0.0024080938214300447,0.08163265306122448,7.0,0.002628366597755285,alf,ALF,radius_command_temporal_variation,2000,50
shared evaluation seed,0.0,0.0,0.08163265306122448,7.0,0.0,alf,ALF,radius_min_saturation_fraction,2000,50
shared evaluation seed,0.15061582711442786,0.10957571517412937,0.08163265306122448,7.0,0.13063432835820896,alf,ALF,radius_max_saturation_fraction,2000,50
shared evaluation seed,2.368252487562189,2.139712997512438,0.08163265306122448,7.0,2.2556716417910447,alf,ALF,mean_degree_error,2000,50
shared evaluation seed,7.577133395522388,6.507917288557214,0.08163265306122448,7.0,7.027201492537314,alf,ALF,mean_degree_error_sq,2000,50
shared evaluation seed,0.0006375,0.00039375,0.08163265306122448,7.0,0.0005124999999999999,alf,ALF,radius_oscillation_frequency,2000,50
shared evaluation seed,0.0,0.0,0.04938271604938271,9.0,0.0,alf,ALF,final_fragmentation,2000,50
shared evaluation seed,0.0,0.0,0.04938271604938271,9.0,0.0,alf,ALF,mean_fragmentation,2000,50
shared evaluation seed,1.0,0.98125,0.04938271604938271,9.0,0.99375,alf,ALF,final_largest_scc_fraction,2000,50
shared evaluation seed,1.0,0.982276119402985,0.04938271604938271,9.0,0.994092039800995,alf,ALF,mean_largest_scc_fraction,2000,50
shared evaluation seed,6.99128125,6.685403140547264,0.04938271604938271,9.0,6.829135572139303,alf,ALF,mean_degree,2000,50
shared evaluation seed,6.5706099582211674,6.354286607633591,0.04938271604938271,9.0,6.463286581247982,alf,ALF,mean_radius,2000,50
shared evaluation seed,140.37518303770074,131.45708122461687,0.04938271604938271,9.0,135.86175183815843,alf,ALF,mean_interaction_area,2000,50
shared evaluation seed,0.0032124999999999996,0.00248125,0.04938271604938271,9.0,0.00285,alf,ALF,neighbor_loss_rate,2000,50
shared evaluation seed,0.9908007668554597,0.9874015705177851,0.04938271604938271,9.0,0.9892865605388043,alf,ALF,polar_order,2000,50
shared evaluation seed,0.004191967355062825,0.0036917572606580172,0.04938271604938271,9.0,0.00393478416650335,alf,ALF,velocity_dispersion,2000,50
shared evaluation seed,0.008996349752824177,0.008269140241589286,0.04938271604938271,9.0,0.008632558251394782,alf,ALF,control_energy,2000,50
shared evaluation seed,0.0024137773926723592,0.0019303323691393503,0.04938271604938271,9.0,0.002177349254010074,alf,ALF,radius_temporal_variation,2000,50
shared evaluation seed,0.0029335151092229838,0.0022997878931822016,0.04938271604938271,9.0,0.0026184370510870174,alf,ALF,radius_command_temporal_variation,2000,50
shared evaluation seed,0.0,0.0,0.04938271604938271,9.0,0.0,alf,ALF,radius_min_saturation_fraction,2000,50
shared evaluation seed,0.23568034825870646,0.17909001865671642,0.04938271604938271,9.0,0.20691542288557216,alf,ALF,radius_max_saturation_fraction,2000,50
shared evaluation seed,3.7263582089552236,3.4548230721393036,0.04938271604938271,9.0,3.5969776119402983,alf,ALF,mean_degree_error,2000,50
shared evaluation seed,15.559472014925372,13.929572139303481,0.04938271604938271,9.0,14.709987562189056,alf,ALF,mean_degree_error_sq,2000,50
shared evaluation seed,0.000375,0.00016875,0.04938271604938271,9.0,0.0002625,alf,ALF,radius_oscillation_frequency,2000,50
shared evaluation seed,0.0,0.0,0.03305785123966942,11.0,0.0,alf,ALF,final_fragmentation,2000,50
shared evaluation seed,0.0,0.0,0.03305785123966942,11.0,0.0,alf,ALF,mean_fragmentation,2000,50
shared evaluation seed,1.0,0.98875,0.03305785123966942,11.0,0.99625,alf,ALF,final_largest_scc_fraction,2000,50
shared evaluation seed,1.0,0.9912002487562189,0.03305785123966942,11.0,0.9970646766169154,alf,ALF,mean_largest_scc_fraction,2000,50
shared evaluation seed,5.573770055970148,5.308154228855722,0.03305785123966942,11.0,5.442213930348259,alf,ALF,mean_degree,2000,50
shared evaluation seed,7.268851398230851,7.073430846295132,0.03305785123966942,11.0,7.169669607113417,alf,ALF,mean_radius,2000,50
shared evaluation seed,168.8259106567134,160.444254803186,0.03305785123966942,11.0,164.6167875382949,alf,ALF,mean_interaction_area,2000,50
shared evaluation seed,0.00235625,0.0017125,0.03305785123966942,11.0,0.0020375000000000002,alf,ALF,neighbor_loss_rate,2000,50
shared evaluation seed,0.9887183435023572,0.983536316927821,0.03305785123966942,11.0,0.9863399263143635,alf,ALF,polar_order,2000,50
shared evaluation seed,0.00447758185816134,0.00392960942321406,0.03305785123966942,11.0,0.004202570895718648,alf,ALF,velocity_dispersion,2000,50
shared evaluation seed,0.00906719526716077,0.008426223732763997,0.03305785123966942,11.0,0.008735609946861725,alf,ALF,control_energy,2000,50
shared evaluation seed,0.001881579230737097,0.0013913358459137384,0.03305785123966942,11.0,0.0016292087702387747,alf,ALF,radius_temporal_variation,2000,50
shared evaluation seed,0.002405858246593588,0.0016925899104321374,0.03305785123966942,11.0,0.0020408374598565693,alf,ALF,radius_command_temporal_variation,2000,50
shared evaluation seed,0.0,0.0,0.03305785123966942,11.0,0.0,alf,ALF,radius_min_saturation_fraction,2000,50
shared evaluation seed,0.4846400808457711,0.39435867537313435,0.03305785123966942,11.0,0.44095771144278606,alf,ALF,radius_max_saturation_fraction,2000,50
shared evaluation seed,4.5125065298507465,4.299463930348258,0.03305785123966942,11.0,4.406828358208956,alf,ALF,mean_degree_error,2000,50
shared evaluation seed,21.535896766169152,19.786206156716418,0.03305785123966942,11.0,20.701405472636814,alf,ALF,mean_degree_error_sq,2000,50
shared evaluation seed,0.00044374999999999997,0.00014375,0.03305785123966942,11.0,0.00028125000000000003,alf,ALF,radius_oscillation_frequency,2000,50
shared evaluation seed,0.0,0.0,0.02040816326530612,14.0,0.0,alf,ALF,final_fragmentation,2000,50
shared evaluation seed,0.003004197761194027,0.0007151741293532339,0.02040816326530612,14.0,0.0017412935323383083,alf,ALF,mean_fragmentation,2000,50
shared evaluation seed,1.0,0.98625,0.02040816326530612,14.0,0.995,alf,ALF,final_largest_scc_fraction,2000,50
shared evaluation seed,0.9976559390547264,0.9832078669154227,0.02040816326530612,14.0,0.9920335820895523,alf,ALF,mean_largest_scc_fraction,2000,50
shared evaluation seed,4.088837375621891,3.833337064676617,0.02040816326530612,14.0,3.953837064676617,alf,ALF,mean_degree,2000,50
shared evaluation seed,7.718633288619544,7.579040775495911,0.02040816326530612,14.0,7.652219273136269,alf,ALF,mean_radius,2000,50
shared evaluation seed,188.28978417141127,182.44964614810627,0.02040816326530612,14.0,185.41141092043134,alf,ALF,mean_interaction_area,2000,50
shared evaluation seed,0.00149375,0.0010375,0.02040816326530612,14.0,0.0012562500000000002,alf,ALF,neighbor_loss_rate,2000,50
shared evaluation seed,0.9792011481210845,0.9555287992848115,0.02040816326530612,14.0,0.969311020087207,alf,ALF,polar_order,2000,50
shared evaluation seed,0.006730762913699203,0.005302520547057609,0.02040816326530612,14.0,0.005953629822019749,alf,ALF,velocity_dispersion,2000,50
shared evaluation seed,0.010298884930536815,0.009355532809703667,0.02040816326530612,14.0,0.009820461150625364,alf,ALF,control_energy,2000,50
shared evaluation seed,0.0008671219624824955,0.00046993752590467156,0.02040816326530612,14.0,0.0006594219964198788,alf,ALF,radius_temporal_variation,2000,50
shared evaluation seed,0.0011669270923146025,0.0006639309408836326,0.02040816326530612,14.0,0.0009099228594871063,alf,ALF,radius_command_temporal_variation,2000,50
shared evaluation seed,0.0,0.0,0.02040816326530612,14.0,0.0,alf,ALF,radius_min_saturation_fraction,2000,50
shared evaluation seed,0.7533813743781094,0.6683137437810945,0.02040816326530612,14.0,0.7133146766169155,alf,ALF,radius_max_saturation_fraction,2000,50
shared evaluation seed,5.157482898009952,4.987838619402985,0.02040816326530612,14.0,5.074477611940298,alf,ALF,mean_degree_error,2000,50
shared evaluation seed,27.40795957711443,25.82922356965174,0.02040816326530612,14.0,26.623544776119402,alf,ALF,mean_degree_error_sq,2000,50
shared evaluation seed,0.00023125,6.25e-05,0.02040816326530612,14.0,0.0001375,alf,ALF,radius_oscillation_frequency,2000,50
shared evaluation seed,0.0075,0.0,0.012345679012345678,18.0,0.0025,alf,ALF,final_fragmentation,2000,50
shared evaluation seed,0.1113994092039801,0.05750481965174129,0.012345679012345678,18.0,0.08361940298507463,alf,ALF,mean_fragmentation,2000,50
shared evaluation seed,0.9975,0.95,0.012345679012345678,18.0,0.9775,alf,ALF,final_largest_scc_fraction,2000,50
shared evaluation seed,0.9289521144278606,0.8653837064676617,0.012345679012345678,18.0,0.8982338308457711,alf,ALF,mean_largest_scc_fraction,2000,50
shared evaluation seed,2.9810082400497513,2.76189598880597,0.012345679012345678,18.0,2.8719278606965175,alf,ALF,mean_degree,2000,50
shared evaluation seed,7.890941630457569,7.816522866708662,0.012345679012345678,18.0,7.8533705612769475,alf,ALF,mean_radius,2000,50
shared evaluation seed,195.89271959427188,192.57383516003458,0.012345679012345678,18.0,194.29222266494395,alf,ALF,mean_interaction_area,2000,50
shared evaluation seed,0.0009875,0.00064375,0.012345679012345678,18.0,0.0008125000000000001,alf,ALF,neighbor_loss_rate,2000,50
shared evaluation seed,0.9303226918511757,0.8756340101261572,0.012345679012345678,18.0,0.9043289806630577,alf,ALF,polar_order,2000,50
shared evaluation seed,0.016818240738032092,0.012952507843303979,0.012345679012345678,18.0,0.0148020422976828,alf,ALF,velocity_dispersion,2000,50
shared evaluation seed,0.020561589494077957,0.015186996294814513,0.012345679012345678,18.0,0.017622811263449372,alf,ALF,control_energy,2000,50
shared evaluation seed,0.0003758610939133058,0.0001466563606419719,0.012345679012345678,18.0,0.00025611092715950535,alf,ALF,radius_temporal_variation,2000,50
shared evaluation seed,0.00040397508002231944,0.00015528680693403422,0.012345679012345678,18.0,0.0002741851990267052,alf,ALF,radius_command_temporal_variation,2000,50
shared evaluation seed,0.0,0.0,0.012345679012345678,18.0,0.0,alf,ALF,radius_min_saturation_fraction,2000,50
shared evaluation seed,0.8926990049751243,0.8376242226368159,0.012345679012345678,18.0,0.8664427860696517,alf,ALF,radius_max_saturation_fraction,2000,50
shared evaluation seed,5.481537935323383,5.348847947761193,0.012345679012345678,18.0,5.41360696517413,alf,ALF,mean_degree_error,2000,50
shared evaluation seed,30.450568097014926,29.16914116915423,0.012345679012345678,18.0,29.844751243781094,alf,ALF,mean_degree_error_sq,2000,50
shared evaluation seed,9.375e-05,1.875e-05,0.012345679012345678,18.0,5e-05,alf,ALF,radius_oscillation_frequency,2000,50
shared evaluation seed,0.10625,0.02875,0.007561436672967864,23.0,0.065,alf,ALF,final_fragmentation,2000,50
shared evaluation seed,0.28009499378109454,0.19839490049751243,0.007561436672967864,23.0,0.23757462686567163,alf,ALF,mean_fragmentation,2000,50
shared evaluation seed,0.97125,0.89625,0.007561436672967864,23.0,0.935,alf,ALF,final_largest_scc_fraction,2000,50
shared evaluation seed,0.7995273631840794,0.7195362251243781,0.007561436672967864,23.0,0.7594154228855722,alf,ALF,mean_largest_scc_fraction,2000,50
shared evaluation seed,2.379292599502487,2.1993746890547263,0.007561436672967864,23.0,2.289962686567164,alf,ALF,mean_degree,2000,50
shared evaluation seed,7.975471421547394,7.930859687040634,0.007561436672967864,23.0,7.955135277599819,alf,ALF,mean_radius,2000,50
shared evaluation seed,199.9108618871018,197.91233610835988,0.007561436672967864,23.0,198.97941046828362,alf,ALF,mean_interaction_area,2000,50
shared evaluation seed,0.0006687500000000001,0.0003625,0.007561436672967864,23.0,0.0005062500000000001,alf,ALF,neighbor_loss_rate,2000,50
shared evaluation seed,0.8258182421881153,0.7340591629620449,0.007561436672967864,23.0,0.7807997921024556,alf,ALF,polar_order,2000,50
shared evaluation seed,0.049372617645576204,0.0377127982076639,0.007561436672967864,23.0,0.0433436697308394,alf,ALF,velocity_dispersion,2000,50
shared evaluation seed,0.07310739342257913,0.046838003873714756,0.007561436672967864,23.0,0.05953844700854214,alf,ALF,control_energy,2000,50
shared evaluation seed,0.00013101746653028363,3.349364790288877e-05,0.007561436672967864,23.0,7.749214233532798e-05,alf,ALF,radius_temporal_variation,2000,50
shared evaluation seed,0.00017416697508022984,4.019237886466843e-05,0.007561436672967864,23.0,0.00010172814848078753,alf,ALF,radius_command_temporal_variation,2000,50
shared evaluation seed,0.0,0.0,0.007561436672967864,23.0,0.0,alf,ALF,radius_min_saturation_fraction,2000,50
shared evaluation seed,0.9735537935323383,0.9367638370646766,0.007561436672967864,23.0,0.9558519900497512,alf,ALF,radius_max_saturation_fraction,2000,50
shared evaluation seed,5.688273631840796,5.595683457711443,0.007561436672967864,23.0,5.642636815920398,alf,ALF,mean_degree_error,2000,50
shared evaluation seed,32.62725621890547,31.66501119402985,0.007561436672967864,23.0,32.15736318407961,alf,ALF,mean_degree_error_sq,2000,50
shared evaluation seed,5.625e-05,0.0,0.007561436672967864,23.0,1.875e-05,alf,ALF,radius_oscillation_frequency,2000,50
shared evaluation seed,0.3,0.19125,0.0044444444444444444,30.0,0.24625,alf,ALF,final_fragmentation,2000,50
shared evaluation seed,0.4809208644278607,0.413525342039801,0.0044444444444444444,30.0,0.4482338308457712,alf,ALF,mean_fragmentation,2000,50
shared evaluation seed,0.8075,0.69875,0.0044444444444444444,30.0,0.75375,alf,ALF,final_largest_scc_fraction,2000,50
shared evaluation seed,0.5840275186567164,0.5176366604477612,0.0044444444444444444,30.0,0.5513868159203981,alf,ALF,mean_largest_scc_fraction,2000,50
shared evaluation seed,1.8038341106965174,1.697466262437811,0.0044444444444444444,30.0,1.7482587064676616,alf,ALF,mean_degree,2000,50
shared evaluation seed,7.99199203674373,7.959069110427042,0.0044444444444444444,30.0,7.9770206151161,alf,ALF,mean_radius,2000,50
shared evaluation seed,200.7109457010679,199.20046957136842,0.0044444444444444444,30.0,199.99431164165856,alf,ALF,mean_interaction_area,2000,50
shared evaluation seed,0.00035000000000000005,0.00015,0.0044444444444444444,30.0,0.00024375000000000002,alf,ALF,neighbor_loss_rate,2000,50
shared evaluation seed,0.6616773269017001,0.5686845527793061,0.0044444444444444444,30.0,0.6150435923647865,alf,ALF,polar_order,2000,50
shared evaluation seed,0.1281665304407606,0.1042694304990611,0.0044444444444444444,30.0,0.11529727157295701,alf,ALF,velocity_dispersion,2000,50
shared evaluation seed,0.19401247469734323,0.13482480649104636,0.0044444444444444444,30.0,0.16234285637983373,alf,ALF,control_energy,2000,50
shared evaluation seed,0.00010425372944485007,6.698703104794656e-06,0.0044444444444444444,30.0,4.813828310624952e-05,alf,ALF,radius_temporal_variation,2000,50
shared evaluation seed,0.0001042225511190205,6.69872981077807e-06,0.0044444444444444444,30.0,4.813830999456297e-05,alf,ALF,radius_command_temporal_variation,2000,50
shared evaluation seed,0.0,0.0,0.0044444444444444444,30.0,0.0,alf,ALF,radius_min_saturation_fraction,2000,50
shared evaluation seed,0.9925001554726369,0.9648132773631841,0.0044444444444444444,30.0,0.9796330845771145,alf,ALF,radius_max_saturation_fraction,2000,50
shared evaluation seed,5.825064054726368,5.7405509950248765,0.0044444444444444444,30.0,5.784253731343283,alf,ALF,mean_degree_error,2000,50
shared evaluation seed,34.12831467661692,33.234730721393035,0.0044444444444444444,30.0,33.6725,alf,ALF,mean_degree_error_sq,2000,50
shared evaluation seed,0.0,0.0,0.0044444444444444444,30.0,0.0,alf,ALF,radius_oscillation_frequency,2000,50
shared evaluation seed,0.0,0.0,0.08163265306122448,7.0,0.0,crdf,Current-radius feedback,final_fragmentation,2000,50
shared evaluation seed,0.0,0.0,0.08163265306122448,7.0,0.0,crdf,Current-radius feedback,mean_fragmentation,2000,50
shared evaluation seed,1.0,0.98625,0.08163265306122448,7.0,0.995,crdf,Current-radius feedback,final_largest_scc_fraction,2000,50
shared evaluation seed,1.0,0.9864987562189055,0.08163265306122448,7.0,0.9951057213930348,crdf,Current-radius feedback,mean_largest_scc_fraction,2000,50
shared evaluation seed,5.6584530472636825,5.464774409203979,0.08163265306122448,7.0,5.559670398009951,crdf,Current-radius feedback,mean_degree,2000,50
shared evaluation seed,4.550829530844117,4.476666373056275,0.08163265306122448,7.0,4.513907553366716,crdf,Current-radius feedback,mean_radius,2000,50
shared evaluation seed,65.65449242989662,63.660408789409736,0.08163265306122448,7.0,64.64513807477749,crdf,Current-radius feedback,mean_interaction_area,2000,50
shared evaluation seed,0.008287656249999999,0.00705,0.08163265306122448,7.0,0.00764375,crdf,Current-radius feedback,neighbor_loss_rate,2000,50
shared evaluation seed,0.9909768631435151,0.988211232568479,0.08163265306122448,7.0,0.9897456117041473,crdf,Current-radius feedback,polar_order,2000,50
shared evaluation seed,0.0041133186014381835,0.003632843886439911,0.08163265306122448,7.0,0.0038672388131023184,crdf,Current-radius feedback,velocity_dispersion,2000,50
shared evaluation seed,0.00894438327263906,0.008213753206906631,0.08163265306122448,7.0,0.008585154260328789,crdf,Current-radius feedback,control_energy,2000,50
shared evaluation seed,0.014584572409159051,0.012313574851303534,0.08163265306122448,7.0,0.013453971570761274,crdf,Current-radius feedback,radius_temporal_variation,2000,50
shared evaluation seed,0.16912302068540205,0.1356268512382796,0.08163265306122448,7.0,0.15209267939804103,crdf,Current-radius feedback,radius_command_temporal_variation,2000,50
shared evaluation seed,0.0,0.0,0.08163265306122448,7.0,0.0,crdf,Current-radius feedback,radius_min_saturation_fraction,2000,50
shared evaluation seed,0.0010760261194029844,0.00083955223880597,0.08163265306122448,7.0,0.0009577114427860696,crdf,Current-radius feedback,radius_max_saturation_fraction,2000,50
shared evaluation seed,1.2694009639303483,1.1579643967661692,0.08163265306122448,7.0,1.2173756218905474,crdf,Current-radius feedback,mean_degree_error,2000,50
shared evaluation seed,2.3265071517412936,2.0470472636815917,0.08163265306122448,7.0,2.1873383084577114,crdf,Current-radius feedback,mean_degree_error_sq,2000,50
shared evaluation seed,0.28975203124999993,0.23413625,0.08163265306122448,7.0,0.26158125,crdf,Current-radius feedback,radius_oscillation_frequency,2000,50
shared evaluation seed,0.0,0.0,0.04938271604938271,9.0,0.0,crdf,Current-radius feedback,final_fragmentation,2000,50
shared evaluation seed,0.0,0.0,0.04938271604938271,9.0,0.0,crdf,Current-radius feedback,mean_fragmentation,2000,50
shared evaluation seed,0.9975,0.98,0.04938271604938271,9.0,0.99,crdf,Current-radius feedback,final_largest_scc_fraction,2000,50
shared evaluation seed,0.9975621890547264,0.9789490049751244,0.04938271604938271,9.0,0.9889987562189054,crdf,Current-radius feedback,mean_largest_scc_fraction,2000,50
shared evaluation seed,4.514439832089552,4.374742226368159,0.04938271604938271,9.0,4.445435323383085,crdf,Current-radius feedback,mean_degree,2000,50
shared evaluation seed,5.194183851213156,5.10233072160302,0.04938271604938271,9.0,5.150134315740911,crdf,Current-radius feedback,mean_radius,2000,50
shared evaluation seed,85.88660052784167,83.10523096768844,0.04938271604938271,9.0,84.49696282822633,crdf,Current-radius feedback,mean_interaction_area,2000,50
shared evaluation seed,0.01090015625,0.0094625,0.04938271604938271,9.0,0.010175,crdf,Current-radius feedback,neighbor_loss_rate,2000,50
shared evaluation seed,0.9897572213616562,0.9845271221401538,0.04938271604938271,9.0,0.9873711031825857,crdf,Current-radius feedback,polar_order,2000,50
shared evaluation seed,0.004287475519639702,0.0037717541526475196,0.04938271604938271,9.0,0.004027686616927108,crdf,Current-radius feedback,velocity_dispersion,2000,50
shared evaluation seed,0.008988832802808485,0.008276057031284687,0.04938271604938271,9.0,0.008633308427675769,crdf,Current-radius feedback,control_energy,2000,50
shared evaluation seed,0.023477966162242812,0.020473951471392318,0.04938271604938271,9.0,0.021915373698314543,crdf,Current-radius feedback,radius_temporal_variation,2000,50
shared evaluation seed,0.24965773154961626,0.21067467103814777,0.04938271604938271,9.0,0.23010152279216622,crdf,Current-radius feedback,radius_command_temporal_variation,2000,50
shared evaluation seed,0.0,0.0,0.04938271604938271,9.0,0.0,crdf,Current-radius feedback,radius_min_saturation_fraction,2000,50
shared evaluation seed,0.0015236318407960197,0.0011940298507462687,0.04938271604938271,9.0,0.0013557213930348259,crdf,Current-radius feedback,radius_max_saturation_fraction,2000,50
shared evaluation seed,2.2137506218905467,2.064188743781094,0.04938271604938271,9.0,2.1407587064676616,crdf,Current-radius feedback,mean_degree_error,2000,50
shared evaluation seed,5.6803801305970145,5.175320429104477,0.04938271604938271,9.0,5.417226368159204,crdf,Current-radius feedback,mean_degree_error_sq,2000,50
shared evaluation seed,0.28609609374999995,0.24327265625000002,0.04938271604938271,9.0,0.2649375,crdf,Current-radius feedback,radius_oscillation_frequency,2000,50
shared evaluation seed,0.0,0.0,0.03305785123966942,11.0,0.0,crdf,Current-radius feedback,final_fragmentation,2000,50
shared evaluation seed,0.004085820895522388,0.0,0.03305785123966942,11.0,0.0013619402985074627,crdf,Current-radius feedback,mean_fragmentation,2000,50
shared evaluation seed,0.98625,0.94125,0.03305785123966942,11.0,0.96625,crdf,Current-radius feedback,final_largest_scc_fraction,2000,50
shared evaluation seed,0.9809359452736318,0.9336895211442787,0.03305785123966942,11.0,0.9607649253731343,crdf,Current-radius feedback,mean_largest_scc_fraction,2000,50
shared evaluation seed,3.7758429726368163,3.626571517412935,0.03305785123966942,11.0,3.6977300995024875,crdf,Current-radius feedback,mean_degree,2000,50
shared evaluation seed,5.761006741836624,5.653327970842922,0.03305785123966942,11.0,5.708732672587177,crdf,Current-radius feedback,mean_radius,2000,50
shared evaluation seed,105.88267525112407,101.9958116375927,0.03305785123966942,11.0,103.95140248811204,crdf,Current-radius feedback,mean_interaction_area,2000,50
shared evaluation seed,0.008737812499999999,0.0075621874999999995,0.03305785123966942,11.0,0.008150000000000001,crdf,Current-radius feedback,neighbor_loss_rate,2000,50
shared evaluation seed,0.9856001191404348,0.9726621815001403,0.03305785123966942,11.0,0.9799147049465735,crdf,Current-radius feedback,polar_order,2000,50
shared evaluation seed,0.004904520542398758,0.004165979912934299,0.03305785123966942,11.0,0.004508841824979472,crdf,Current-radius feedback,velocity_dispersion,2000,50
shared evaluation seed,0.009087511338314865,0.008444274993523288,0.03305785123966942,11.0,0.008764079178273394,crdf,Current-radius feedback,control_energy,2000,50
shared evaluation seed,0.03105335306385167,0.027155753729619057,0.03305785123966942,11.0,0.029033511999214858,crdf,Current-radius feedback,radius_temporal_variation,2000,50
shared evaluation seed,0.3616346707406634,0.30165782549288567,0.03305785123966942,11.0,0.3317345686782356,crdf,Current-radius feedback,radius_command_temporal_variation,2000,50
shared evaluation seed,0.0,0.0,0.03305785123966942,11.0,0.0,crdf,Current-radius feedback,radius_min_saturation_fraction,2000,50
shared evaluation seed,0.0028109452736318407,0.0023507462686567166,0.03305785123966942,11.0,0.0025808457711442782,crdf,Current-radius feedback,radius_max_saturation_fraction,2000,50
shared evaluation seed,2.881237717661692,2.755084732587065,0.03305785123966942,11.0,2.81896144278607,crdf,Current-radius feedback,mean_degree_error,2000,50
shared evaluation seed,9.043148631840795,8.371792288557213,0.03305785123966942,11.0,8.701162935323383,crdf,Current-radius feedback,mean_degree_error_sq,2000,50
shared evaluation seed,0.29987671875,0.2580734375,0.03305785123966942,11.0,0.2788625,crdf,Current-radius feedback,radius_oscillation_frequency,2000,50
shared evaluation seed,0.0,0.0,0.02040816326530612,14.0,0.0,crdf,Current-radius feedback,final_fragmentation,2000,50
shared evaluation seed,0.028628109452736267,0.0038743781094527363,0.02040816326530612,14.0,0.013911691542288558,crdf,Current-radius feedback,mean_fragmentation,2000,50
shared evaluation seed,0.91875,0.8387187500000001,0.02040816326530612,14.0,0.87875,crdf,Current-radius feedback,final_largest_scc_fraction,2000,50
shared evaluation seed,0.8855415111940299,0.811254975124378,0.02040816326530612,14.0,0.8481654228855722,crdf,Current-radius feedback,mean_largest_scc_fraction,2000,50
shared evaluation seed,2.9870984141791044,2.8462024253731344,0.02040816326530612,14.0,2.9170273631840797,crdf,Current-radius feedback,mean_degree,2000,50
shared evaluation seed,6.439183654242842,6.286251753135669,0.02040816326530612,14.0,6.362449559814628,crdf,Current-radius feedback,mean_radius,2000,50
shared evaluation seed,132.17975405883837,125.99208741659585,0.02040816326530612,14.0,129.15015890931608,crdf,Current-radius feedback,mean_interaction_area,2000,50
shared evaluation seed,0.00525,0.00453125,0.02040816326530612,14.0,0.0048875,crdf,Current-radius feedback,neighbor_loss_rate,2000,50
shared evaluation seed,0.9714297811465743,0.9512469127864938,0.02040816326530612,14.0,0.9623825072344292,crdf,Current-radius feedback,polar_order,2000,50
shared evaluation seed,0.007842099738897856,0.00609173098581057,0.02040816326530612,14.0,0.00694225020558177,crdf,Current-radius feedback,velocity_dispersion,2000,50
shared evaluation seed,0.010453282503026743,0.00945759677258908,0.02040816326530612,14.0,0.009950879488663848,crdf,Current-radius feedback,control_energy,2000,50
shared evaluation seed,0.030651850316199748,0.026712524296004594,0.02040816326530612,14.0,0.02872134679889461,crdf,Current-radius feedback,radius_temporal_variation,2000,50
shared evaluation seed,0.36973578131713314,0.30594996009513864,0.02040816326530612,14.0,0.3370619198710196,crdf,Current-radius feedback,radius_command_temporal_variation,2000,50
shared evaluation seed,0.0,0.0,0.02040816326530612,14.0,0.0,crdf,Current-radius feedback,radius_min_saturation_fraction,2000,50
shared evaluation seed,0.035143501243781086,0.016672885572139303,0.02040816326530612,14.0,0.025391791044776117,crdf,Current-radius feedback,radius_max_saturation_fraction,2000,50
shared evaluation seed,3.5459535136815923,3.3986803482587065,0.02040816326530612,14.0,3.4743967661691544,crdf,Current-radius feedback,mean_degree_error,2000,50
shared evaluation seed,13.241592506218906,12.236910914179106,0.02040816326530612,14.0,12.747468905472637,crdf,Current-radius feedback,mean_degree_error_sq,2000,50
shared evaluation seed,0.29625843749999997,0.24603109374999999,0.02040816326530612,14.0,0.27059374999999997,crdf,Current-radius feedback,radius_oscillation_frequency,2000,50
shared evaluation seed,0.03375,0.0,0.012345679012345678,18.0,0.015,crdf,Current-radius feedback,final_fragmentation,2000,50
shared evaluation seed,0.12314707711442786,0.07529850746268657,0.012345679012345678,18.0,0.09886815920398011,crdf,Current-radius feedback,mean_fragmentation,2000,50
shared evaluation seed,0.8525,0.7475,0.012345679012345678,18.0,0.8025,crdf,Current-radius feedback,final_largest_scc_fraction,2000,50
shared evaluation seed,0.7705859763681592,0.6863726679104478,0.012345679012345678,18.0,0.7296144278606965,crdf,Current-radius feedback,mean_largest_scc_fraction,2000,50
shared evaluation seed,2.431614116915423,2.2877871579601985,0.012345679012345678,18.0,2.359931592039801,crdf,Current-radius feedback,mean_degree,2000,50
shared evaluation seed,6.950626563600241,6.809139601167056,0.012345679012345678,18.0,6.878974552197175,crdf,Current-radius feedback,mean_radius,2000,50
shared evaluation seed,153.0061794885334,147.4937180963389,0.012345679012345678,18.0,150.3919428195367,crdf,Current-radius feedback,mean_interaction_area,2000,50
shared evaluation seed,0.00265,0.00198125,0.012345679012345678,18.0,0.0022937499999999998,crdf,Current-radius feedback,neighbor_loss_rate,2000,50
shared evaluation seed,0.9145706380687212,0.8537317302231174,0.012345679012345678,18.0,0.8863061293827716,crdf,Current-radius feedback,polar_order,2000,50
shared evaluation seed,0.019936453042237103,0.015125557589193,0.012345679012345678,18.0,0.01741884478226011,crdf,Current-radius feedback,velocity_dispersion,2000,50
shared evaluation seed,0.021372795279298563,0.015982918068137876,0.012345679012345678,18.0,0.018556405632029,crdf,Current-radius feedback,control_energy,2000,50
shared evaluation seed,0.028670694100354718,0.024981526006214828,0.012345679012345678,18.0,0.02680254532810037,crdf,Current-radius feedback,radius_temporal_variation,2000,50
shared evaluation seed,0.3658240945991019,0.3071276055230955,0.012345679012345678,18.0,0.33669172791288626,crdf,Current-radius feedback,radius_command_temporal_variation,2000,50
shared evaluation seed,0.0,0.0,0.012345679012345678,18.0,0.0,crdf,Current-radius feedback,radius_min_saturation_fraction,2000,50
shared evaluation seed,0.14523041044776117,0.10762220149253732,0.012345679012345678,18.0,0.1260323383084577,crdf,Current-radius feedback,radius_max_saturation_fraction,2000,50
shared evaluation seed,4.024019745024876,3.8972234141791042,0.012345679012345678,18.0,3.9599067164179105,crdf,Current-radius feedback,mean_degree_error,2000,50
shared evaluation seed,16.72726119402985,15.770184856965173,0.012345679012345678,18.0,16.26127487562189,crdf,Current-radius feedback,mean_degree_error_sq,2000,50
shared evaluation seed,0.28073515625,0.23522500000000002,0.012345679012345678,18.0,0.25718125000000003,crdf,Current-radius feedback,radius_oscillation_frequency,2000,50
shared evaluation seed,0.12625,0.04375,0.007561436672967864,23.0,0.0825,crdf,Current-radius feedback,final_fragmentation,2000,50
shared evaluation seed,0.29993330223880593,0.22315749378109453,0.007561436672967864,23.0,0.2598756218905473,crdf,Current-radius feedback,mean_fragmentation,2000,50
shared evaluation seed,0.77375,0.66875,0.007561436672967864,23.0,0.72125,crdf,Current-radius feedback,final_largest_scc_fraction,2000,50
shared evaluation seed,0.6175045087064677,0.5293829291044776,0.007561436672967864,23.0,0.5739925373134329,crdf,Current-radius feedback,mean_largest_scc_fraction,2000,50
shared evaluation seed,2.0115248756218906,1.904263526119403,0.007561436672967864,23.0,1.9581592039800995,crdf,Current-radius feedback,mean_degree,2000,50
shared evaluation seed,7.306245822491698,7.206366783196909,0.007561436672967864,23.0,7.257082251232613,crdf,Current-radius feedback,mean_radius,2000,50
shared evaluation seed,168.85442679419018,164.43423045388923,0.007561436672967864,23.0,166.6852360011426,crdf,Current-radius feedback,mean_interaction_area,2000,50
shared evaluation seed,0.00181875,0.001325,0.007561436672967864,23.0,0.001575,crdf,Current-radius feedback,neighbor_loss_rate,2000,50
shared evaluation seed,0.8007659007991232,0.7049680483220707,0.007561436672967864,23.0,0.754053269794062,crdf,Current-radius feedback,polar_order,2000,50
shared evaluation seed,0.054693773386424144,0.0428076031210898,0.007561436672967864,23.0,0.0487724708621272,crdf,Current-radius feedback,velocity_dispersion,2000,50
shared evaluation seed,0.08132716733167081,0.053429476814996234,0.007561436672967864,23.0,0.06674938006350165,crdf,Current-radius feedback,control_energy,2000,50
shared evaluation seed,0.025011653518921307,0.022311296413352204,0.007561436672967864,23.0,0.023675359580966514,crdf,Current-radius feedback,radius_temporal_variation,2000,50
shared evaluation seed,0.3244066303397028,0.27579826035847105,0.007561436672967864,23.0,0.30037598335706484,crdf,Current-radius feedback,radius_command_temporal_variation,2000,50
shared evaluation seed,0.0,0.0,0.007561436672967864,23.0,0.0,crdf,Current-radius feedback,radius_min_saturation_fraction,2000,50
shared evaluation seed,0.2482967972636816,0.19867179726368162,0.007561436672967864,23.0,0.2234577114427861,crdf,Current-radius feedback,radius_max_saturation_fraction,2000,50
shared evaluation seed,4.367581467661691,4.272508084577114,0.007561436672967864,23.0,4.320578358208955,crdf,Current-radius feedback,mean_degree_error,2000,50
shared evaluation seed,19.561954291044778,18.776157960199004,0.007561436672967864,23.0,19.154247512437813,crdf,Current-radius feedback,mean_degree_error_sq,2000,50
shared evaluation seed,0.26708968749999995,0.22805593749999997,0.007561436672967864,23.0,0.2476,crdf,Current-radius feedback,radius_oscillation_frequency,2000,50
shared evaluation seed,0.36,0.25125,0.0044444444444444444,30.0,0.305,crdf,Current-radius feedback,final_fragmentation,2000,50
shared evaluation seed,0.49378171641791047,0.4298381529850746,0.0044444444444444444,30.0,0.4627674129353234,crdf,Current-radius feedback,mean_fragmentation,2000,50
shared evaluation seed,0.62625,0.53375,0.0044444444444444444,30.0,0.58,crdf,Current-radius feedback,final_largest_scc_fraction,2000,50
shared evaluation seed,0.4919188432835821,0.43335027985074626,0.0044444444444444444,30.0,0.46282960199004974,crdf,Current-radius feedback,mean_largest_scc_fraction,2000,50
shared evaluation seed,1.6375934390547264,1.5532005597014926,0.0044444444444444444,30.0,1.5930348258706468,crdf,Current-radius feedback,mean_degree,2000,50
shared evaluation seed,7.56518378452146,7.4886904680135125,0.0044444444444444444,30.0,7.527460637676423,crdf,Current-radius feedback,mean_radius,2000,50
shared evaluation seed,180.5175132745751,177.14793554773337,0.0044444444444444444,30.0,178.85624303377344,crdf,Current-radius feedback,mean_interaction_area,2000,50
shared evaluation seed,0.001075,0.00070625,0.0044444444444444444,30.0,0.00088125,crdf,Current-radius feedback,neighbor_loss_rate,2000,50
shared evaluation seed,0.6638594663069352,0.5650460511348653,0.0044444444444444444,30.0,0.6147911555925648,crdf,Current-radius feedback,polar_order,2000,50
shared evaluation seed,0.14365325489664985,0.10763161595601835,0.0044444444444444444,30.0,0.12246392330861744,crdf,Current-radius feedback,velocity_dispersion,2000,50
shared evaluation seed,0.2091299467722106,0.1471348562977433,0.0044444444444444444,30.0,0.17709788964615417,crdf,Current-radius feedback,control_energy,2000,50
shared evaluation seed,0.020408038817270494,0.017912841355467328,0.0044444444444444444,30.0,0.019097438852346035,crdf,Current-radius feedback,radius_temporal_variation,2000,50
shared evaluation seed,0.2730127599606682,0.2320841912399413,0.0044444444444444444,30.0,0.25185498117734645,crdf,Current-radius feedback,radius_command_temporal_variation,2000,50
shared evaluation seed,0.0,0.0,0.0044444444444444444,30.0,0.0,crdf,Current-radius feedback,radius_min_saturation_fraction,2000,50
shared evaluation seed,0.4366194029850747,0.3907868470149254,0.0044444444444444444,30.0,0.41419776119402985,crdf,Current-radius feedback,radius_max_saturation_fraction,2000,50
shared evaluation seed,4.667204135572139,4.584414645522388,0.0044444444444444444,30.0,4.628103233830846,crdf,Current-radius feedback,mean_degree_error,2000,50
shared evaluation seed,22.23659048507463,21.554683613184082,0.0044444444444444444,30.0,21.896896766169153,crdf,Current-radius feedback,mean_degree_error_sq,2000,50
shared evaluation seed,0.23373203124999997,0.19502656250000003,0.0044444444444444444,30.0,0.21445625,crdf,Current-radius feedback,radius_oscillation_frequency,2000,50
shared evaluation seed,0.0,0.0,0.08163265306122448,7.0,0.0,fixed_r4,Fixed r=4,final_fragmentation,2000,50
shared evaluation seed,0.001822139303482587,0.000609452736318408,0.08163265306122448,7.0,0.001150497512437811,fixed_r4,Fixed r=4,mean_fragmentation,2000,50
shared evaluation seed,1.0,1.0,0.08163265306122448,7.0,1.0,fixed_r4,Fixed r=4,final_largest_scc_fraction,2000,50
shared evaluation seed,0.9994340796019902,0.9981901430348258,0.08163265306122448,7.0,0.9988495024875621,fixed_r4,Fixed r=4,mean_largest_scc_fraction,2000,50
shared evaluation seed,4.520607898009951,4.177636504975124,0.08163265306122448,7.0,4.356268656716418,fixed_r4,Fixed r=4,mean_degree,2000,50
shared evaluation seed,4.0,4.0,0.08163265306122448,7.0,4.0,fixed_r4,Fixed r=4,mean_radius,2000,50
shared evaluation seed,50.26548245743669,50.26548245743669,0.08163265306122448,7.0,50.26548245743669,fixed_r4,Fixed r=4,mean_interaction_area,2000,50
shared evaluation seed,0.0029439062499999995,0.00230625,0.08163265306122448,7.0,0.002625,fixed_r4,Fixed r=4,neighbor_loss_rate,2000,50
shared evaluation seed,0.9832130835009798,0.97497787901446,0.08163265306122448,7.0,0.9794140835906237,fixed_r4,Fixed r=4,polar_order,2000,50
shared evaluation seed,0.005552180269379331,0.004762434637545784,0.08163265306122448,7.0,0.005152015583791088,fixed_r4,Fixed r=4,velocity_dispersion,2000,50
shared evaluation seed,0.010172434068478191,0.009280188132440366,0.08163265306122448,7.0,0.009719549683494805,fixed_r4,Fixed r=4,control_energy,2000,50
shared evaluation seed,0.0,0.0,0.08163265306122448,7.0,0.0,fixed_r4,Fixed r=4,radius_temporal_variation,2000,50
shared evaluation seed,0.0,0.0,0.08163265306122448,7.0,0.0,fixed_r4,Fixed r=4,radius_command_temporal_variation,2000,50
shared evaluation seed,0.0,0.0,0.08163265306122448,7.0,0.0,fixed_r4,Fixed r=4,radius_min_saturation_fraction,2000,50
shared evaluation seed,1.0,1.0,0.08163265306122448,7.0,1.0,fixed_r4,Fixed r=4,radius_max_saturation_fraction,2000,50
shared evaluation seed,2.085103855721393,1.8897574626865672,0.08163265306122448,7.0,1.9841915422885572,fixed_r4,Fixed r=4,mean_degree_error,2000,50
shared evaluation seed,6.014261504975124,5.1993134328358215,0.08163265306122448,7.0,5.611343283582089,fixed_r4,Fixed r=4,mean_degree_error_sq,2000,50
shared evaluation seed,0.0,0.0,0.08163265306122448,7.0,0.0,fixed_r4,Fixed r=4,radius_oscillation_frequency,2000,50
shared evaluation seed,0.0,0.0,0.04938271604938271,9.0,0.0,fixed_r4,Fixed r=4,final_fragmentation,2000,50
shared evaluation seed,0.07205628109452734,0.03857291666666667,0.04938271604938271,9.0,0.053998756218905465,fixed_r4,Fixed r=4,mean_fragmentation,2000,50
shared evaluation seed,1.0,1.0,0.04938271604938271,9.0,1.0,fixed_r4,Fixed r=4,final_largest_scc_fraction,2000,50
shared evaluation seed,0.9613936567164179,0.9276100746268657,0.04938271604938271,9.0,0.9460012437810945,fixed_r4,Fixed r=4,mean_largest_scc_fraction,2000,50
shared evaluation seed,3.4081620024875625,3.1468513681592043,0.04938271604938271,9.0,3.271044776119403,fixed_r4,Fixed r=4,mean_degree,2000,50
shared evaluation seed,4.0,4.0,0.04938271604938271,9.0,4.0,fixed_r4,Fixed r=4,mean_radius,2000,50
shared evaluation seed,50.26548245743669,50.26548245743669,0.04938271604938271,9.0,50.26548245743669,fixed_r4,Fixed r=4,mean_interaction_area,2000,50
shared evaluation seed,0.00253125,0.00173125,0.04938271604938271,9.0,0.0021125,fixed_r4,Fixed r=4,neighbor_loss_rate,2000,50
shared evaluation seed,0.9522103912760858,0.9134723351364668,0.04938271604938271,9.0,0.9352557605457749,fixed_r4,Fixed r=4,polar_order,2000,50
shared evaluation seed,0.012019217964573043,0.009857165053776422,0.04938271604938271,9.0,0.010921292547763592,fixed_r4,Fixed r=4,velocity_dispersion,2000,50
shared evaluation seed,0.018595259818384814,0.013648568694988818,0.04938271604938271,9.0,0.015934902239911716,fixed_r4,Fixed r=4,control_energy,2000,50
shared evaluation seed,0.0,0.0,0.04938271604938271,9.0,0.0,fixed_r4,Fixed r=4,radius_temporal_variation,2000,50
shared evaluation seed,0.0,0.0,0.04938271604938271,9.0,0.0,fixed_r4,Fixed r=4,radius_command_temporal_variation,2000,50
shared evaluation seed,0.0,0.0,0.04938271604938271,9.0,0.0,fixed_r4,Fixed r=4,radius_min_saturation_fraction,2000,50
shared evaluation seed,1.0,1.0,0.04938271604938271,9.0,1.0,fixed_r4,Fixed r=4,radius_max_saturation_fraction,2000,50
shared evaluation seed,2.8965973258706468,2.657939676616915,0.04938271604938271,9.0,2.779850746268657,fixed_r4,Fixed r=4,mean_degree_error,2000,50
shared evaluation seed,10.144882151741292,8.950601057213929,0.04938271604938271,9.0,9.556194029850747,fixed_r4,Fixed r=4,mean_degree_error_sq,2000,50
shared evaluation seed,0.0,0.0,0.04938271604938271,9.0,0.0,fixed_r4,Fixed r=4,radius_oscillation_frequency,2000,50
shared evaluation seed,0.06625,0.0075,0.03305785123966942,11.0,0.03375,fixed_r4,Fixed r=4,final_fragmentation,2000,50
shared evaluation seed,0.18414723258706464,0.12639287935323384,0.03305785123966942,11.0,0.15412935323383084,fixed_r4,Fixed r=4,mean_fragmentation,2000,50
shared evaluation seed,0.9925,0.9325,0.03305785123966942,11.0,0.96625,fixed_r4,Fixed r=4,final_largest_scc_fraction,2000,50
shared evaluation seed,0.8748036380597015,0.8144171330845772,0.03305785123966942,11.0,0.8458706467661692,fixed_r4,Fixed r=4,mean_largest_scc_fraction,2000,50
shared evaluation seed,2.8738485696517415,2.631021144278607,0.03305785123966942,11.0,2.7468905472636815,fixed_r4,Fixed r=4,mean_degree,2000,50
shared evaluation seed,4.0,4.0,0.03305785123966942,11.0,4.0,fixed_r4,Fixed r=4,mean_radius,2000,50
shared evaluation seed,50.26548245743669,50.26548245743669,0.03305785123966942,11.0,50.26548245743669,fixed_r4,Fixed r=4,mean_interaction_area,2000,50
shared evaluation seed,0.002287656249999999,0.0015812500000000002,0.03305785123966942,11.0,0.00191875,fixed_r4,Fixed r=4,neighbor_loss_rate,2000,50
shared evaluation seed,0.8969946286700827,0.8174320916448958,0.03305785123966942,11.0,0.8608280816708619,fixed_r4,Fixed r=4,polar_order,2000,50
shared evaluation seed,0.026698473525827437,0.020950816309359025,0.03305785123966942,11.0,0.023783377705059797,fixed_r4,Fixed r=4,velocity_dispersion,2000,50
shared evaluation seed,0.040543015862281914,0.02707940340936934,0.03305785123966942,11.0,0.03333619904094592,fixed_r4,Fixed r=4,control_energy,2000,50
shared evaluation seed,0.0,0.0,0.03305785123966942,11.0,0.0,fixed_r4,Fixed r=4,radius_temporal_variation,2000,50
shared evaluation seed,0.0,0.0,0.03305785123966942,11.0,0.0,fixed_r4,Fixed r=4,radius_command_temporal_variation,2000,50
shared evaluation seed,0.0,0.0,0.03305785123966942,11.0,0.0,fixed_r4,Fixed r=4,radius_min_saturation_fraction,2000,50
shared evaluation seed,1.0,1.0,0.03305785123966942,11.0,1.0,fixed_r4,Fixed r=4,radius_max_saturation_fraction,2000,50
shared evaluation seed,3.3847046019900495,3.1681700870646763,0.03305785123966942,11.0,3.279465174129353,fixed_r4,Fixed r=4,mean_degree_error,2000,50
shared evaluation seed,12.956323694029848,11.836824315920397,0.03305785123966942,11.0,12.388843283582089,fixed_r4,Fixed r=4,mean_degree_error_sq,2000,50
shared evaluation seed,0.0,0.0,0.03305785123966942,11.0,0.0,fixed_r4,Fixed r=4,radius_oscillation_frequency,2000,50
shared evaluation seed,0.1675,0.0775,0.02040816326530612,14.0,0.11875,fixed_r4,Fixed r=4,final_fragmentation,2000,50
shared evaluation seed,0.3292234141791045,0.25721237562189053,0.02040816326530612,14.0,0.2933457711442786,fixed_r4,Fixed r=4,mean_fragmentation,2000,50
shared evaluation seed,0.925,0.83375,0.02040816326530612,14.0,0.88125,fixed_r4,Fixed r=4,final_largest_scc_fraction,2000,50
shared evaluation seed,0.7426511194029851,0.6703027052238806,0.02040816326530612,14.0,0.7066542288557214,fixed_r4,Fixed r=4,mean_largest_scc_fraction,2000,50
shared evaluation seed,2.427836131840796,2.1990093283582084,0.02040816326530612,14.0,2.31226368159204,fixed_r4,Fixed r=4,mean_degree,2000,50
shared evaluation seed,4.0,4.0,0.02040816326530612,14.0,4.0,fixed_r4,Fixed r=4,mean_radius,2000,50
shared evaluation seed,50.26548245743669,50.26548245743669,0.02040816326530612,14.0,50.26548245743669,fixed_r4,Fixed r=4,mean_interaction_area,2000,50
shared evaluation seed,0.002469062499999998,0.00143734375,0.02040816326530612,14.0,0.001925,fixed_r4,Fixed r=4,neighbor_loss_rate,2000,50
shared evaluation seed,0.8081536974199216,0.7297950109994661,0.02040816326530612,14.0,0.7703214493459393,fixed_r4,Fixed r=4,polar_order,2000,50
shared evaluation seed,0.06594288604228699,0.049021138399007666,0.02040816326530612,14.0,0.05675169827432061,fixed_r4,Fixed r=4,velocity_dispersion,2000,50
shared evaluation seed,0.09398612500686393,0.06235599000096759,0.02040816326530612,14.0,0.07644855193635904,fixed_r4,Fixed r=4,control_energy,2000,50
shared evaluation seed,0.0,0.0,0.02040816326530612,14.0,0.0,fixed_r4,Fixed r=4,radius_temporal_variation,2000,50
shared evaluation seed,0.0,0.0,0.02040816326530612,14.0,0.0,fixed_r4,Fixed r=4,radius_command_temporal_variation,2000,50
shared evaluation seed,0.0,0.0,0.02040816326530612,14.0,0.0,fixed_r4,Fixed r=4,radius_min_saturation_fraction,2000,50
shared evaluation seed,1.0,1.0,0.02040816326530612,14.0,1.0,fixed_r4,Fixed r=4,radius_max_saturation_fraction,2000,50
shared evaluation seed,3.809076803482587,3.58494776119403,0.02040816326530612,14.0,3.6935820895522387,fixed_r4,Fixed r=4,mean_degree_error,2000,50
shared evaluation seed,15.896842350746267,14.480707089552238,0.02040816326530612,14.0,15.182388059701493,fixed_r4,Fixed r=4,mean_degree_error_sq,2000,50
shared evaluation seed,0.0,0.0,0.02040816326530612,14.0,0.0,fixed_r4,Fixed r=4,radius_oscillation_frequency,2000,50
shared evaluation seed,0.32,0.2125,0.012345679012345678,18.0,0.265,fixed_r4,Fixed r=4,final_fragmentation,2000,50
shared evaluation seed,0.49920444651741286,0.4340374689054727,0.012345679012345678,18.0,0.4671517412935324,fixed_r4,Fixed r=4,mean_fragmentation,2000,50
shared evaluation seed,0.7862812499999999,0.68,0.012345679012345678,18.0,0.735,fixed_r4,Fixed r=4,final_largest_scc_fraction,2000,50
shared evaluation seed,0.5652487562189055,0.5007649253731344,0.012345679012345678,18.0,0.5328482587064677,fixed_r4,Fixed r=4,mean_largest_scc_fraction,2000,50
shared evaluation seed,1.8831234452736316,1.7430118159203982,0.012345679012345678,18.0,1.813233830845771,fixed_r4,Fixed r=4,mean_degree,2000,50
shared evaluation seed,4.0,4.0,0.012345679012345678,18.0,4.0,fixed_r4,Fixed r=4,mean_radius,2000,50
shared evaluation seed,50.26548245743669,50.26548245743669,0.012345679012345678,18.0,50.26548245743669,fixed_r4,Fixed r=4,mean_interaction_area,2000,50
shared evaluation seed,0.0032189062499999995,0.00069375,0.012345679012345678,18.0,0.0016375,fixed_r4,Fixed r=4,neighbor_loss_rate,2000,50
shared evaluation seed,0.6543159229331553,0.543203428292886,0.012345679012345678,18.0,0.5978058097219935,fixed_r4,Fixed r=4,polar_order,2000,50
shared evaluation seed,0.1211515823755696,0.09741572436787826,0.012345679012345678,18.0,0.10848993911876366,fixed_r4,Fixed r=4,velocity_dispersion,2000,50
shared evaluation seed,0.16330341927878905,0.12242487749080072,0.012345679012345678,18.0,0.14282335365469614,fixed_r4,Fixed r=4,control_energy,2000,50
shared evaluation seed,0.0,0.0,0.012345679012345678,18.0,0.0,fixed_r4,Fixed r=4,radius_temporal_variation,2000,50
shared evaluation seed,0.0,0.0,0.012345679012345678,18.0,0.0,fixed_r4,Fixed r=4,radius_command_temporal_variation,2000,50
shared evaluation seed,0.0,0.0,0.012345679012345678,18.0,0.0,fixed_r4,Fixed r=4,radius_min_saturation_fraction,2000,50
shared evaluation seed,1.0,1.0,0.012345679012345678,18.0,1.0,fixed_r4,Fixed r=4,radius_max_saturation_fraction,2000,50
shared evaluation seed,4.256969527363184,4.117634328358209,0.012345679012345678,18.0,4.186766169154229,fixed_r4,Fixed r=4,mean_degree_error,2000,50
shared evaluation seed,19.2366072761194,18.22403606965174,0.012345679012345678,18.0,18.717835820895523,fixed_r4,Fixed r=4,mean_degree_error_sq,2000,50
shared evaluation seed,0.0,0.0,0.012345679012345678,18.0,0.0,fixed_r4,Fixed r=4,radius_oscillation_frequency,2000,50
shared evaluation seed,0.4675,0.37625,0.007561436672967864,23.0,0.42125,fixed_r4,Fixed r=4,final_fragmentation,2000,50
shared evaluation seed,0.6234093594527363,0.5736487873134328,0.007561436672967864,23.0,0.5986753731343284,fixed_r4,Fixed r=4,mean_fragmentation,2000,50
shared evaluation seed,0.625,0.53375,0.007561436672967864,23.0,0.57875,fixed_r4,Fixed r=4,final_largest_scc_fraction,2000,50
shared evaluation seed,0.4253045708955223,0.3760244092039801,0.007561436672967864,23.0,0.40132462686567166,fixed_r4,Fixed r=4,mean_largest_scc_fraction,2000,50
shared evaluation seed,1.4898634950248755,1.3803519900497512,0.007561436672967864,23.0,1.4360323383084577,fixed_r4,Fixed r=4,mean_degree,2000,50
shared evaluation seed,4.0,4.0,0.007561436672967864,23.0,4.0,fixed_r4,Fixed r=4,mean_radius,2000,50
shared evaluation seed,50.26548245743669,50.26548245743669,0.007561436672967864,23.0,50.26548245743669,fixed_r4,Fixed r=4,mean_interaction_area,2000,50
shared evaluation seed,0.002093906249999999,0.00053125,0.007561436672967864,23.0,0.00111875,fixed_r4,Fixed r=4,neighbor_loss_rate,2000,50
shared evaluation seed,0.5301263925923846,0.42523442930325794,0.007561436672967864,23.0,0.47934780048251613,fixed_r4,Fixed r=4,polar_order,2000,50
shared evaluation seed,0.18698609769492563,0.15746389838155214,0.007561436672967864,23.0,0.17245062704212416,fixed_r4,Fixed r=4,velocity_dispersion,2000,50
shared evaluation seed,0.24765950841747397,0.19152565194974924,0.007561436672967864,23.0,0.21913107511061455,fixed_r4,Fixed r=4,control_energy,2000,50
shared evaluation seed,0.0,0.0,0.007561436672967864,23.0,0.0,fixed_r4,Fixed r=4,radius_temporal_variation,2000,50
shared evaluation seed,0.0,0.0,0.007561436672967864,23.0,0.0,fixed_r4,Fixed r=4,radius_command_temporal_variation,2000,50
shared evaluation seed,0.0,0.0,0.007561436672967864,23.0,0.0,fixed_r4,Fixed r=4,radius_min_saturation_fraction,2000,50
shared evaluation seed,1.0,1.0,0.007561436672967864,23.0,1.0,fixed_r4,Fixed r=4,radius_max_saturation_fraction,2000,50
shared evaluation seed,4.616954291044776,4.506064365671643,0.007561436672967864,23.0,4.563967661691542,fixed_r4,Fixed r=4,mean_degree_error,2000,50
shared evaluation seed,22.259555659203983,21.365893967661687,0.007561436672967864,23.0,21.801156716417907,fixed_r4,Fixed r=4,mean_degree_error_sq,2000,50
shared evaluation seed,0.0,0.0,0.007561436672967864,23.0,0.0,fixed_r4,Fixed r=4,radius_oscillation_frequency,2000,50
shared evaluation seed,0.61,0.54371875,0.0044444444444444444,30.0,0.57625,fixed_r4,Fixed r=4,final_fragmentation,2000,50
shared evaluation seed,0.7365948383084577,0.7019765236318408,0.0044444444444444444,30.0,0.719160447761194,fixed_r4,Fixed r=4,mean_fragmentation,2000,50
shared evaluation seed,0.45875,0.39125,0.0044444444444444444,30.0,0.42375,fixed_r4,Fixed r=4,final_largest_scc_fraction,2000,50
shared evaluation seed,0.29757695895522385,0.2647754975124378,0.0044444444444444444,30.0,0.28083955223880597,fixed_r4,Fixed r=4,mean_largest_scc_fraction,2000,50
shared evaluation seed,1.0897801616915421,0.9771958955223881,0.0044444444444444444,30.0,1.034004975124378,fixed_r4,Fixed r=4,mean_degree,2000,50
shared evaluation seed,4.0,4.0,0.0044444444444444444,30.0,4.0,fixed_r4,Fixed r=4,mean_radius,2000,50
shared evaluation seed,50.26548245743669,50.26548245743669,0.0044444444444444444,30.0,50.26548245743669,fixed_r4,Fixed r=4,mean_interaction_area,2000,50
shared evaluation seed,0.0008500000000000001,0.0003125,0.0044444444444444444,30.0,0.0005375,fixed_r4,Fixed r=4,neighbor_loss_rate,2000,50
shared evaluation seed,0.4152205205855928,0.33019435811213294,0.0044444444444444444,30.0,0.37244377620030794,fixed_r4,Fixed r=4,polar_order,2000,50
shared evaluation seed,0.29405806574989074,0.25197122645698894,0.0044444444444444444,30.0,0.27190658917297106,fixed_r4,Fixed r=4,velocity_dispersion,2000,50
shared evaluation seed,0.2790251213418317,0.22325315671742701,0.0044444444444444444,30.0,0.24980265843488117,fixed_r4,Fixed r=4,control_energy,2000,50
shared evaluation seed,0.0,0.0,0.0044444444444444444,30.0,0.0,fixed_r4,Fixed r=4,radius_temporal_variation,2000,50
shared evaluation seed,0.0,0.0,0.0044444444444444444,30.0,0.0,fixed_r4,Fixed r=4,radius_command_temporal_variation,2000,50
shared evaluation seed,0.0,0.0,0.0044444444444444444,30.0,0.0,fixed_r4,Fixed r=4,radius_min_saturation_fraction,2000,50
shared evaluation seed,1.0,1.0,0.0044444444444444444,30.0,1.0,fixed_r4,Fixed r=4,radius_max_saturation_fraction,2000,50
shared evaluation seed,5.0224527363184075,4.913084577114429,0.0044444444444444444,30.0,4.965995024875622,fixed_r4,Fixed r=4,mean_degree_error,2000,50
shared evaluation seed,25.929471082089556,24.903087686567165,0.0044444444444444444,30.0,25.42094527363184,fixed_r4,Fixed r=4,mean_degree_error_sq,2000,50
shared evaluation seed,0.0,0.0,0.0044444444444444444,30.0,0.0,fixed_r4,Fixed r=4,radius_oscillation_frequency,2000,50
shared evaluation seed,0.0,0.0,0.08163265306122448,7.0,0.0,fixed_r8,Maximum radius,final_fragmentation,2000,50
shared evaluation seed,0.0,0.0,0.08163265306122448,7.0,0.0,fixed_r8,Maximum radius,mean_fragmentation,2000,50
shared evaluation seed,1.0,1.0,0.08163265306122448,7.0,1.0,fixed_r8,Maximum radius,final_largest_scc_fraction,2000,50
shared evaluation seed,1.0,1.0,0.08163265306122448,7.0,1.0,fixed_r8,Maximum radius,mean_largest_scc_fraction,2000,50
shared evaluation seed,11.97498725124378,11.657211442786071,0.08163265306122448,7.0,11.805074626865672,fixed_r8,Maximum radius,mean_degree,2000,50
shared evaluation seed,7.0,7.0,0.08163265306122448,7.0,7.0,fixed_r8,Maximum radius,mean_radius,2000,50
shared evaluation seed,153.93804002589985,153.93804002589985,0.08163265306122448,7.0,153.93804002589985,fixed_r8,Maximum radius,mean_interaction_area,2000,50
shared evaluation seed,0.00281875,0.00220625,0.08163265306122448,7.0,0.0025124999999999995,fixed_r8,Maximum radius,neighbor_loss_rate,2000,50
shared evaluation seed,0.9932827127598969,0.9919398767426623,0.08163265306122448,7.0,0.9926375100662053,fixed_r8,Maximum radius,polar_order,2000,50
shared evaluation seed,0.0038529742858096428,0.003399372371411879,0.08163265306122448,7.0,0.0036296617263373893,fixed_r8,Maximum radius,velocity_dispersion,2000,50
shared evaluation seed,0.008794239802727605,0.00806727118979866,0.08163265306122448,7.0,0.00842395735489773,fixed_r8,Maximum radius,control_energy,2000,50
shared evaluation seed,0.0,0.0,0.08163265306122448,7.0,0.0,fixed_r8,Maximum radius,radius_temporal_variation,2000,50
shared evaluation seed,0.0,0.0,0.08163265306122448,7.0,0.0,fixed_r8,Maximum radius,radius_command_temporal_variation,2000,50
shared evaluation seed,0.0,0.0,0.08163265306122448,7.0,0.0,fixed_r8,Maximum radius,radius_min_saturation_fraction,2000,50
shared evaluation seed,1.0,1.0,0.08163265306122448,7.0,1.0,fixed_r8,Maximum radius,radius_max_saturation_fraction,2000,50
shared evaluation seed,5.965245957711443,5.645111007462687,0.08163265306122448,7.0,5.805074626865672,fixed_r8,Maximum radius,mean_degree_error,2000,50
shared evaluation seed,38.23293936567164,34.378028606965174,0.08163265306122448,7.0,36.29741293532338,fixed_r8,Maximum radius,mean_degree_error_sq,2000,50
shared evaluation seed,0.0,0.0,0.08163265306122448,7.0,0.0,fixed_r8,Maximum radius,radius_oscillation_frequency,2000,50
shared evaluation seed,0.0,0.0,0.04938271604938271,9.0,0.0,fixed_r8,Maximum radius,final_fragmentation,2000,50
shared evaluation seed,0.0,0.0,0.04938271604938271,9.0,0.0,fixed_r8,Maximum radius,mean_fragmentation,2000,50
shared evaluation seed,1.0,1.0,0.04938271604938271,9.0,1.0,fixed_r8,Maximum radius,final_largest_scc_fraction,2000,50
shared evaluation seed,1.0,1.0,0.04938271604938271,9.0,1.0,fixed_r8,Maximum radius,mean_largest_scc_fraction,2000,50
shared evaluation seed,9.521981032338308,9.118119092039802,0.04938271604938271,9.0,9.319154228855721,fixed_r8,Maximum radius,mean_degree,2000,50
shared evaluation seed,8.0,8.0,0.04938271604938271,9.0,8.0,fixed_r8,Maximum radius,mean_radius,2000,50
shared evaluation seed,201.06192982974676,201.06192982974676,0.04938271604938271,9.0,201.06192982974676,fixed_r8,Maximum radius,mean_interaction_area,2000,50
shared evaluation seed,0.0023625,0.00185625,0.04938271604938271,9.0,0.00210625,fixed_r8,Maximum radius,neighbor_loss_rate,2000,50
shared evaluation seed,0.9924081097742511,0.9902258947548195,0.04938271604938271,9.0,0.9914322118959038,fixed_r8,Maximum radius,polar_order,2000,50
shared evaluation seed,0.003953563091011462,0.0034958503601949307,0.04938271604938271,9.0,0.0037194736525731024,fixed_r8,Maximum radius,velocity_dispersion,2000,50
shared evaluation seed,0.008850430568516494,0.008129073734831441,0.04938271604938271,9.0,0.008488482494612372,fixed_r8,Maximum radius,control_energy,2000,50
shared evaluation seed,0.0,0.0,0.04938271604938271,9.0,0.0,fixed_r8,Maximum radius,radius_temporal_variation,2000,50
shared evaluation seed,0.0,0.0,0.04938271604938271,9.0,0.0,fixed_r8,Maximum radius,radius_command_temporal_variation,2000,50
shared evaluation seed,0.0,0.0,0.04938271604938271,9.0,0.0,fixed_r8,Maximum radius,radius_min_saturation_fraction,2000,50
shared evaluation seed,1.0,1.0,0.04938271604938271,9.0,1.0,fixed_r8,Maximum radius,radius_max_saturation_fraction,2000,50
shared evaluation seed,3.566060012437811,3.1752860696517415,0.04938271604938271,9.0,3.366878109452736,fixed_r8,Maximum radius,mean_degree_error,2000,50
shared evaluation seed,16.10866449004975,12.992685323383084,0.04938271604938271,9.0,14.50165422885572,fixed_r8,Maximum radius,mean_degree_error_sq,2000,50
shared evaluation seed,0.0,0.0,0.04938271604938271,9.0,0.0,fixed_r8,Maximum radius,radius_oscillation_frequency,2000,50
shared evaluation seed,0.0,0.0,0.03305785123966942,11.0,0.0,fixed_r8,Maximum radius,final_fragmentation,2000,50
shared evaluation seed,0.0,0.0,0.03305785123966942,11.0,0.0,fixed_r8,Maximum radius,mean_fragmentation,2000,50
shared evaluation seed,1.0,1.0,0.03305785123966942,11.0,1.0,fixed_r8,Maximum radius,final_largest_scc_fraction,2000,50
shared evaluation seed,1.0,1.0,0.03305785123966942,11.0,1.0,fixed_r8,Maximum radius,mean_largest_scc_fraction,2000,50
shared evaluation seed,6.5204682835820895,6.14156685323383,0.03305785123966942,11.0,6.332213930348258,fixed_r8,Maximum radius,mean_degree,2000,50
shared evaluation seed,8.0,8.0,0.03305785123966942,11.0,8.0,fixed_r8,Maximum radius,mean_radius,2000,50
shared evaluation seed,201.06192982974676,201.06192982974676,0.03305785123966942,11.0,201.06192982974676,fixed_r8,Maximum radius,mean_interaction_area,2000,50
shared evaluation seed,0.00238125,0.0016875000000000002,0.03305785123966942,11.0,0.0020125,fixed_r8,Maximum radius,neighbor_loss_rate,2000,50
shared evaluation seed,0.9904285412742425,0.986959387245849,0.03305785123966942,11.0,0.9888512946780205,fixed_r8,Maximum radius,polar_order,2000,50
shared evaluation seed,0.0042388697805255,0.0037314887254256573,0.03305785123966942,11.0,0.003985771102751114,fixed_r8,Maximum radius,velocity_dispersion,2000,50
shared evaluation seed,0.008968365708996152,0.008317535087927397,0.03305785123966942,11.0,0.008639989350612949,fixed_r8,Maximum radius,control_energy,2000,50
shared evaluation seed,0.0,0.0,0.03305785123966942,11.0,0.0,fixed_r8,Maximum radius,radius_temporal_variation,2000,50
shared evaluation seed,0.0,0.0,0.03305785123966942,11.0,0.0,fixed_r8,Maximum radius,radius_command_temporal_variation,2000,50
shared evaluation seed,0.0,0.0,0.03305785123966942,11.0,0.0,fixed_r8,Maximum radius,radius_min_saturation_fraction,2000,50
shared evaluation seed,1.0,1.0,0.03305785123966942,11.0,1.0,fixed_r8,Maximum radius,radius_max_saturation_fraction,2000,50
shared evaluation seed,1.6395680970149253,1.4022475124378109,0.03305785123966942,11.0,1.522723880597015,fixed_r8,Maximum radius,mean_degree_error,2000,50
shared evaluation seed,4.3286949626865665,3.2850680970149253,0.03305785123966942,11.0,3.8023507462686563,fixed_r8,Maximum radius,mean_degree_error_sq,2000,50
shared evaluation seed,0.0,0.0,0.03305785123966942,11.0,0.0,fixed_r8,Maximum radius,radius_oscillation_frequency,2000,50
shared evaluation seed,0.0,0.0,0.02040816326530612,14.0,0.0,fixed_r8,Maximum radius,final_fragmentation,2000,50
shared evaluation seed,0.011014925373134322,0.0012686567164179104,0.02040816326530612,14.0,0.00482587064676617,fixed_r8,Maximum radius,mean_fragmentation,2000,50
shared evaluation seed,1.0,1.0,0.02040816326530612,14.0,1.0,fixed_r8,Maximum radius,final_largest_scc_fraction,2000,50
shared evaluation seed,0.9987437810945273,0.9894570895522388,0.02040816326530612,14.0,0.9951741293532338,fixed_r8,Maximum radius,mean_largest_scc_fraction,2000,50
shared evaluation seed,4.311447450248757,3.9993379975124377,0.02040816326530612,14.0,4.155186567164179,fixed_r8,Maximum radius,mean_degree,2000,50
shared evaluation seed,8.0,8.0,0.02040816326530612,14.0,8.0,fixed_r8,Maximum radius,mean_radius,2000,50
shared evaluation seed,201.06192982974676,201.06192982974676,0.02040816326530612,14.0,201.06192982974676,fixed_r8,Maximum radius,mean_interaction_area,2000,50
shared evaluation seed,0.0020314062499999994,0.00149375,0.02040816326530612,14.0,0.0017499999999999998,fixed_r8,Maximum radius,neighbor_loss_rate,2000,50
shared evaluation seed,0.9804434858231109,0.9693023398898092,0.02040816326530612,14.0,0.9753253701276051,fixed_r8,Maximum radius,polar_order,2000,50
shared evaluation seed,0.006077503223306905,0.00509060169707386,0.02040816326530612,14.0,0.005574365209454346,fixed_r8,Maximum radius,velocity_dispersion,2000,50
shared evaluation seed,0.010231250119928887,0.009255733865291597,0.02040816326530612,14.0,0.009748129144730168,fixed_r8,Maximum radius,control_energy,2000,50
shared evaluation seed,0.0,0.0,0.02040816326530612,14.0,0.0,fixed_r8,Maximum radius,radius_temporal_variation,2000,50
shared evaluation seed,0.0,0.0,0.02040816326530612,14.0,0.0,fixed_r8,Maximum radius,radius_command_temporal_variation,2000,50
shared evaluation seed,0.0,0.0,0.02040816326530612,14.0,0.0,fixed_r8,Maximum radius,radius_min_saturation_fraction,2000,50
shared evaluation seed,1.0,1.0,0.02040816326530612,14.0,1.0,fixed_r8,Maximum radius,radius_max_saturation_fraction,2000,50
shared evaluation seed,2.2074070273631836,2.012736629353234,0.02040816326530612,14.0,2.105261194029851,fixed_r8,Maximum radius,mean_degree_error,2000,50
shared evaluation seed,6.5574502487562185,5.673266791044775,0.02040816326530612,14.0,6.116430348258707,fixed_r8,Maximum radius,mean_degree_error_sq,2000,50
shared evaluation seed,0.0,0.0,0.02040816326530612,14.0,0.0,fixed_r8,Maximum radius,radius_oscillation_frequency,2000,50
shared evaluation seed,0.03875,0.0,0.012345679012345678,18.0,0.015,fixed_r8,Maximum radius,final_fragmentation,2000,50
shared evaluation seed,0.115955223880597,0.06127300995024876,0.012345679012345678,18.0,0.086113184079602,fixed_r8,Maximum radius,mean_fragmentation,2000,50
shared evaluation seed,1.0,0.96125,0.012345679012345678,18.0,0.985,fixed_r8,Maximum radius,final_largest_scc_fraction,2000,50
shared evaluation seed,0.9392790733830846,0.8862988184079602,0.012345679012345678,18.0,0.913886815920398,fixed_r8,Maximum radius,mean_largest_scc_fraction,2000,50
shared evaluation seed,3.062537624378109,2.8208569651741295,0.012345679012345678,18.0,2.9433706467661693,fixed_r8,Maximum radius,mean_degree,2000,50
shared evaluation seed,8.0,8.0,0.012345679012345678,18.0,8.0,fixed_r8,Maximum radius,mean_radius,2000,50
shared evaluation seed,201.06192982974676,201.06192982974676,0.012345679012345678,18.0,201.06192982974676,fixed_r8,Maximum radius,mean_interaction_area,2000,50
shared evaluation seed,0.0013812499999999999,0.00093125,0.012345679012345678,18.0,0.00115,fixed_r8,Maximum radius,neighbor_loss_rate,2000,50
shared evaluation seed,0.9304769906164785,0.8770842390377898,0.012345679012345678,18.0,0.9054267657868087,fixed_r8,Maximum radius,polar_order,2000,50
shared evaluation seed,0.01682701779935151,0.013110567509041545,0.012345679012345678,18.0,0.014941823524523432,fixed_r8,Maximum radius,velocity_dispersion,2000,50
shared evaluation seed,0.0220535720602937,0.01600153603155676,0.012345679012345678,18.0,0.01884122629593028,fixed_r8,Maximum radius,control_energy,2000,50
shared evaluation seed,0.0,0.0,0.012345679012345678,18.0,0.0,fixed_r8,Maximum radius,radius_temporal_variation,2000,50
shared evaluation seed,0.0,0.0,0.012345679012345678,18.0,0.0,fixed_r8,Maximum radius,radius_command_temporal_variation,2000,50
shared evaluation seed,0.0,0.0,0.012345679012345678,18.0,0.0,fixed_r8,Maximum radius,radius_min_saturation_fraction,2000,50
shared evaluation seed,1.0,1.0,0.012345679012345678,18.0,1.0,fixed_r8,Maximum radius,radius_max_saturation_fraction,2000,50
shared evaluation seed,3.1931968283582086,2.9628022388059705,0.012345679012345678,18.0,3.0768656716417913,fixed_r8,Maximum radius,mean_degree_error,2000,50
shared evaluation seed,11.762511504975125,10.537143656716419,0.012345679012345678,18.0,11.150708955223882,fixed_r8,Maximum radius,mean_degree_error_sq,2000,50
shared evaluation seed,0.0,0.0,0.012345679012345678,18.0,0.0,fixed_r8,Maximum radius,radius_oscillation_frequency,2000,50
shared evaluation seed,0.13375,0.04125,0.007561436672967864,23.0,0.085,fixed_r8,Maximum radius,final_fragmentation,2000,50
shared evaluation seed,0.27646564054726364,0.19949036069651743,0.007561436672967864,23.0,0.23742537313432838,fixed_r8,Maximum radius,mean_fragmentation,2000,50
shared evaluation seed,0.95625,0.8675,0.007561436672967864,23.0,0.915,fixed_r8,Maximum radius,final_largest_scc_fraction,2000,50
shared evaluation seed,0.8011778606965173,0.7218278917910448,0.007561436672967864,23.0,0.7625746268656717,fixed_r8,Maximum radius,mean_largest_scc_fraction,2000,50
shared evaluation seed,2.379555970149254,2.2124589552238807,0.007561436672967864,23.0,2.2921766169154227,fixed_r8,Maximum radius,mean_degree,2000,50
shared evaluation seed,8.0,8.0,0.007561436672967864,23.0,8.0,fixed_r8,Maximum radius,mean_radius,2000,50
shared evaluation seed,201.06192982974676,201.06192982974676,0.007561436672967864,23.0,201.06192982974676,fixed_r8,Maximum radius,mean_interaction_area,2000,50
shared evaluation seed,0.0022439062499999994,0.001025,0.007561436672967864,23.0,0.00156875,fixed_r8,Maximum radius,neighbor_loss_rate,2000,50
shared evaluation seed,0.8276057688208542,0.7348458737778464,0.007561436672967864,23.0,0.7834669233362473,fixed_r8,Maximum radius,polar_order,2000,50
shared evaluation seed,0.04893515598107072,0.03788418179294152,0.007561436672967864,23.0,0.043360213184789255,fixed_r8,Maximum radius,velocity_dispersion,2000,50
shared evaluation seed,0.07436675652321527,0.04988276934975401,0.007561436672967864,23.0,0.061202651993529776,fixed_r8,Maximum radius,control_energy,2000,50
shared evaluation seed,0.0,0.0,0.007561436672967864,23.0,0.0,fixed_r8,Maximum radius,radius_temporal_variation,2000,50
shared evaluation seed,0.0,0.0,0.007561436672967864,23.0,0.0,fixed_r8,Maximum radius,radius_command_temporal_variation,2000,50
shared evaluation seed,0.0,0.0,0.007561436672967864,23.0,0.0,fixed_r8,Maximum radius,radius_min_saturation_fraction,2000,50
shared evaluation seed,1.0,1.0,0.007561436672967864,23.0,1.0,fixed_r8,Maximum radius,radius_max_saturation_fraction,2000,50
shared evaluation seed,3.7933100124378107,3.623782960199005,0.007561436672967864,23.0,3.7096144278606964,fixed_r8,Maximum radius,mean_degree_error,2000,50
shared evaluation seed,15.573462997512438,14.48866013681592,0.007561436672967864,23.0,15.021032338308457,fixed_r8,Maximum radius,mean_degree_error_sq,2000,50
shared evaluation seed,0.0,0.0,0.007561436672967864,23.0,0.0,fixed_r8,Maximum radius,radius_oscillation_frequency,2000,50
shared evaluation seed,0.31875,0.21,0.0044444444444444444,30.0,0.26375,fixed_r8,Maximum radius,final_fragmentation,2000,50
shared evaluation seed,0.491822605721393,0.42458131218905476,0.0044444444444444444,30.0,0.4580721393034826,fixed_r8,Maximum radius,mean_fragmentation,2000,50
shared evaluation seed,0.79125,0.685,0.0044444444444444444,30.0,0.73625,fixed_r8,Maximum radius,final_largest_scc_fraction,2000,50
shared evaluation seed,0.5761750621890548,0.5083320895522387,0.0044444444444444444,30.0,0.5419278606965174,fixed_r8,Maximum radius,mean_largest_scc_fraction,2000,50
shared evaluation seed,1.8006380597014924,1.685794776119403,0.0044444444444444444,30.0,1.7396766169154227,fixed_r8,Maximum radius,mean_degree,2000,50
shared evaluation seed,8.0,8.0,0.0044444444444444444,30.0,8.0,fixed_r8,Maximum radius,mean_radius,2000,50
shared evaluation seed,201.06192982974676,201.06192982974676,0.0044444444444444444,30.0,201.06192982974676,fixed_r8,Maximum radius,mean_interaction_area,2000,50
shared evaluation seed,0.0016751562499999991,0.0006,0.0044444444444444444,30.0,0.00109375,fixed_r8,Maximum radius,neighbor_loss_rate,2000,50
shared evaluation seed,0.6572997328709725,0.5604967245715788,0.0044444444444444444,30.0,0.6104692382311284,fixed_r8,Maximum radius,polar_order,2000,50
shared evaluation seed,0.12683614027639256,0.10423921950114108,0.0044444444444444444,30.0,0.11478957740506512,fixed_r8,Maximum radius,velocity_dispersion,2000,50
shared evaluation seed,0.19822608008930248,0.14054832804708717,0.0044444444444444444,30.0,0.16805271101763627,fixed_r8,Maximum radius,control_energy,2000,50
shared evaluation seed,0.0,0.0,0.0044444444444444444,30.0,0.0,fixed_r8,Maximum radius,radius_temporal_variation,2000,50
shared evaluation seed,0.0,0.0,0.0044444444444444444,30.0,0.0,fixed_r8,Maximum radius,radius_command_temporal_variation,2000,50
shared evaluation seed,0.0,0.0,0.0044444444444444444,30.0,0.0,fixed_r8,Maximum radius,radius_min_saturation_fraction,2000,50
shared evaluation seed,1.0,1.0,0.0044444444444444444,30.0,1.0,fixed_r8,Maximum radius,radius_max_saturation_fraction,2000,50
shared evaluation seed,4.313745335820895,4.20552052238806,0.0044444444444444444,30.0,4.260323383084577,fixed_r8,Maximum radius,mean_degree_error,2000,50
shared evaluation seed,19.52785634328358,18.699077425373137,0.0044444444444444444,30.0,19.109154228855722,fixed_r8,Maximum radius,mean_degree_error_sq,2000,50
shared evaluation seed,0.0,0.0,0.0044444444444444444,30.0,0.0,fixed_r8,Maximum radius,radius_oscillation_frequency,2000,50
shared evaluation seed,0.0,0.0,0.08163265306122448,7.0,0.0,fixed_r8_retained,Maximum radius + retention,final_fragmentation,2000,50
shared evaluation seed,0.0,0.0,0.08163265306122448,7.0,0.0,fixed_r8_retained,Maximum radius + retention,mean_fragmentation,2000,50
shared evaluation seed,1.0,1.0,0.08163265306122448,7.0,1.0,fixed_r8_retained,Maximum radius + retention,final_largest_scc_fraction,2000,50
shared evaluation seed,1.0,1.0,0.08163265306122448,7.0,1.0,fixed_r8_retained,Maximum radius + retention,mean_largest_scc_fraction,2000,50
shared evaluation seed,11.5148065920398,11.16725,0.08163265306122448,7.0,11.33745024875622,fixed_r8_retained,Maximum radius + retention,mean_degree,2000,50
shared evaluation seed,6.75,6.75,0.08163265306122448,7.0,6.75,fixed_r8_retained,Maximum radius + retention,mean_radius,2000,50
shared evaluation seed,143.13881527918494,143.13881527918494,0.08163265306122448,7.0,143.13881527918494,fixed_r8_retained,Maximum radius + retention,mean_interaction_area,2000,50
shared evaluation seed,0.0016,0.0011,0.08163265306122448,7.0,0.0013375000000000001,fixed_r8_retained,Maximum radius + retention,neighbor_loss_rate,2000,50
shared evaluation seed,0.9930644183318436,0.9916477421924227,0.08163265306122448,7.0,0.9924281962076104,fixed_r8_retained,Maximum radius + retention,polar_order,2000,50
shared evaluation seed,0.0038965458965849673,0.003427023224474566,0.08163265306122448,7.0,0.0036472687715338637,fixed_r8_retained,Maximum radius + retention,velocity_dispersion,2000,50
shared evaluation seed,0.008803109869539017,0.008088826938318989,0.08163265306122448,7.0,0.008449550333491125,fixed_r8_retained,Maximum radius + retention,control_energy,2000,50
shared evaluation seed,0.0,0.0,0.08163265306122448,7.0,0.0,fixed_r8_retained,Maximum radius + retention,radius_temporal_variation,2000,50
shared evaluation seed,0.0,0.0,0.08163265306122448,7.0,0.0,fixed_r8_retained,Maximum radius + retention,radius_command_temporal_variation,2000,50
shared evaluation seed,0.0,0.0,0.08163265306122448,7.0,0.0,fixed_r8_retained,Maximum radius + retention,radius_min_saturation_fraction,2000,50
shared evaluation seed,1.0,1.0,0.08163265306122448,7.0,1.0,fixed_r8_retained,Maximum radius + retention,radius_max_saturation_fraction,2000,50
shared evaluation seed,5.525568718905472,5.170727611940299,0.08163265306122448,7.0,5.342412935323384,fixed_r8_retained,Maximum radius + retention,mean_degree_error,2000,50
shared evaluation seed,33.24442537313432,29.396680348258705,0.08163265306122448,7.0,31.369776119402985,fixed_r8_retained,Maximum radius + retention,mean_degree_error_sq,2000,50
shared evaluation seed,0.0,0.0,0.08163265306122448,7.0,0.0,fixed_r8_retained,Maximum radius + retention,radius_oscillation_frequency,2000,50
shared evaluation seed,0.0,0.0,0.04938271604938271,9.0,0.0,fixed_r8_retained,Maximum radius + retention,final_fragmentation,2000,50
shared evaluation seed,0.0,0.0,0.04938271604938271,9.0,0.0,fixed_r8_retained,Maximum radius + retention,mean_fragmentation,2000,50
shared evaluation seed,1.0,1.0,0.04938271604938271,9.0,1.0,fixed_r8_retained,Maximum radius + retention,final_largest_scc_fraction,2000,50
shared evaluation seed,1.0,1.0,0.04938271604938271,9.0,1.0,fixed_r8_retained,Maximum radius + retention,mean_largest_scc_fraction,2000,50
shared evaluation seed,9.77217537313433,9.38269776119403,0.04938271604938271,9.0,9.564950248756219,fixed_r8_retained,Maximum radius + retention,mean_degree,2000,50
shared evaluation seed,8.0,8.0,0.04938271604938271,9.0,8.0,fixed_r8_retained,Maximum radius + retention,mean_radius,2000,50
shared evaluation seed,201.06192982974676,201.06192982974676,0.04938271604938271,9.0,201.06192982974676,fixed_r8_retained,Maximum radius + retention,mean_interaction_area,2000,50
shared evaluation seed,0.0014000000000000002,0.0009812500000000001,0.04938271604938271,9.0,0.0011875000000000002,fixed_r8_retained,Maximum radius + retention,neighbor_loss_rate,2000,50
shared evaluation seed,0.9924615450770851,0.990375221245627,0.04938271604938271,9.0,0.9915390576448878,fixed_r8_retained,Maximum radius + retention,polar_order,2000,50
shared evaluation seed,0.003957540511094645,0.0034718868035288827,0.04938271604938271,9.0,0.003715230834640686,fixed_r8_retained,Maximum radius + retention,velocity_dispersion,2000,50
shared evaluation seed,0.008848631273398605,0.008111289397927173,0.04938271604938271,9.0,0.008474796260326592,fixed_r8_retained,Maximum radius + retention,control_energy,2000,50
shared evaluation seed,0.0,0.0,0.04938271604938271,9.0,0.0,fixed_r8_retained,Maximum radius + retention,radius_temporal_variation,2000,50
shared evaluation seed,0.0,0.0,0.04938271604938271,9.0,0.0,fixed_r8_retained,Maximum radius + retention,radius_command_temporal_variation,2000,50
shared evaluation seed,0.0,0.0,0.04938271604938271,9.0,0.0,fixed_r8_retained,Maximum radius + retention,radius_min_saturation_fraction,2000,50
shared evaluation seed,1.0,1.0,0.04938271604938271,9.0,1.0,fixed_r8_retained,Maximum radius + retention,radius_max_saturation_fraction,2000,50
shared evaluation seed,3.7959894278606963,3.3979685945273634,0.04938271604938271,9.0,3.597686567164179,fixed_r8_retained,Maximum radius + retention,mean_degree_error,2000,50
shared evaluation seed,17.854231965174126,14.509799751243781,0.04938271604938271,9.0,16.169477611940298,fixed_r8_retained,Maximum radius + retention,mean_degree_error_sq,2000,50
shared evaluation seed,0.0,0.0,0.04938271604938271,9.0,0.0,fixed_r8_retained,Maximum radius + retention,radius_oscillation_frequency,2000,50
shared evaluation seed,0.0,0.0,0.03305785123966942,11.0,0.0,fixed_r8_retained,Maximum radius + retention,final_fragmentation,2000,50
shared evaluation seed,0.0,0.0,0.03305785123966942,11.0,0.0,fixed_r8_retained,Maximum radius + retention,mean_fragmentation,2000,50
shared evaluation seed,1.0,1.0,0.03305785123966942,11.0,1.0,fixed_r8_retained,Maximum radius + retention,final_largest_scc_fraction,2000,50
shared evaluation seed,1.0,1.0,0.03305785123966942,11.0,1.0,fixed_r8_retained,Maximum radius + retention,mean_largest_scc_fraction,2000,50
shared evaluation seed,6.690118159203981,6.299370646766169,0.03305785123966942,11.0,6.503258706467661,fixed_r8_retained,Maximum radius + retention,mean_degree,2000,50
shared evaluation seed,8.0,8.0,0.03305785123966942,11.0,8.0,fixed_r8_retained,Maximum radius + retention,mean_radius,2000,50
shared evaluation seed,201.06192982974676,201.06192982974676,0.03305785123966942,11.0,201.06192982974676,fixed_r8_retained,Maximum radius + retention,mean_interaction_area,2000,50
shared evaluation seed,0.0013750000000000001,0.0008812500000000001,0.03305785123966942,11.0,0.00111875,fixed_r8_retained,Maximum radius + retention,neighbor_loss_rate,2000,50
shared evaluation seed,0.9904836097479005,0.9870166112397823,0.03305785123966942,11.0,0.98900304217272,fixed_r8_retained,Maximum radius + retention,polar_order,2000,50
shared evaluation seed,0.004231000194252506,0.0037310048366194057,0.03305785123966942,11.0,0.003974956942813329,fixed_r8_retained,Maximum radius + retention,velocity_dispersion,2000,50
shared evaluation seed,0.008968723753504148,0.00828656462684079,0.03305785123966942,11.0,0.008628495365157618,fixed_r8_retained,Maximum radius + retention,control_energy,2000,50
shared evaluation seed,0.0,0.0,0.03305785123966942,11.0,0.0,fixed_r8_retained,Maximum radius + retention,radius_temporal_variation,2000,50
shared evaluation seed,0.0,0.0,0.03305785123966942,11.0,0.0,fixed_r8_retained,Maximum radius + retention,radius_command_temporal_variation,2000,50
shared evaluation seed,0.0,0.0,0.03305785123966942,11.0,0.0,fixed_r8_retained,Maximum radius + retention,radius_min_saturation_fraction,2000,50
shared evaluation seed,1.0,1.0,0.03305785123966942,11.0,1.0,fixed_r8_retained,Maximum radius + retention,radius_max_saturation_fraction,2000,50
shared evaluation seed,1.6692661691542288,1.4230824004975127,0.03305785123966942,11.0,1.5447636815920398,fixed_r8_retained,Maximum radius + retention,mean_degree_error,2000,50
shared evaluation seed,4.45812842039801,3.3978771766169156,0.03305785123966942,11.0,3.9107960199004976,fixed_r8_retained,Maximum radius + retention,mean_degree_error_sq,2000,50
shared evaluation seed,0.0,0.0,0.03305785123966942,11.0,0.0,fixed_r8_retained,Maximum radius + retention,radius_oscillation_frequency,2000,50
shared evaluation seed,0.0,0.0,0.02040816326530612,14.0,0.0,fixed_r8_retained,Maximum radius + retention,final_fragmentation,2000,50
shared evaluation seed,0.0034452736318407963,0.0008022388059701492,0.02040816326530612,14.0,0.0019713930348258706,fixed_r8_retained,Maximum radius + retention,mean_fragmentation,2000,50
shared evaluation seed,1.0,1.0,0.02040816326530612,14.0,1.0,fixed_r8_retained,Maximum radius + retention,final_largest_scc_fraction,2000,50
shared evaluation seed,0.9991977611940297,0.9965730721393035,0.02040816326530612,14.0,0.9980286069651741,fixed_r8_retained,Maximum radius + retention,mean_largest_scc_fraction,2000,50
shared evaluation seed,4.390601368159205,4.086354788557214,0.02040816326530612,14.0,4.239713930348259,fixed_r8_retained,Maximum radius + retention,mean_degree,2000,50
shared evaluation seed,8.0,8.0,0.02040816326530612,14.0,8.0,fixed_r8_retained,Maximum radius + retention,mean_radius,2000,50
shared evaluation seed,201.06192982974676,201.06192982974676,0.02040816326530612,14.0,201.06192982974676,fixed_r8_retained,Maximum radius + retention,mean_interaction_area,2000,50
shared evaluation seed,0.0013375000000000001,0.00095,0.02040816326530612,14.0,0.0011375,fixed_r8_retained,Maximum radius + retention,neighbor_loss_rate,2000,50
shared evaluation seed,0.9813898800194903,0.970326339032628,0.02040816326530612,14.0,0.9762040097562634,fixed_r8_retained,Maximum radius + retention,polar_order,2000,50
shared evaluation seed,0.005992901173501709,0.005023801077006184,0.02040816326530612,14.0,0.005487174430533567,fixed_r8_retained,Maximum radius + retention,velocity_dispersion,2000,50
shared evaluation seed,0.010149797021497686,0.009206391158885899,0.02040816326530612,14.0,0.009676072756977806,fixed_r8_retained,Maximum radius + retention,control_energy,2000,50
shared evaluation seed,0.0,0.0,0.02040816326530612,14.0,0.0,fixed_r8_retained,Maximum radius + retention,radius_temporal_variation,2000,50
shared evaluation seed,0.0,0.0,0.02040816326530612,14.0,0.0,fixed_r8_retained,Maximum radius + retention,radius_command_temporal_variation,2000,50
shared evaluation seed,0.0,0.0,0.02040816326530612,14.0,0.0,fixed_r8_retained,Maximum radius + retention,radius_min_saturation_fraction,2000,50
shared evaluation seed,1.0,1.0,0.02040816326530612,14.0,1.0,fixed_r8_retained,Maximum radius + retention,radius_max_saturation_fraction,2000,50
shared evaluation seed,2.127278917910448,1.945073383084577,0.02040816326530612,14.0,2.0362064676616916,fixed_r8_retained,Maximum radius + retention,mean_degree_error,2000,50
shared evaluation seed,6.155722014925373,5.430787002487563,0.02040816326530612,14.0,5.807338308457712,fixed_r8_retained,Maximum radius + retention,mean_degree_error_sq,2000,50
shared evaluation seed,0.0,0.0,0.02040816326530612,14.0,0.0,fixed_r8_retained,Maximum radius + retention,radius_oscillation_frequency,2000,50
shared evaluation seed,0.0075,0.0,0.012345679012345678,18.0,0.0025,fixed_r8_retained,Maximum radius + retention,final_fragmentation,2000,50
shared evaluation seed,0.10899704601990046,0.05784001865671642,0.012345679012345678,18.0,0.08144900497512438,fixed_r8_retained,Maximum radius + retention,mean_fragmentation,2000,50
shared evaluation seed,1.0,0.9925,0.012345679012345678,18.0,0.9975,fixed_r8_retained,Maximum radius + retention,final_largest_scc_fraction,2000,50
shared evaluation seed,0.9428983208955224,0.8912793843283583,0.012345679012345678,18.0,0.9185509950248756,fixed_r8_retained,Maximum radius + retention,mean_largest_scc_fraction,2000,50
shared evaluation seed,3.097664490049751,2.843058146766169,0.012345679012345678,18.0,2.966902985074627,fixed_r8_retained,Maximum radius + retention,mean_degree,2000,50
shared evaluation seed,8.0,8.0,0.012345679012345678,18.0,8.0,fixed_r8_retained,Maximum radius + retention,mean_radius,2000,50
shared evaluation seed,201.06192982974676,201.06192982974676,0.012345679012345678,18.0,201.06192982974676,fixed_r8_retained,Maximum radius + retention,mean_interaction_area,2000,50
shared evaluation seed,0.00093125,0.0005812500000000001,0.012345679012345678,18.0,0.00075,fixed_r8_retained,Maximum radius + retention,neighbor_loss_rate,2000,50
shared evaluation seed,0.9308561406051353,0.875840889479222,0.012345679012345678,18.0,0.905164088978313,fixed_r8_retained,Maximum radius + retention,polar_order,2000,50
shared evaluation seed,0.0159516086578695,0.012603183485229052,0.012345679012345678,18.0,0.014220040839082022,fixed_r8_retained,Maximum radius + retention,velocity_dispersion,2000,50
shared evaluation seed,0.02108097605038359,0.015282486686078196,0.012345679012345678,18.0,0.017903336314848525,fixed_r8_retained,Maximum radius + retention,control_energy,2000,50
shared evaluation seed,0.0,0.0,0.012345679012345678,18.0,0.0,fixed_r8_retained,Maximum radius + retention,radius_temporal_variation,2000,50
shared evaluation seed,0.0,0.0,0.012345679012345678,18.0,0.0,fixed_r8_retained,Maximum radius + retention,radius_command_temporal_variation,2000,50
shared evaluation seed,0.0,0.0,0.012345679012345678,18.0,0.0,fixed_r8_retained,Maximum radius + retention,radius_min_saturation_fraction,2000,50
shared evaluation seed,1.0,1.0,0.012345679012345678,18.0,1.0,fixed_r8_retained,Maximum radius + retention,radius_max_saturation_fraction,2000,50
shared evaluation seed,3.1684956467661687,2.9359216417910448,0.012345679012345678,18.0,3.0530223880597016,fixed_r8_retained,Maximum radius + retention,mean_degree_error,2000,50
shared evaluation seed,11.642173196517414,10.481172885572139,0.012345679012345678,18.0,11.056753731343283,fixed_r8_retained,Maximum radius + retention,mean_degree_error_sq,2000,50
shared evaluation seed,0.0,0.0,0.012345679012345678,18.0,0.0,fixed_r8_retained,Maximum radius + retention,radius_oscillation_frequency,2000,50
shared evaluation seed,0.105,0.03,0.007561436672967864,23.0,0.065,fixed_r8_retained,Maximum radius + retention,final_fragmentation,2000,50
shared evaluation seed,0.28213743781094525,0.20052829601990052,0.007561436672967864,23.0,0.24027985074626865,fixed_r8_retained,Maximum radius + retention,mean_fragmentation,2000,50
shared evaluation seed,0.96875,0.89625,0.007561436672967864,23.0,0.935,fixed_r8_retained,Maximum radius + retention,final_largest_scc_fraction,2000,50
shared evaluation seed,0.7988389303482587,0.7183574315920398,0.007561436672967864,23.0,0.7597201492537313,fixed_r8_retained,Maximum radius + retention,mean_largest_scc_fraction,2000,50
shared evaluation seed,2.4092459577114425,2.2141965174129354,0.007561436672967864,23.0,2.3122885572139307,fixed_r8_retained,Maximum radius + retention,mean_degree,2000,50
shared evaluation seed,8.0,8.0,0.007561436672967864,23.0,8.0,fixed_r8_retained,Maximum radius + retention,mean_radius,2000,50
shared evaluation seed,201.06192982974676,201.06192982974676,0.007561436672967864,23.0,201.06192982974676,fixed_r8_retained,Maximum radius + retention,mean_interaction_area,2000,50
shared evaluation seed,0.0006375,0.0003375,0.007561436672967864,23.0,0.00048125,fixed_r8_retained,Maximum radius + retention,neighbor_loss_rate,2000,50
shared evaluation seed,0.8210348984411786,0.7228668596094142,0.007561436672967864,23.0,0.7744160786472029,fixed_r8_retained,Maximum radius + retention,polar_order,2000,50
shared evaluation seed,0.049321052668651916,0.03811141301906447,0.007561436672967864,23.0,0.04325340874248833,fixed_r8_retained,Maximum radius + retention,velocity_dispersion,2000,50
shared evaluation seed,0.07339590777001756,0.0476871940396364,0.007561436672967864,23.0,0.05949485407187122,fixed_r8_retained,Maximum radius + retention,control_energy,2000,50
shared evaluation seed,0.0,0.0,0.007561436672967864,23.0,0.0,fixed_r8_retained,Maximum radius + retention,radius_temporal_variation,2000,50
shared evaluation seed,0.0,0.0,0.007561436672967864,23.0,0.0,fixed_r8_retained,Maximum radius + retention,radius_command_temporal_variation,2000,50
shared evaluation seed,0.0,0.0,0.007561436672967864,23.0,0.0,fixed_r8_retained,Maximum radius + retention,radius_min_saturation_fraction,2000,50
shared evaluation seed,1.0,1.0,0.007561436672967864,23.0,1.0,fixed_r8_retained,Maximum radius + retention,radius_max_saturation_fraction,2000,50
shared evaluation seed,3.7879138681592037,3.5951209577114427,0.007561436672967864,23.0,3.6913681592039804,fixed_r8_retained,Maximum radius + retention,mean_degree_error,2000,50
shared evaluation seed,15.498213619402984,14.278220460199003,0.007561436672967864,23.0,14.875062189054727,fixed_r8_retained,Maximum radius + retention,mean_degree_error_sq,2000,50
shared evaluation seed,0.0,0.0,0.007561436672967864,23.0,0.0,fixed_r8_retained,Maximum radius + retention,radius_oscillation_frequency,2000,50
shared evaluation seed,0.30625,0.2,0.0044444444444444444,30.0,0.25125,fixed_r8_retained,Maximum radius + retention,final_fragmentation,2000,50
shared evaluation seed,0.48069387437810945,0.4158866604477612,0.0044444444444444444,30.0,0.44897388059701493,fixed_r8_retained,Maximum radius + retention,mean_fragmentation,2000,50
shared evaluation seed,0.8,0.69375,0.0044444444444444444,30.0,0.74875,fixed_r8_retained,Maximum radius + retention,final_largest_scc_fraction,2000,50
shared evaluation seed,0.5879102922885573,0.5183571206467661,0.0044444444444444444,30.0,0.5510261194029851,fixed_r8_retained,Maximum radius + retention,mean_largest_scc_fraction,2000,50
shared evaluation seed,1.8117419154228858,1.7001458333333335,0.0044444444444444444,30.0,1.7539925373134329,fixed_r8_retained,Maximum radius + retention,mean_degree,2000,50
shared evaluation seed,8.0,8.0,0.0044444444444444444,30.0,8.0,fixed_r8_retained,Maximum radius + retention,mean_radius,2000,50
shared evaluation seed,201.06192982974676,201.06192982974676,0.0044444444444444444,30.0,201.06192982974676,fixed_r8_retained,Maximum radius + retention,mean_interaction_area,2000,50
shared evaluation seed,0.00035625,0.0001375,0.0044444444444444444,30.0,0.00024375000000000002,fixed_r8_retained,Maximum radius + retention,neighbor_loss_rate,2000,50
shared evaluation seed,0.6635539252218458,0.5683761978222084,0.0044444444444444444,30.0,0.6153846873592078,fixed_r8_retained,Maximum radius + retention,polar_order,2000,50
shared evaluation seed,0.1268307345447667,0.10377314950255345,0.0044444444444444444,30.0,0.11477383002897946,fixed_r8_retained,Maximum radius + retention,velocity_dispersion,2000,50
shared evaluation seed,0.19466742256944045,0.13438576394921933,0.0044444444444444444,30.0,0.1623525643643708,fixed_r8_retained,Maximum radius + retention,control_energy,2000,50
shared evaluation seed,0.0,0.0,0.0044444444444444444,30.0,0.0,fixed_r8_retained,Maximum radius + retention,radius_temporal_variation,2000,50
shared evaluation seed,0.0,0.0,0.0044444444444444444,30.0,0.0,fixed_r8_retained,Maximum radius + retention,radius_command_temporal_variation,2000,50
shared evaluation seed,0.0,0.0,0.0044444444444444444,30.0,0.0,fixed_r8_retained,Maximum radius + retention,radius_min_saturation_fraction,2000,50
shared evaluation seed,1.0,1.0,0.0044444444444444444,30.0,1.0,fixed_r8_retained,Maximum radius + retention,radius_max_saturation_fraction,2000,50
shared evaluation seed,4.304578669154228,4.190058768656716,0.0044444444444444444,30.0,4.246007462686567,fixed_r8_retained,Maximum radius + retention,mean_degree_error,2000,50
shared evaluation seed,19.395459577114426,18.583194029850745,0.0044444444444444444,30.0,19.00060945273632,fixed_r8_retained,Maximum radius + retention,mean_degree_error_sq,2000,50
shared evaluation seed,0.0,0.0,0.0044444444444444444,30.0,0.0,fixed_r8_retained,Maximum radius + retention,radius_oscillation_frequency,2000,50
shared evaluation seed,0.0,0.0,0.08163265306122448,7.0,0.0,knn_k6,Local-KNN K=6,final_fragmentation,2000,50
shared evaluation seed,0.0,0.0,0.08163265306122448,7.0,0.0,knn_k6,Local-KNN K=6,mean_fragmentation,2000,50
shared evaluation seed,1.0,1.0,0.08163265306122448,7.0,1.0,knn_k6,Local-KNN K=6,final_largest_scc_fraction,2000,50
shared evaluation seed,1.0,0.9999253731343284,0.08163265306122448,7.0,0.9999751243781094,knn_k6,Local-KNN K=6,mean_largest_scc_fraction,2000,50
shared evaluation seed,6.0,6.0,0.08163265306122448,7.0,6.0,knn_k6,Local-KNN K=6,mean_degree,2000,50
shared evaluation seed,7.0,7.0,0.08163265306122448,7.0,7.0,knn_k6,Local-KNN K=6,mean_radius,2000,50
shared evaluation seed,153.93804002589985,153.93804002589985,0.08163265306122448,7.0,153.93804002589985,knn_k6,Local-KNN K=6,mean_interaction_area,2000,50
shared evaluation seed,0.0,0.0,0.08163265306122448,7.0,0.0,knn_k6,Local-KNN K=6,neighbor_loss_rate,2000,50
shared evaluation seed,0.9909810383561174,0.9883468894249063,0.08163265306122448,7.0,0.9897251083814878,knn_k6,Local-KNN K=6,polar_order,2000,50
shared evaluation seed,0.004145536021392732,0.00364979700974813,0.08163265306122448,7.0,0.003887046799848693,knn_k6,Local-KNN K=6,velocity_dispersion,2000,50
shared evaluation seed,0.009005480898275433,0.00827409052451855,0.08163265306122448,7.0,0.008639401466588773,knn_k6,Local-KNN K=6,control_energy,2000,50
shared evaluation seed,0.0,0.0,0.08163265306122448,7.0,0.0,knn_k6,Local-KNN K=6,radius_temporal_variation,2000,50
shared evaluation seed,0.0,0.0,0.08163265306122448,7.0,0.0,knn_k6,Local-KNN K=6,radius_command_temporal_variation,2000,50
shared evaluation seed,0.0,0.0,0.08163265306122448,7.0,0.0,knn_k6,Local-KNN K=6,radius_min_saturation_fraction,2000,50
shared evaluation seed,1.0,1.0,0.08163265306122448,7.0,1.0,knn_k6,Local-KNN K=6,radius_max_saturation_fraction,2000,50
shared evaluation seed,0.0,0.0,0.08163265306122448,7.0,0.0,knn_k6,Local-KNN K=6,mean_degree_error,2000,50
shared evaluation seed,0.0,0.0,0.08163265306122448,7.0,0.0,knn_k6,Local-KNN K=6,mean_degree_error_sq,2000,50
shared evaluation seed,0.0,0.0,0.08163265306122448,7.0,0.0,knn_k6,Local-KNN K=6,radius_oscillation_frequency,2000,50
shared evaluation seed,0.0,0.0,0.04938271604938271,9.0,0.0,knn_k6,Local-KNN K=6,final_fragmentation,2000,50
shared evaluation seed,0.0,0.0,0.04938271604938271,9.0,0.0,knn_k6,Local-KNN K=6,mean_fragmentation,2000,50
shared evaluation seed,1.0,1.0,0.04938271604938271,9.0,1.0,knn_k6,Local-KNN K=6,final_largest_scc_fraction,2000,50
shared evaluation seed,1.0,0.999931592039801,0.04938271604938271,9.0,0.9999751243781094,knn_k6,Local-KNN K=6,mean_largest_scc_fraction,2000,50
shared evaluation seed,5.984801461442785,5.9634950248756216,0.04938271604938271,9.0,5.974720149253732,knn_k6,Local-KNN K=6,mean_degree,2000,50
shared evaluation seed,8.0,8.0,0.04938271604938271,9.0,8.0,knn_k6,Local-KNN K=6,mean_radius,2000,50
shared evaluation seed,201.06192982974676,201.06192982974676,0.04938271604938271,9.0,201.06192982974676,knn_k6,Local-KNN K=6,mean_interaction_area,2000,50
shared evaluation seed,0.0001625,6.25e-05,0.04938271604938271,9.0,0.0001125,knn_k6,Local-KNN K=6,neighbor_loss_rate,2000,50
shared evaluation seed,0.9906723109541944,0.9877558615981555,0.04938271604938271,9.0,0.9892981400257334,knn_k6,Local-KNN K=6,polar_order,2000,50
shared evaluation seed,0.004176788813543463,0.0036792995754666787,0.04938271604938271,9.0,0.003918011781649928,knn_k6,Local-KNN K=6,velocity_dispersion,2000,50
shared evaluation seed,0.00899546910202003,0.008249159343836512,0.04938271604938271,9.0,0.00863346779359097,knn_k6,Local-KNN K=6,control_energy,2000,50
shared evaluation seed,0.0,0.0,0.04938271604938271,9.0,0.0,knn_k6,Local-KNN K=6,radius_temporal_variation,2000,50
shared evaluation seed,0.0,0.0,0.04938271604938271,9.0,0.0,knn_k6,Local-KNN K=6,radius_command_temporal_variation,2000,50
shared evaluation seed,0.0,0.0,0.04938271604938271,9.0,0.0,knn_k6,Local-KNN K=6,radius_min_saturation_fraction,2000,50
shared evaluation seed,1.0,1.0,0.04938271604938271,9.0,1.0,knn_k6,Local-KNN K=6,radius_max_saturation_fraction,2000,50
shared evaluation seed,0.036680037313432834,0.01421455223880597,0.04938271604938271,9.0,0.025279850746268658,knn_k6,Local-KNN K=6,mean_degree_error,2000,50
shared evaluation seed,0.051059235074626855,0.017027363184079602,0.04938271604938271,9.0,0.0331405472636816,knn_k6,Local-KNN K=6,mean_degree_error_sq,2000,50
shared evaluation seed,0.0,0.0,0.04938271604938271,9.0,0.0,knn_k6,Local-KNN K=6,radius_oscillation_frequency,2000,50
shared evaluation seed,0.0,0.0,0.03305785123966942,11.0,0.0,knn_k6,Local-KNN K=6,final_fragmentation,2000,50
shared evaluation seed,0.0,0.0,0.03305785123966942,11.0,0.0,knn_k6,Local-KNN K=6,mean_fragmentation,2000,50
shared evaluation seed,1.0,0.98875,0.03305785123966942,11.0,0.99625,knn_k6,Local-KNN K=6,final_largest_scc_fraction,2000,50
shared evaluation seed,1.0,0.9887375621890547,0.03305785123966942,11.0,0.9962437810945274,knn_k6,Local-KNN K=6,mean_largest_scc_fraction,2000,50
shared evaluation seed,5.478877798507463,5.324971548507462,0.03305785123966942,11.0,5.404502487562189,knn_k6,Local-KNN K=6,mean_degree,2000,50
shared evaluation seed,8.0,8.0,0.03305785123966942,11.0,8.0,knn_k6,Local-KNN K=6,mean_radius,2000,50
shared evaluation seed,201.06192982974676,201.06192982974676,0.03305785123966942,11.0,201.06192982974676,knn_k6,Local-KNN K=6,mean_interaction_area,2000,50
shared evaluation seed,0.001275,0.0008375,0.03305785123966942,11.0,0.00105,knn_k6,Local-KNN K=6,neighbor_loss_rate,2000,50
shared evaluation seed,0.9895192378664985,0.9862511550154242,0.03305785123966942,11.0,0.9879872814942828,knn_k6,Local-KNN K=6,polar_order,2000,50
shared evaluation seed,0.0043351809059171955,0.003818883263323077,0.03305785123966942,11.0,0.004071632505647763,knn_k6,Local-KNN K=6,velocity_dispersion,2000,50
shared evaluation seed,0.009106583451553409,0.00839868673252425,0.03305785123966942,11.0,0.008750112919595572,knn_k6,Local-KNN K=6,control_energy,2000,50
shared evaluation seed,0.0,0.0,0.03305785123966942,11.0,0.0,knn_k6,Local-KNN K=6,radius_temporal_variation,2000,50
shared evaluation seed,0.0,0.0,0.03305785123966942,11.0,0.0,knn_k6,Local-KNN K=6,radius_command_temporal_variation,2000,50
shared evaluation seed,0.0,0.0,0.03305785123966942,11.0,0.0,knn_k6,Local-KNN K=6,radius_min_saturation_fraction,2000,50
shared evaluation seed,1.0,1.0,0.03305785123966942,11.0,1.0,knn_k6,Local-KNN K=6,radius_max_saturation_fraction,2000,50
shared evaluation seed,0.6746159825870647,0.5176537624378109,0.03305785123966942,11.0,0.5954975124378109,knn_k6,Local-KNN K=6,mean_degree_error,2000,50
shared evaluation seed,1.5193062810945275,1.071765858208955,0.03305785123966942,11.0,1.2836194029850745,knn_k6,Local-KNN K=6,mean_degree_error_sq,2000,50
shared evaluation seed,0.0,0.0,0.03305785123966942,11.0,0.0,knn_k6,Local-KNN K=6,radius_oscillation_frequency,2000,50
shared evaluation seed,0.0,0.0,0.02040816326530612,14.0,0.0,knn_k6,Local-KNN K=6,final_fragmentation,2000,50
shared evaluation seed,0.011007773631840795,0.001417754975124378,0.02040816326530612,14.0,0.004925373134328358,knn_k6,Local-KNN K=6,mean_fragmentation,2000,50
shared evaluation seed,1.0,0.985,0.02040816326530612,14.0,0.99375,knn_k6,Local-KNN K=6,final_largest_scc_fraction,2000,50
shared evaluation seed,0.996896921641791,0.9793956778606965,0.02040816326530612,14.0,0.9890796019900497,knn_k6,Local-KNN K=6,mean_largest_scc_fraction,2000,50
shared evaluation seed,4.140592661691541,3.9029824315920396,0.02040816326530612,14.0,4.02375,knn_k6,Local-KNN K=6,mean_degree,2000,50
shared evaluation seed,8.0,8.0,0.02040816326530612,14.0,8.0,knn_k6,Local-KNN K=6,mean_radius,2000,50
shared evaluation seed,201.06192982974676,201.06192982974676,0.02040816326530612,14.0,201.06192982974676,knn_k6,Local-KNN K=6,mean_interaction_area,2000,50
shared evaluation seed,0.0019125000000000001,0.0013812499999999999,0.02040816326530612,14.0,0.00164375,knn_k6,Local-KNN K=6,neighbor_loss_rate,2000,50
shared evaluation seed,0.980210622599146,0.968342948668577,0.02040816326530612,14.0,0.9748004826517005,knn_k6,Local-KNN K=6,polar_order,2000,50
shared evaluation seed,0.006130409973441704,0.005136995432527929,0.02040816326530612,14.0,0.00560803512692446,knn_k6,Local-KNN K=6,velocity_dispersion,2000,50
shared evaluation seed,0.010253682544213525,0.009300148233774275,0.02040816326530612,14.0,0.009774847625827882,knn_k6,Local-KNN K=6,control_energy,2000,50
shared evaluation seed,0.0,0.0,0.02040816326530612,14.0,0.0,knn_k6,Local-KNN K=6,radius_temporal_variation,2000,50
shared evaluation seed,0.0,0.0,0.02040816326530612,14.0,0.0,knn_k6,Local-KNN K=6,radius_command_temporal_variation,2000,50
shared evaluation seed,0.0,0.0,0.02040816326530612,14.0,0.0,knn_k6,Local-KNN K=6,radius_min_saturation_fraction,2000,50
shared evaluation seed,1.0,1.0,0.02040816326530612,14.0,1.0,knn_k6,Local-KNN K=6,radius_max_saturation_fraction,2000,50
shared evaluation seed,2.0917764303482587,1.8544833644278604,0.02040816326530612,14.0,1.97625,knn_k6,Local-KNN K=6,mean_degree_error,2000,50
shared evaluation seed,6.355039023631841,5.459573227611941,0.02040816326530612,14.0,5.901573383084577,knn_k6,Local-KNN K=6,mean_degree_error_sq,2000,50
shared evaluation seed,0.0,0.0,0.02040816326530612,14.0,0.0,knn_k6,Local-KNN K=6,radius_oscillation_frequency,2000,50
shared evaluation seed,0.03875,0.0,0.012345679012345678,18.0,0.015,knn_k6,Local-KNN K=6,final_fragmentation,2000,50
shared evaluation seed,0.11424362562189053,0.062365360696517415,0.012345679012345678,18.0,0.08613805970149255,knn_k6,Local-KNN K=6,mean_fragmentation,2000,50
shared evaluation seed,1.0,0.96125,0.012345679012345678,18.0,0.985,knn_k6,Local-KNN K=6,final_largest_scc_fraction,2000,50
shared evaluation seed,0.9364025186567164,0.887440143034826,0.012345679012345678,18.0,0.9138619402985074,knn_k6,Local-KNN K=6,mean_largest_scc_fraction,2000,50
shared evaluation seed,3.0520836442786075,2.8203473258706473,0.012345679012345678,18.0,2.9334514925373134,knn_k6,Local-KNN K=6,mean_degree,2000,50
shared evaluation seed,8.0,8.0,0.012345679012345678,18.0,8.0,knn_k6,Local-KNN K=6,mean_radius,2000,50
shared evaluation seed,201.06192982974676,201.06192982974676,0.012345679012345678,18.0,201.06192982974676,knn_k6,Local-KNN K=6,mean_interaction_area,2000,50
shared evaluation seed,0.0013875,0.00094359375,0.012345679012345678,18.0,0.0011562500000000002,knn_k6,Local-KNN K=6,neighbor_loss_rate,2000,50
shared evaluation seed,0.929560483517438,0.8764569527008149,0.012345679012345678,18.0,0.9053287400200639,knn_k6,Local-KNN K=6,polar_order,2000,50
shared evaluation seed,0.016708556230965097,0.013212474735293248,0.012345679012345678,18.0,0.014940366714060467,knn_k6,Local-KNN K=6,velocity_dispersion,2000,50
shared evaluation seed,0.022142220346398015,0.015952136496157447,0.012345679012345678,18.0,0.01885372998148091,knn_k6,Local-KNN K=6,control_energy,2000,50
shared evaluation seed,0.0,0.0,0.012345679012345678,18.0,0.0,knn_k6,Local-KNN K=6,radius_temporal_variation,2000,50
shared evaluation seed,0.0,0.0,0.012345679012345678,18.0,0.0,knn_k6,Local-KNN K=6,radius_command_temporal_variation,2000,50
shared evaluation seed,0.0,0.0,0.012345679012345678,18.0,0.0,knn_k6,Local-KNN K=6,radius_min_saturation_fraction,2000,50
shared evaluation seed,1.0,1.0,0.012345679012345678,18.0,1.0,knn_k6,Local-KNN K=6,radius_max_saturation_fraction,2000,50
shared evaluation seed,3.182494558457711,2.936379975124378,0.012345679012345678,18.0,3.0665485074626866,knn_k6,Local-KNN K=6,mean_degree_error,2000,50
shared evaluation seed,11.74319029850746,10.540472014925374,0.012345679012345678,18.0,11.137916666666667,knn_k6,Local-KNN K=6,mean_degree_error_sq,2000,50
shared evaluation seed,0.0,0.0,0.012345679012345678,18.0,0.0,knn_k6,Local-KNN K=6,radius_oscillation_frequency,2000,50
shared evaluation seed,0.13375,0.04375,0.007561436672967864,23.0,0.085,knn_k6,Local-KNN K=6,final_fragmentation,2000,50
shared evaluation seed,0.2774269278606965,0.19915858208955223,0.007561436672967864,23.0,0.23742537313432838,knn_k6,Local-KNN K=6,mean_fragmentation,2000,50
shared evaluation seed,0.9575312499999998,0.86875,0.007561436672967864,23.0,0.915,knn_k6,Local-KNN K=6,final_largest_scc_fraction,2000,50
shared evaluation seed,0.8007450248756218,0.7186099191542288,0.007561436672967864,23.0,0.7625746268656717,knn_k6,Local-KNN K=6,mean_largest_scc_fraction,2000,50
shared evaluation seed,2.379372978855721,2.2077195273631838,0.007561436672967864,23.0,2.2912873134328358,knn_k6,Local-KNN K=6,mean_degree,2000,50
shared evaluation seed,8.0,8.0,0.007561436672967864,23.0,8.0,knn_k6,Local-KNN K=6,mean_radius,2000,50
shared evaluation seed,201.06192982974676,201.06192982974676,0.007561436672967864,23.0,201.06192982974676,knn_k6,Local-KNN K=6,mean_interaction_area,2000,50
shared evaluation seed,0.0022753124999999987,0.001,0.007561436672967864,23.0,0.0015625,knn_k6,Local-KNN K=6,neighbor_loss_rate,2000,50
shared evaluation seed,0.8272682883485167,0.7331945845130118,0.007561436672967864,23.0,0.7833905997959046,knn_k6,Local-KNN K=6,polar_order,2000,50
shared evaluation seed,0.04899891832239629,0.037608009023199815,0.007561436672967864,23.0,0.04336153951714579,knn_k6,Local-KNN K=6,velocity_dispersion,2000,50
shared evaluation seed,0.07403262578737181,0.04946310231843632,0.007561436672967864,23.0,0.061202603913505946,knn_k6,Local-KNN K=6,control_energy,2000,50
shared evaluation seed,0.0,0.0,0.007561436672967864,23.0,0.0,knn_k6,Local-KNN K=6,radius_temporal_variation,2000,50
shared evaluation seed,0.0,0.0,0.007561436672967864,23.0,0.0,knn_k6,Local-KNN K=6,radius_command_temporal_variation,2000,50
shared evaluation seed,0.0,0.0,0.007561436672967864,23.0,0.0,knn_k6,Local-KNN K=6,radius_min_saturation_fraction,2000,50
shared evaluation seed,1.0,1.0,0.007561436672967864,23.0,1.0,knn_k6,Local-KNN K=6,radius_max_saturation_fraction,2000,50
shared evaluation seed,3.7932985074626866,3.61990282960199,0.007561436672967864,23.0,3.7087126865671642,knn_k6,Local-KNN K=6,mean_degree_error,2000,50
shared evaluation seed,15.558720149253729,14.497303171641791,0.007561436672967864,23.0,15.020080845771144,knn_k6,Local-KNN K=6,mean_degree_error_sq,2000,50
shared evaluation seed,0.0,0.0,0.007561436672967864,23.0,0.0,knn_k6,Local-KNN K=6,radius_oscillation_frequency,2000,50
shared evaluation seed,0.3175,0.2125,0.0044444444444444444,30.0,0.26375,knn_k6,Local-KNN K=6,final_fragmentation,2000,50
shared evaluation seed,0.4934827425373134,0.42290360696517415,0.0044444444444444444,30.0,0.4580721393034826,knn_k6,Local-KNN K=6,mean_fragmentation,2000,50
shared evaluation seed,0.7887812499999998,0.68375,0.0044444444444444444,30.0,0.73625,knn_k6,Local-KNN K=6,final_largest_scc_fraction,2000,50
shared evaluation seed,0.5757403606965174,0.5065286069651741,0.0044444444444444444,30.0,0.5419278606965174,knn_k6,Local-KNN K=6,mean_largest_scc_fraction,2000,50
shared evaluation seed,1.7963243159203977,1.6824353233830847,0.0044444444444444444,30.0,1.7396766169154227,knn_k6,Local-KNN K=6,mean_degree,2000,50
shared evaluation seed,8.0,8.0,0.0044444444444444444,30.0,8.0,knn_k6,Local-KNN K=6,mean_radius,2000,50
shared evaluation seed,201.06192982974676,201.06192982974676,0.0044444444444444444,30.0,201.06192982974676,knn_k6,Local-KNN K=6,mean_interaction_area,2000,50
shared evaluation seed,0.0017499999999999998,0.0005998437499999999,0.0044444444444444444,30.0,0.00109375,knn_k6,Local-KNN K=6,neighbor_loss_rate,2000,50
shared evaluation seed,0.659148882894981,0.5609867216078714,0.0044444444444444444,30.0,0.6104692382311284,knn_k6,Local-KNN K=6,polar_order,2000,50
shared evaluation seed,0.1267303873532737,0.10408334270421643,0.0044444444444444444,30.0,0.11478957740506512,knn_k6,Local-KNN K=6,velocity_dispersion,2000,50
shared evaluation seed,0.1972536693747436,0.1412110735850058,0.0044444444444444444,30.0,0.16805271101763627,knn_k6,Local-KNN K=6,control_energy,2000,50
shared evaluation seed,0.0,0.0,0.0044444444444444444,30.0,0.0,knn_k6,Local-KNN K=6,radius_temporal_variation,2000,50
shared evaluation seed,0.0,0.0,0.0044444444444444444,30.0,0.0,knn_k6,Local-KNN K=6,radius_command_temporal_variation,2000,50
shared evaluation seed,0.0,0.0,0.0044444444444444444,30.0,0.0,knn_k6,Local-KNN K=6,radius_min_saturation_fraction,2000,50
shared evaluation seed,1.0,1.0,0.0044444444444444444,30.0,1.0,knn_k6,Local-KNN K=6,radius_max_saturation_fraction,2000,50
shared evaluation seed,4.31616946517413,4.20289210199005,0.0044444444444444444,30.0,4.260323383084577,knn_k6,Local-KNN K=6,mean_degree_error,2000,50
shared evaluation seed,19.54186038557214,18.666750621890547,0.0044444444444444444,30.0,19.109154228855722,knn_k6,Local-KNN K=6,mean_degree_error_sq,2000,50
shared evaluation seed,0.0,0.0,0.0044444444444444444,30.0,0.0,knn_k6,Local-KNN K=6,radius_oscillation_frequency,2000,50
