agent_collision_rate,candidate_cap,components,contact_break_rate,control_energy,density,distance_evaluations_per_step,edge_persistence,final_edge_count,final_fragmentation,final_largest_scc_fraction,final_mean_in_degree,final_mean_out_degree,final_min_in_degree,final_min_out_degree,final_n_scc,final_normalized_comm_cost,final_rooted_fraction,final_sym_lambda2,fragmentation,half_width,largest_component_fraction,mean_abs_radius_command_update,mean_abs_radius_update,mean_agent_degree_temporal_variance,mean_agent_radius_temporal_std,mean_degree,mean_degree_error,mean_degree_error_sq,mean_edge_count,mean_fragmentation,mean_interaction_area,mean_interaction_out_degree,mean_largest_component_fraction,mean_largest_scc_fraction,mean_min_in_degree,mean_min_out_degree,mean_n_scc,mean_normalized_comm_cost,mean_probe_degree,mean_radius,mean_radius_footprint,mean_radius_sq,mean_rooted_fraction,mean_sym_lambda2,mechanism,method,minimum_agent_distance,minimum_obstacle_clearance,n_agents,neighbor_loss_rate,noise_std,obstacle_collision_rate,obstacle_proximity_rate,parameter,polar_order,radius_command_temporal_variation,radius_max_saturation_fraction,radius_min_saturation_fraction,radius_oscillation_frequency,radius_sign_reversal_count,radius_sign_reversal_rate,radius_temporal_variation,rms_radius_update,runtime_s,seed,sorting_operations_per_step,steps,velocity_dispersion,visible_neighbor_count_mean
0.0,7.0,2.0,0.0,0.017150512568607026,0.012345679012345678,240,1.0,55.0,0.0625,0.9375,3.4375,3.4375,0.0,0.0,2.0,0.22916666666666666,0.0,0.0019938504948008567,0.0625,18.0,0.9375,0.0004736717274537655,0.0004736716690963033,0.3149457934209549,0.040614938480906596,3.230410447761194,4.906094527363184,26.03047263681592,51.6865671641791,0.11194029850746269,138.3615220731739,3.230410447761194,0.8880597014925373,0.8880597014925373,0.0,0.0,2.3582089552238807,0.21536069651741274,1.0939054726368158,6.597286810309763,704.6694454932484,44.041840343328026,0.0,0.0017205962110657712,alf,alf,1.3111209246851816,36.0,16,0.0,0.0,0.0,0.0,0.5,0.8974659466705299,0.0004736717274537655,0.75,0.0,0.0,0,0.0,0.0004736716690963033,0.004346709878701668,1.0138749999996435,21000,0,200,0.03687571384657153,4.0335820895522385
0.0,7.0,1.0,0.0003125,0.03226327486107462,0.012345679012345678,240,0.9999369681689254,65.0,0.0,1.0,4.0625,4.0625,1.0,1.0,1.0,0.2708333333333333,1.0,0.2735070658800831,0.0,18.0,1.0,0.00041973304703363105,0.00041973304598514005,0.25494109056706515,0.022821508560446187,3.818407960199005,5.133706467661692,27.196517412935325,61.09452736318408,0.1318407960199005,150.36889311203703,3.818407960199005,0.8681592039800995,0.8681592039800995,0.9203980099502488,0.9203980099502488,1.572139303482587,0.25456053067993434,0.8662935323383084,6.911779682364762,765.8224840332015,47.86390525207509,0.6019900497512438,0.16358918324938346,alf,alf,0.7423888683715184,36.0,16,0.0003125,0.0,0.0,0.0,0.5,0.7432529821632774,0.00041973304703363105,0.7540422885572139,0.0,0.0,0,0.0,0.00041973304598514005,0.005164216146322728,1.118346400000064,21001,0,200,0.02192185928388444,4.749378109452737
0.0,7.0,1.0,0.00125,0.010602479767103896,0.012345679012345678,240,0.9995253164556962,66.0,0.0,1.0,4.125,4.125,1.0,1.0,1.0,0.275,1.0,0.46502140599849034,0.0,18.0,1.0,8.974596215561404e-05,8.666436771225083e-05,0.5411840053464023,0.0026674895386676763,3.9129353233830844,5.03544776119403,26.100124378109452,62.60696517412935,0.030472636815920398,152.82236990323074,3.9129353233830844,0.9695273631840796,0.966728855721393,0.9203980099502488,0.9203980099502488,1.2487562189054726,0.2608623548922048,0.9645522388059702,6.974505002773947,778.3179387237526,48.64487117023454,0.8855721393034826,0.4010436206495231,alf,alf,0.8220891170972661,36.0,16,0.00125,0.0,0.0,0.0,0.5,0.9068026250752629,8.974596215561404e-05,0.625,0.0,0.000625,2,0.005208333333333333,8.666436771225083e-05,0.0005722633634411455,1.1683293999999478,21002,0,200,0.03766340833298946,4.86318407960199
0.0,7.0,1.0,0.0009375,0.023565039397693784,0.012345679012345678,240,0.9997324772605672,38.0,0.0,1.0,2.375,2.375,1.0,1.0,1.0,0.15833333333333333,1.0,0.15968436880669165,0.0,18.0,1.0,0.0008619025846061657,0.0008619025839980893,0.12286824583549912,0.026543061592063356,2.262437810945274,5.748134328358209,33.358830845771145,36.19900497512438,0.06996268656716417,153.38391370176225,2.262437810945274,0.9300373134328358,0.9219527363184079,0.7810945273631841,0.7810945273631841,1.681592039800995,0.15082918739635232,0.251865671641791,6.986936556777205,781.177857805317,48.82361611283231,0.7810945273631841,0.11812887473542613,alf,alf,1.8134174287994451,36.0,16,0.0009375,0.0,0.0,0.0,0.5,0.9570371878464943,0.0008619025846061657,0.75,0.0,0.0,0,0.0,0.0008619025839980893,0.007511699526417195,1.1770403999998962,21003,0,200,0.025057655205687982,2.881218905472637
0.0,7.0,1.0,0.00125,0.02312816421242154,0.012345679012345678,240,0.9994962350196203,38.0,0.0,1.0,2.375,2.375,1.0,1.0,1.0,0.15833333333333333,1.0,0.050908009209049566,0.0,18.0,1.0,0.0,0.0,0.17852280884136532,0.0,2.2002487562189055,5.376243781094527,29.138681592039802,35.20398009950249,0.08675373134328358,153.93804002589985,2.2002487562189055,0.9132462686567164,0.9132462686567164,0.8308457711442786,0.8308457711442786,1.6119402985074627,0.14668325041459448,0.6237562189054726,7.0,784.0,49.0,0.7761194029850746,0.037310076070545074,alf,alf,1.9058185900027613,36.0,16,0.00125,0.0,0.0,0.0,0.5,0.9297263086709873,0.0,1.0,0.0,0.0,0,0.0,0.0,0.0,1.1063011999999617,21004,0,200,0.020762637396237148,3.1063432835820897
0.0,7.0,1.0,0.000625,0.02583221153137305,0.012345679012345678,240,0.9997381102032264,42.0,0.0,1.0,2.625,2.625,1.0,1.0,1.0,0.175,1.0,0.1495924332559766,0.0,18.0,1.0,0.0,0.0,0.1805277097101557,5.551115123125783e-17,2.478233830845771,5.5,30.625,39.65174129353234,0.07866915422885572,153.7416904850505,2.478233830845771,0.9213308457711443,0.9213308457711443,0.9303482587064676,0.9303482587064676,1.3980099502487562,0.16521558872305153,0.5,6.995512701892246,783.0,48.9375,0.7860696517412935,0.10908577583610571,alf,alf,0.673106222202849,36.0,16,0.000625,0.0,0.0,0.0,0.5,0.8801502207083352,0.0,0.9375,0.0,0.0,0,0.0,0.0,0.0,1.0874265000002197,21005,0,200,0.02362904963732463,3.279228855721393
0.0,7.0,1.0,0.00125,0.05023708245299499,0.012345679012345678,240,0.9996563028764807,42.0,0.0,1.0,2.625,2.625,1.0,1.0,1.0,0.175,1.0,0.13453621098577778,0.0,18.0,1.0,0.0,0.0,0.20996386228063663,0.0,2.472636815920398,5.749378109452737,33.2431592039801,39.56218905472637,0.13308457711442787,153.93804002589985,2.472636815920398,0.8669154228855721,0.8669154228855721,0.835820895522388,0.835820895522388,1.7213930348258706,0.16484245439469347,0.2506218905472637,7.0,784.0,49.0,0.6716417910447762,0.08704330258534736,alf,alf,1.4110320928289972,36.0,16,0.00125,0.0,0.0,0.0,0.5,0.9700441267887303,0.0,1.0,0.0,0.0,0,0.0,0.0,0.0,1.2522767999998905,21006,0,200,0.024495902015988943,2.7941542288557213
0.0,7.0,2.0,0.0015625,0.011888842873244865,0.012345679012345678,240,0.9988965952080706,36.0,0.125,0.875,2.25,2.25,1.0,1.0,2.0,0.15,0.0,0.0006426765666156665,0.125,18.0,0.875,0.0,0.0,0.16454728843345462,0.0,2.192786069651741,5.625,31.875,35.08457711442786,0.20833333333333334,153.93804002589985,2.192786069651741,0.7916666666666666,0.7916666666666666,0.9402985074626866,0.9402985074626866,2.3134328358208953,0.14618573797678236,0.375,7.0,784.0,49.0,0.208955223880597,0.01820238822371767,alf,alf,2.418630477183995,36.0,16,0.0015625,0.0,0.0,0.0,0.5,0.9661127701246421,0.0,1.0,0.0,0.0,0,0.0,0.0,0.0,1.074824499999977,21007,0,200,0.010992620026244822,2.533582089552239
0.0,7.0,1.0,0.0,0.014429539023056317,0.012345679012345678,240,1.0,46.0,0.0,1.0,2.875,2.875,1.0,1.0,1.0,0.19166666666666668,1.0,0.14920163075901402,0.0,18.0,1.0,6.730947161671053e-05,2.6923788012561124e-05,0.19747345362738547,0.0018081284272308251,2.638059701492537,5.351990049751244,29.269900497512438,42.208955223880594,0.09172885572139304,153.30402706487445,2.638059701492537,0.908271144278607,0.9073383084577115,0.21890547263681592,0.21890547263681592,2.129353233830846,0.1758706467661695,0.6480099502487562,6.985511161836777,780.7709985045913,48.798187406536954,0.21890547263681592,0.03460797179837051,alf,alf,1.0811946079838228,36.0,16,0.0,0.0,0.0,0.0,0.5,0.9619831753286869,6.730947161671053e-05,0.6878109452736318,0.0,0.0003125,1,0.0027548209366391185,2.6923788012561124e-05,0.0003189655197977403,1.1851090999998632,21008,0,200,0.02148962372798201,3.7108208955223883
0.0,7.0,2.0,0.0,0.01973550933918108,0.012345679012345678,240,1.0,50.0,0.25,0.75,3.125,3.125,1.0,1.0,2.0,0.20833333333333334,0.0,3.9111069584054724e-05,0.25,18.0,0.75,0.0,0.0,0.2738453256107522,0.0,2.913557213930348,5.513059701492537,30.64365671641791,46.61691542288557,0.3050373134328358,153.93804002589985,2.913557213930348,0.6949626865671642,0.6949626865671642,0.900497512437811,0.900497512437811,2.442786069651741,0.19423714759535637,0.4869402985074627,7.0,784.0,49.0,0.0,5.135628254310379e-05,alf,alf,1.0972966219470421,36.0,16,0.0,0.0,0.0,0.0,0.5,0.43718609413979526,0.0,1.0,0.0,0.0,0,0.0,0.0,0.0,1.1084556999999222,21009,0,200,0.04320781257441394,3.5049751243781095
0.0,7.0,1.0,0.001875,0.04615240622525508,0.012345679012345678,240,0.9988072001734982,36.0,0.0,1.0,2.25,2.25,1.0,1.0,1.0,0.15,1.0,0.16818523309430639,0.0,18.0,1.0,0.0,0.0,0.23675465953813024,0.0,2.0167910447761193,5.5068407960199,30.575248756218905,32.26865671641791,0.19527363184079602,153.93804002589985,2.0167910447761193,0.804726368159204,0.804726368159204,0.7661691542288557,0.7661691542288557,2.189054726368159,0.1344527363184076,0.4931592039800995,7.0,784.0,49.0,0.5920398009950248,0.09340008065356598,alf,alf,1.2084774787864174,36.0,16,0.001875,0.0,0.0,0.0,0.5,0.6845440808359398,0.0,1.0,0.0,0.0,0,0.0,0.0,0.0,1.1104355000002215,21010,0,200,0.027948047699346775,2.7319651741293534
0.0,7.0,1.0,0.000625,0.012545167552996337,0.012345679012345678,240,0.9997637051039697,44.0,0.0,1.0,2.75,2.75,1.0,1.0,1.0,0.18333333333333332,1.0,0.1487432389410938,0.0,18.0,1.0,2.243649053890351e-05,2.243649050213181e-05,0.10802950422019257,0.0010803700848559424,2.675995024875622,5.630597014925373,32.05597014925373,42.81592039800995,0.061567164179104475,153.759250173582,2.675995024875622,0.9384328358208955,0.9384328358208955,0.9253731343283582,0.9253731343283582,1.3333333333333333,0.17839966832504126,0.3694029850746269,6.995914549483628,783.0894307593261,48.94308942245788,0.8557213930348259,0.127174520935429,alf,alf,2.0022003586590387,36.0,16,0.000625,0.0,0.0,0.0,0.5,0.8407001684662482,2.243649053890351e-05,0.9402985074626866,0.0,0.0,0,0.0,2.243649050213181e-05,0.0002911743504326314,1.267167800000152,21011,0,200,0.02607611791333874,3.2195273631840795
0.0,7.0,1.0,0.0003125,0.02921363570639107,0.012345679012345678,240,0.99991989746876,51.0,0.0,1.0,3.1875,3.1875,1.0,1.0,1.0,0.2125,1.0,0.17012236784425516,0.0,18.0,1.0,0.0008394660940672621,0.0008394660934750131,0.4681381648969085,0.025852109782751875,2.917910447761194,4.883706467661692,24.842039800995025,46.6865671641791,0.14085820895522388,146.99023455918402,2.917910447761194,0.8591417910447762,0.8569651741293532,0.6567164179104478,0.6567164179104478,1.800995024875622,0.19452736318407887,1.1162935323383085,6.826997783316284,748.615117322601,46.78844483266256,0.6567164179104478,0.1118612345793707,alf,alf,0.3284770887410736,36.0,16,0.0003125,0.0,0.0,0.0,0.5,0.9146916693006429,0.0008394660940672621,0.6881218905472637,0.0,0.0,0,0.0,0.0008394660934750131,0.007303304513155711,1.099301000000196,21012,0,200,0.03281479926522186,3.679726368159204
0.0,7.0,1.0,0.000625,0.02583912144653343,0.012345679012345678,240,0.9996048055643376,42.0,0.0,1.0,2.625,2.625,1.0,1.0,1.0,0.175,1.0,0.15393065076401735,0.0,18.0,1.0,0.0,0.0,0.0740018811415559,5.551115123125783e-17,2.5690298507462686,5.625,32.0,41.1044776119403,0.022388059701492536,153.7416904850505,2.5690298507462686,0.9776119402985075,0.9776119402985075,0.8706467661691543,0.8706467661691543,1.263681592039801,0.17126865671641817,0.375,6.995512701892246,783.0,48.9375,0.8706467661691543,0.1342396833944855,alf,alf,2.326844076614802,36.0,16,0.000625,0.0,0.0,0.0,0.5,0.9738725712932461,0.0,0.9375,0.0,0.0,0,0.0,0.0,0.0,1.107360299999982,21013,0,200,0.014306712679628106,3.167910447761194
0.0,7.0,1.0,0.000625,0.02625839427747731,0.012345679012345678,240,0.9997350291467938,46.0,0.0,1.0,2.875,2.875,1.0,1.0,1.0,0.19166666666666668,1.0,0.4088236336658202,0.0,18.0,1.0,8.974596215561404e-05,2.3620629706954387e-05,0.5093654860028217,0.00042101472848715785,2.504353233830846,5.504353233830845,30.66853233830846,40.069651741293534,0.15640547263681592,153.74850341746003,2.504353233830846,0.8435945273631841,0.8435945273631841,0.8606965174129353,0.8606965174129353,1.7960199004975124,0.16695688225538985,0.4956467661691542,6.9956689759555,783.0346979798377,48.939668623739855,0.6268656716417911,0.2469975195531459,alf,alf,1.9700655228765345,36.0,16,0.0003125,0.0,0.0,0.0,0.5,0.9463364815158283,8.974596215561404e-05,0.9375,0.0,0.0009375,3,0.01507537688442211,2.3620629706954387e-05,0.00029875926879971453,1.148639600000024,21014,0,200,0.027681533049043923,3.1044776119402986
0.0,7.0,1.0,0.000625,0.01042632604110027,0.012345679012345678,240,0.9997324772605672,52.0,0.0,1.0,3.25,3.25,1.0,1.0,1.0,0.21666666666666667,1.0,0.3739514843078419,0.0,18.0,1.0,0.0005543519902670521,0.00046734774164537143,0.4696109007202792,0.032553699774893384,2.954912935323383,5.032960199004975,26.28917910447761,47.27860696517413,0.10012437810945274,147.57793981357915,2.954912935323383,0.8998756218905473,0.8998756218905473,0.8159203980099502,0.8159203980099502,1.6666666666666667,0.19699419568822535,0.9670398009950248,6.841097439913289,751.6082756047791,46.975517225298695,0.7611940298507462,0.25708325745997906,alf,alf,3.1034902207888972,36.0,16,0.000625,0.0,0.0,0.0,0.5,0.8539052359452483,0.0005543519902670521,0.7503109452736318,0.0,0.00125,4,0.006734006734006734,0.00046734774164537143,0.005182971768798755,1.1257859999996072,21015,0,200,0.0349222497335638,3.888681592039801
0.0,7.0,1.0,0.00125,0.045849695810020116,0.012345679012345678,240,0.9995002104377104,40.0,0.0,1.0,2.5,2.5,1.0,1.0,1.0,0.16666666666666666,1.0,0.07879006024327033,0.0,18.0,1.0,4.487298107780702e-05,4.486876094855097e-05,0.18648672062572708,0.004161321826138576,2.2686567164179103,5.382462686567164,29.441542288557216,36.298507462686565,0.09825870646766169,153.5872967198645,2.2686567164179103,0.9017412935323383,0.9017412935323383,0.8606965174129353,0.8606965174129353,1.691542288557214,0.15124378109452813,0.6175373134328358,6.991985335239181,782.2136790108185,48.88835493817616,0.6019900497512438,0.044293284024032334,alf,alf,1.3373894555014036,36.0,16,0.00125,0.0,0.0,0.0,0.5,0.8355601275124936,4.487298107780702e-05,0.882773631840796,0.0,0.0,0,0.0,4.486876094855097e-05,0.00041178271357596223,1.0564322000000175,21016,0,200,0.026146748229057253,3.148009950248756
0.0,7.0,1.0,0.000625,0.03587379615024935,0.012345679012345678,240,0.9997620558375635,48.0,0.0,1.0,3.0,3.0,1.0,1.0,1.0,0.2,1.0,0.2081547686996288,0.0,18.0,1.0,0.0,0.0,0.2528340882651419,1.1102230246251565e-16,2.771144278606965,5.5,30.75,44.33830845771144,0.11100746268656717,153.54534094420114,2.771144278606965,0.8889925373134329,0.8874378109452736,0.7910447761194029,0.7910447761194029,1.890547263681592,0.1847429519071312,0.5,6.991025403784455,782.0,48.875,0.5024875621890548,0.10466881550647703,alf,alf,0.7418547058252827,36.0,16,0.000625,0.0,0.0,0.0,0.5,0.7927607004162908,0.0,0.875,0.0,0.0,0,0.0,0.0,0.0,1.17564560000028,21017,0,200,0.03266307680530527,3.7139303482587063
0.0,7.0,1.0,0.0015625,0.009104745597020744,0.012345679012345678,240,0.9994968753310031,47.0,0.0,1.0,2.9375,2.9375,1.0,1.0,1.0,0.19583333333333333,1.0,0.127310970082756,0.0,18.0,1.0,0.0003972965564947276,0.0003972965561832875,0.14948268607212692,0.013335207673842279,2.796952736318408,5.248756218905473,28.488805970149254,44.75124378109453,0.13619402985074627,152.5805356737921,2.796952736318408,0.8638059701492538,0.8423507462686567,0.736318407960199,0.736318407960199,1.7661691542288558,0.18646351575456035,0.7512437810945274,6.968727691832282,777.0862871069852,48.567892944186575,0.5982587064676617,0.07624518988830138,alf,alf,1.1438743117209857,36.0,16,0.0015625,0.0,0.0,0.0,0.5,0.9069060732928528,0.0003972965564947276,0.625,0.0,0.0,0,0.0,0.0003972965561832875,0.005156000960394638,1.1458075000000463,21018,0,200,0.012594488230403211,3.644278606965174
0.0,7.0,1.0,0.0,0.020618539521362767,0.012345679012345678,240,1.0,38.0,0.0,1.0,2.375,2.375,1.0,1.0,1.0,0.15833333333333333,1.0,0.22701696689691794,0.0,18.0,1.0,0.0,0.0,0.24215365956288212,5.551115123125783e-17,2.193407960199005,5.625,32.0,35.09452736318408,0.06623134328358209,153.7416904850505,2.193407960199005,0.933768656716418,0.933768656716418,0.8805970149253731,0.8805970149253731,1.572139303482587,0.14622719734660103,0.375,6.995512701892246,783.0,48.9375,0.8109452736318408,0.16821929203669,alf,alf,1.8811013985654246,36.0,16,0.0,0.0,0.0,0.0,0.5,0.8888924866422444,0.0,0.9375,0.0,0.0,0,0.0,0.0,0.0,1.2420600000000377,21019,0,200,0.02730638697184787,2.86318407960199
0.0,7.1,1.0,0.0,0.014490897616535095,0.012345679012345678,240,1.0,55.0,0.0,1.0,3.4375,3.4375,1.0,1.0,1.0,0.22916666666666666,1.0,0.1942165438219171,0.0,18.0,1.0,0.0004736717274537655,0.0004736716964402182,0.29115306551818027,0.039127375780319315,3.14863184079602,4.816542288557214,25.067786069651742,50.37810945273632,0.09732587064676616,141.5899774267007,3.14863184079602,0.9026741293532339,0.9026741293532339,0.014925373134328358,0.014925373134328358,2.1691542288557213,0.2099087893864015,1.183457711442786,6.669458919644458,721.1118335913375,45.06948959945859,0.014925373134328358,0.00371280663843501,alf,alf,1.3111209246851816,36.0,16,0.0,0.0,0.0,0.0,0.5,0.8967666313088857,0.0004736717274537655,0.75,0.0,0.0,0,0.0,0.0004736716964402182,0.004346709878701691,1.2144373999999516,21000,0,200,0.030134311855779767,3.8351990049751246
0.0,7.1,1.0,0.0003125,0.031100450180085327,0.012345679012345678,240,0.9999369681689254,67.0,0.0,1.0,4.1875,4.1875,1.0,1.0,1.0,0.2791666666666667,1.0,0.2773285097091354,0.0,18.0,1.0,0.00045098304703363097,0.0004509830459070777,0.26413950149748766,0.024520617428699758,3.9402985074626864,5.133706467661692,27.196517412935325,63.04477611940298,0.12935323383084577,153.72131692868913,3.9402985074626864,0.8706467661691543,0.8706467661691543,0.9203980099502488,0.9203980099502488,1.5621890547263682,0.26268656716417954,0.8662935323383084,6.987463761966053,782.8962383294953,48.93101489559346,0.6069651741293532,0.1667323832255053,alf,alf,0.7423888683715184,36.0,16,0.0003125,0.0,0.0,0.0,0.5,0.7461099433823499,0.00045098304703363097,0.7540422885572139,0.0,0.0,0,0.0,0.0004509830459070777,0.005202862257908712,1.190644599999814,21001,0,200,0.021453604677829346,4.702114427860696
0.0,7.1,1.0,0.00125,0.009999760067987036,0.012345679012345678,240,0.9995253164556962,68.0,0.0,1.0,4.25,4.25,1.0,1.0,1.0,0.2833333333333333,1.0,0.4738001246547039,0.0,18.0,1.0,0.00021474596215561358,0.00020564262850714443,0.6486411227444865,0.00614347290208238,4.019278606965174,5.0335820895522385,26.082089552238806,64.30845771144278,0.020522388059701493,155.6692026317411,4.019278606965174,0.9794776119402985,0.976679104477612,0.9203980099502488,0.9203980099502488,1.228855721393035,0.26795190713101136,0.9664179104477612,7.0387813749355335,792.8167387524952,49.55104617203095,0.9054726368159204,0.41158288695096734,alf,alf,0.8220891170972661,36.0,16,0.00125,0.0,0.0,0.0,0.5,0.9135488353910788,0.00021474596215561358,0.625,0.0,0.000625,2,0.005208333333333333,0.00020564262850714443,0.0013636008813708203,1.186533700000382,21002,0,200,0.03757074305300491,4.673507462686567
0.0,7.1,1.0,0.0009375,0.03155963164114573,0.012345679012345678,240,0.9997329059829061,38.0,0.0,1.0,2.375,2.375,1.0,1.0,1.0,0.15833333333333333,1.0,0.201661582270075,0.0,18.0,1.0,0.0009556525846061653,0.0009556525839319452,0.11444023662780624,0.029430176758788264,2.2758084577114426,5.748134328358209,33.358830845771145,36.41293532338308,0.05317164179104478,157.4938704498732,2.2758084577114426,0.9468283582089553,0.9424751243781094,0.8009950248756219,0.8009950248756219,1.5870646766169154,0.15172056384743027,0.251865671641791,7.0797537209569,802.109695640701,50.131855977543815,0.8009950248756219,0.1493299200686889,alf,alf,1.8134174287994451,36.0,16,0.0009375,0.0,0.0,0.0,0.5,0.956013971752015,0.0009556525846061653,0.75,0.0,0.0,0,0.0,0.0009556525839319452,0.007861910747229441,1.1425834000001487,21003,0,200,0.024223232775279338,2.8128109452736316
0.0,7.1,1.0,0.00125,0.02238940873661969,0.012345679012345678,240,0.9994962350196203,36.0,0.0,1.0,2.25,2.25,1.0,1.0,1.0,0.15,1.0,0.0432435191275912,0.0,18.0,1.0,0.0,0.0,0.11832318506967648,0.0,2.1449004975124377,5.376243781094527,29.138681592039802,34.318407960199,0.0929726368159204,158.36768566746113,2.1449004975124377,0.9070273631840796,0.9070273631840796,0.8308457711442786,0.8308457711442786,1.6318407960199004,0.14299336650082872,0.6237562189054726,7.099999999999986,806.5599999999982,50.40999999999989,0.746268656716418,0.03229128795815716,alf,alf,1.904585994998932,36.0,16,0.00125,0.0,0.0,0.0,0.5,0.9306772536054654,0.0,1.0,0.0,0.0,0,0.0,0.0,0.0,1.0836076999999023,21004,0,200,0.019960654166092037,3.01181592039801
0.0,7.1,1.0,0.000625,0.026184403436330925,0.012345679012345678,240,0.999738192480888,44.0,0.0,1.0,2.75,2.75,1.0,1.0,1.0,0.18333333333333332,1.0,0.12770265576967768,0.0,18.0,1.0,0.0,0.0,0.23644835523873173,5.551115123125783e-17,2.5556592039800994,5.5,30.625,40.89054726368159,0.07960199004975124,157.8944832740139,2.5556592039800994,0.9203980099502488,0.9203980099502488,0.9303482587064676,0.9303482587064676,1.3930348258706469,0.17037728026533985,0.5,7.089262701892247,804.1499999999969,50.25937499999981,0.7810945273631841,0.10336583665685317,alf,alf,0.673106222202849,36.0,16,0.000625,0.0,0.0,0.0,0.5,0.8764093587233944,0.0,0.9375,0.0,0.0,0,0.0,0.0,0.0,1.1393717000000834,21005,0,200,0.022966912906152524,3.14863184079602
0.0,7.1,1.0,0.00125,0.041502303020248814,0.012345679012345678,240,0.9996563028764807,42.0,0.0,1.0,2.625,2.625,1.0,1.0,1.0,0.175,1.0,0.13453621098577778,0.0,18.0,1.0,0.0,0.0,0.20910682903888517,0.0,2.4832089552238807,5.749378109452737,33.2431592039801,39.73134328358209,0.12842039800995025,158.36768566746113,2.4832089552238807,0.8715796019900498,0.8715796019900498,0.835820895522388,0.835820895522388,1.7014925373134329,0.16554726368159234,0.2506218905472637,7.099999999999986,806.5599999999982,50.40999999999989,0.6766169154228856,0.09105237721318485,alf,alf,1.4110320928289972,36.0,16,0.00125,0.0,0.0,0.0,0.5,0.9715954369533836,0.0,1.0,0.0,0.0,0,0.0,0.0,0.0,1.1367943000000196,21006,0,200,0.023488308381014584,2.9732587064676617
0.0,7.1,2.0,0.000625,0.013595196751569182,0.012345679012345678,240,0.9997390124230088,36.0,0.25,0.75,2.25,2.25,1.0,1.0,2.0,0.15,0.0,9.82214012586659e-05,0.25,18.0,0.75,0.0,0.0,0.0722816266924086,0.0,2.2705223880597014,5.625,31.875,36.32835820895522,0.15640547263681592,158.36768566746113,2.2705223880597014,0.8435945273631841,0.8435945273631841,0.9651741293532339,0.9651741293532339,1.7064676616915422,0.1513681592039794,0.375,7.099999999999986,806.5599999999982,50.40999999999989,0.3333333333333333,0.028864847880787664,alf,alf,2.418630477183995,36.0,16,0.000625,0.0,0.0,0.0,0.5,0.9709266187217029,0.0,1.0,0.0,0.0,0,0.0,0.0,0.0,1.1281957999999577,21007,0,200,0.010089385884911107,2.5161691542288556
0.0,7.1,1.0,0.0,0.012313913958724937,0.012345679012345678,240,1.0,47.0,0.0,1.0,2.9375,2.9375,1.0,1.0,1.0,0.19583333333333333,1.0,0.1894386144194039,0.0,18.0,1.0,0.0001610594716167102,6.442378696121049e-05,0.20574366971114577,0.004364074518996632,2.685634328358209,5.35136815920398,29.263681592039802,42.97014925373134,0.09110696517412935,156.83726528888727,2.685634328358209,0.9088930348258707,0.9070273631840796,0.21393034825870647,0.21393034825870647,2.129353233830846,0.17904228855721385,0.6486318407960199,7.065277394193911,798.7656330157231,49.92285206348269,0.21393034825870647,0.04170116449968891,alf,alf,1.0811946079838228,36.0,16,0.0,0.0,0.0,0.0,0.5,0.9600805001442388,0.0001610594716167102,0.6878109452736318,0.0,0.0003125,1,0.0027624309392265192,6.442378696121049e-05,0.0007632271781170504,1.1466010000003735,21008,0,200,0.02137030995986937,3.701492537313433
0.0,7.1,1.0,0.000625,0.01965728701588548,0.012345679012345678,240,0.9997633322814768,52.0,0.0,1.0,3.25,3.25,1.0,1.0,1.0,0.21666666666666667,1.0,0.12732277228557706,0.0,18.0,1.0,0.0,0.0,0.30492747704264744,0.0,2.9832089552238807,5.51181592039801,30.62997512437811,47.73134328358209,0.28638059701492535,158.36768566746113,2.9832089552238807,0.7136194029850746,0.7136194029850746,1.044776119402985,1.044776119402985,2.3582089552238807,0.1988805970149254,0.48818407960199006,7.099999999999986,806.5599999999982,50.40999999999989,0.06467661691542288,0.008268834721746249,alf,alf,1.0972966219470421,36.0,16,0.000625,0.0,0.0,0.0,0.5,0.44651334167347445,0.0,1.0,0.0,0.0,0,0.0,0.0,0.0,1.186011299999791,21009,0,200,0.04151754236065819,3.431592039800995
0.0,7.1,2.0,0.0021875,0.06581994210257623,0.012345679012345678,240,0.9985446313065977,32.0,0.3125,0.6875,2.0,2.0,1.0,1.0,2.0,0.13333333333333333,0.0,2.706495180138895e-06,0.3125,18.0,0.6875,0.0,0.0,0.16006410732407614,0.0,1.912313432835821,5.553482587064677,31.08830845771144,30.597014925373134,0.3069029850746269,158.36768566746113,1.912313432835821,0.6930970149253731,0.6930970149253731,0.7711442786069652,0.7711442786069652,2.4975124378109452,0.12748756218905447,0.4465174129353234,7.099999999999986,806.5599999999982,50.40999999999989,0.14925373134328357,0.003984705191405867,alf,alf,1.2084774787864174,36.0,16,0.0021875,0.0,0.0,0.0,0.5,0.6802032050518613,0.0,1.0,0.0,0.0,0,0.0,0.0,0.0,1.047277000000122,21010,0,200,0.026506928858930953,2.5522388059701493
0.0,7.1,1.0,0.000625,0.016610531715376728,0.012345679012345678,240,0.9997639282341831,44.0,0.0,1.0,2.75,2.75,1.0,1.0,1.0,0.18333333333333332,1.0,0.1487432389410938,0.0,18.0,1.0,5.3686490538903396e-05,5.368649046763263e-05,0.10209215118437663,0.0023936983708666057,2.679726368159204,5.629353233830845,32.04353233830846,42.875621890547265,0.056592039800995024,157.93201455701302,2.679726368159204,0.943407960199005,0.943407960199005,0.9253731343283582,0.9253731343283582,1.3034825870646767,0.17864842454394675,0.3706467661691542,7.09011741218872,804.3411452547134,50.27132157841959,0.8706467661691543,0.12883900560846218,alf,alf,2.0022003586590387,36.0,16,0.000625,0.0,0.0,0.0,0.5,0.8442423183028254,5.3686490538903396e-05,0.9396766169154229,0.0,0.0,0,0.0,5.368649046763263e-05,0.0006967279032595327,1.1628642999999101,21011,0,200,0.026078192161585845,3.504353233830846
0.0,7.1,1.0,0.0003125,0.02336940296595645,0.012345679012345678,240,0.9999182204775924,54.0,0.0,1.0,3.375,3.375,1.0,1.0,1.0,0.225,1.0,0.14632789113920705,0.0,18.0,1.0,0.0009019660940672619,0.0009019660934309182,0.6545444419692582,0.0277768532272352,2.9601990049751246,4.881218905472637,24.814676616915424,47.36318407960199,0.15671641791044777,150.06293805173735,2.9601990049751246,0.8432835820895522,0.8411069651741293,0.3333333333333333,0.3333333333333333,2.099502487562189,0.1973466003316752,1.118781094527363,6.896369673863147,764.2642677064599,47.766516731653745,0.3333333333333333,0.04956569651085703,alf,alf,0.3284770887410736,36.0,16,0.0003125,0.0,0.0,0.0,0.5,0.9113482653151888,0.0009019660940672619,0.6881218905472637,0.0,0.0,0,0.0,0.0009019660934309182,0.007357958368293591,1.2169902999999067,21012,0,200,0.03525796405012405,3.631218905472637
0.0,7.1,1.0,0.000625,0.02393730645892824,0.012345679012345678,240,0.9996053047047679,44.0,0.0,1.0,2.75,2.75,1.0,1.0,1.0,0.18333333333333332,1.0,0.15303629667951413,0.0,18.0,1.0,0.0,0.0,0.09885584515234772,5.551115123125783e-17,2.68407960199005,5.625,32.0,42.9452736318408,0.01990049751243781,157.8944832740139,2.68407960199005,0.9800995024875622,0.9800995024875622,0.8805970149253731,0.8805970149253731,1.2338308457711442,0.17893864013266977,0.375,7.089262701892247,804.1499999999969,50.25937499999981,0.8805970149253731,0.13442134668320657,alf,alf,2.326844076614802,36.0,16,0.000625,0.0,0.0,0.0,0.5,0.9752479122149297,0.0,0.9375,0.0,0.0,0,0.0,0.0,0.0,1.2240867999998954,21013,0,200,0.013446220860896453,3.16728855721393
0.0,7.1,1.0,0.000625,0.026218625227977525,0.012345679012345678,240,0.9997350291467938,46.0,0.0,1.0,2.875,2.875,1.0,1.0,1.0,0.19166666666666668,1.0,0.4088236336658202,0.0,18.0,1.0,0.00021474596215561358,5.65199228055055e-05,0.5068872057622336,0.001007412598617923,2.5143034825870645,5.504353233830845,30.66853233830846,40.22885572139303,0.15485074626865672,157.9108191823884,2.5143034825870645,0.8451492537313433,0.8451492537313433,0.8606965174129353,0.8606965174129353,1.791044776119403,0.16762023217247107,0.4956467661691542,7.089636637646805,804.2331980981633,50.264574881135204,0.6318407960199005,0.2500872696425175,alf,alf,1.9700655228765345,36.0,16,0.0003125,0.0,0.0,0.0,0.5,0.9464448063439574,0.00021474596215561358,0.9375,0.0,0.0009375,3,0.01507537688442211,5.65199228055055e-05,0.0007148772500767732,1.1656938000000991,21014,0,200,0.027622040118957344,3.031716417910448
0.0,7.1,1.0,0.000625,0.01429849388340692,0.012345679012345678,240,0.9997326489145547,54.0,0.0,1.0,3.375,3.375,1.0,1.0,1.0,0.225,1.0,0.3911023730341406,0.0,18.0,1.0,0.0015676951032565065,0.000911169003266509,0.47810697755006065,0.019686868470469,3.097636815920398,5.016791044776119,26.157960199004975,49.56218905472637,0.10043532338308457,150.53900953762195,3.097636815920398,0.8995646766169154,0.8989427860696517,0.8258706467661692,0.8258706467661692,1.6666666666666667,0.2065091210613606,0.9832089552238806,6.907064202917937,766.6888798742564,47.91805499214102,0.7611940298507462,0.27654254426202163,alf,alf,3.1152345101119967,36.0,16,0.000625,0.0,0.0,0.0,0.5,0.8449349617748899,0.0015676951032565065,0.7503109452736318,0.0,0.0021875,7,0.011804384485666104,0.000911169003266509,0.007069869748726046,1.3088972000000467,21015,0,200,0.03514031879965346,3.806592039800995
0.0,7.1,1.0,0.000625,0.036996116717340446,0.012345679012345678,240,0.9997369528619529,41.0,0.0,1.0,2.5625,2.5625,1.0,1.0,1.0,0.17083333333333334,1.0,0.16029026683002875,0.0,18.0,1.0,0.00010737298107780679,0.00010737297326645079,0.32005086507759706,0.008929763769209252,2.3833955223880596,5.368781094527363,29.375621890547265,38.134328358208954,0.09483830845771145,157.20206334814802,2.3833955223880596,0.9051616915422885,0.9051616915422885,0.8606965174129353,0.8606965174129353,1.6019900497512438,0.158893034825871,0.6312189054726368,7.073557400112377,800.6235342752967,50.038970892206045,0.6517412935323383,0.10012486477976189,alf,alf,1.3373894555014036,36.0,16,0.000625,0.0,0.0,0.0,0.5,0.8579939604377212,0.00010737298107780679,0.8404850746268657,0.0,0.0,0,0.0,0.00010737297326645079,0.000985322050073398,1.2501672999997027,21016,0,200,0.024741472502752028,3.126865671641791
0.0,7.1,1.0,0.000625,0.03477675025784382,0.012345679012345678,240,0.9997622820919176,48.0,0.0,1.0,3.0,3.0,1.0,1.0,1.0,0.2,1.0,0.2081547686996288,0.0,18.0,1.0,0.0,0.0,0.21143969208682953,1.1102230246251565e-16,2.7978855721393034,5.5,30.75,44.766169154228855,0.10789800995024876,157.4212808805675,2.7978855721393034,0.8921019900497512,0.8905472636815921,0.8009950248756219,0.8009950248756219,1.8656716417910448,0.186525704809287,0.5,7.078525403784414,801.7399999999998,50.108749999999986,0.5024875621890548,0.10468647052848262,alf,alf,0.7418547058252827,36.0,16,0.000625,0.0,0.0,0.0,0.5,0.7941640015878367,0.0,0.875,0.0,0.0,0,0.0,0.0,0.0,1.2500475000001643,21017,0,200,0.03152983791705098,3.740049751243781
0.0,7.1,1.0,0.0021875,0.009101334557845413,0.012345679012345678,240,0.9993276154171961,47.0,0.0,1.0,2.9375,2.9375,1.0,1.0,1.0,0.19583333333333333,1.0,0.127310970082756,0.0,18.0,1.0,0.0003972965564947276,0.0003972965561832875,0.16826006782010347,0.013335207673842279,2.8180970149253732,5.248756218905473,28.488805970149254,45.08955223880597,0.12220149253731344,155.3490641997681,2.8180970149253732,0.8777985074626866,0.8367537313432836,0.7412935323383084,0.7412935323383084,1.7960199004975124,0.18787313432835798,0.7512437810945274,7.031227691832281,791.1862871069852,49.449142944186576,0.6461442786069652,0.07992036169219496,alf,alf,1.1465693611659384,36.0,16,0.0021875,0.0,0.0,0.0,0.5,0.9082487236725708,0.0003972965564947276,0.625,0.0,0.0,0,0.0,0.0003972965561832875,0.005156000960394638,1.1335079999998925,21018,0,200,0.012420638224647128,3.6355721393034828
0.0,7.1,1.0,0.0,0.03511121705049811,0.012345679012345678,240,1.0,38.0,0.0,1.0,2.375,2.375,1.0,1.0,1.0,0.15833333333333333,1.0,0.20319929393585637,0.0,18.0,1.0,0.0,0.0,0.21178003019727235,5.551115123125783e-17,2.2027363184079602,5.625,32.0,35.243781094527364,0.06343283582089553,157.8944832740139,2.2027363184079602,0.9365671641791045,0.9365671641791045,0.8855721393034826,0.8855721393034826,1.537313432835821,0.14684908789386475,0.375,7.089262701892247,804.1499999999969,50.25937499999981,0.8159203980099502,0.1567058517476464,alf,alf,1.8976360589616197,36.0,16,0.0,0.0,0.0,0.0,0.5,0.8989834220316475,0.0,0.9375,0.0,0.0,0,0.0,0.0,0.0,1.1994187000000238,21019,0,200,0.028179170691343954,2.8351990049751246
0.0,7.2,1.0,0.0,0.015127137482623254,0.012345679012345678,240,1.0,57.0,0.0,1.0,3.5625,3.5625,1.0,1.0,1.0,0.2375,1.0,0.39316134533708796,0.0,18.0,1.0,0.0004736717274537655,0.0004736716964402182,0.3298433207098834,0.039127375780319315,3.2353855721393034,4.817164179104478,25.074626865671643,51.766169154228855,0.09639303482587065,144.95933554767595,3.2353855721393034,0.9036069651741293,0.9036069651741293,0.009950248756218905,0.009950248756218905,2.1691542288557213,0.2156923714759534,1.1828358208955223,6.744458919644459,738.2718335913385,46.141989599458654,0.009950248756218905,0.006319181775953535,alf,alf,1.3111209246851816,36.0,16,0.0,0.0,0.0,0.0,0.5,0.896687041666308,0.0004736717274537655,0.75,0.0,0.0,0,0.0,0.0004736716964402182,0.004346709878701691,1.1794463000001087,21000,0,200,0.029917388146844772,3.820273631840796
0.0,7.2,1.0,0.0003125,0.02312385457917979,0.012345679012345678,240,0.9999369880277253,61.0,0.0,1.0,3.8125,3.8125,1.0,1.0,1.0,0.25416666666666665,1.0,0.10554978311149654,0.0,18.0,1.0,0.0004822330470336311,0.00048223304569516926,0.09354347664661766,0.02689593971113869,3.71113184079602,5.134328358208955,27.20149253731343,59.37810945273632,0.16666666666666666,157.14058287964355,3.71113184079602,0.8333333333333334,0.8333333333333334,0.9203980099502488,0.9203980099502488,1.6766169154228856,0.2474087893864025,0.8656716417910447,7.063627675443787,800.3104168203818,50.01940105127386,0.48756218905472637,0.05147150904547972,alf,alf,0.7423888683715184,36.0,16,0.0003125,0.0,0.0,0.0,0.5,0.6647012186960173,0.0004822330470336311,0.7543532338308457,0.0,0.0,0,0.0,0.00048223304569516926,0.005272510816681414,1.248199300000124,21001,0,200,0.02011844174323357,4.3538557213930345
0.0,7.2,1.0,0.00125,0.009785782196574491,0.012345679012345678,240,0.9995253164556962,68.0,0.0,1.0,4.25,4.25,1.0,1.0,1.0,0.2833333333333333,1.0,0.4738001246547039,0.0,18.0,1.0,0.00033974596215561426,0.00032808015297614625,0.5738750278458454,0.010098156820506028,4.0335820895522385,5.034825870646766,26.09328358208955,64.53731343283582,0.01554726368159204,158.5750233101999,4.0335820895522385,0.9844527363184079,0.9813432835820896,0.9203980099502488,0.9203980099502488,1.2189054726368158,0.26890547263681563,0.9651741293532339,7.103485102230002,807.6159619433869,50.47599762146168,0.9129353233830846,0.41389238986318955,alf,alf,0.8220891170972661,36.0,16,0.00125,0.0,0.0,0.0,0.5,0.9172883017833028,0.00033974596215561426,0.625,0.0,0.000625,2,0.005208333333333333,0.00032808015297614625,0.002166383448890896,1.2065812999999252,21002,0,200,0.03710272676488069,4.672885572139304
0.0,7.2,1.0,0.0,0.023125690965286237,0.012345679012345678,240,1.0,39.0,0.0,1.0,2.4375,2.4375,1.0,1.0,1.0,0.1625,1.0,0.20132328430002053,0.0,18.0,1.0,0.0010494025846061658,0.0010494025838658028,0.1029615603574169,0.032317291925513185,2.339863184079602,5.748134328358209,33.358830845771145,37.43781094527363,0.055970149253731345,161.66186830734986,2.339863184079602,0.9440298507462687,0.9393656716417911,0.7412935323383084,0.7412935323383084,1.6318407960199004,0.15599087893864072,0.251865671641791,7.172570885136598,823.3371344187439,51.45857090117149,0.7412935323383084,0.15062717965694147,alf,alf,1.8134174287994451,36.0,16,0.0,0.0,0.0,0.0,0.5,0.9601023614586258,0.0010494025846061658,0.75,0.0,0.0,0,0.0,0.0010494025838658028,0.008257148026097786,1.1827150000003712,21003,0,200,0.022999495305709536,2.8998756218905473
0.0,7.2,1.0,0.00125,0.021869864627026538,0.012345679012345678,240,0.9995495495495494,36.0,0.0,1.0,2.25,2.25,1.0,1.0,1.0,0.15,1.0,0.07566396978862645,0.0,18.0,1.0,0.0,0.0,0.1080851959109923,0.0,2.1629353233830844,5.376243781094527,29.138681592039802,34.60696517412935,0.08115671641791045,162.86016316209523,2.1629353233830844,0.9188432835820896,0.9188432835820896,0.835820895522388,0.835820895522388,1.5771144278606966,0.1441956882255385,0.6237562189054726,7.200000000000026,829.4400000000018,51.84000000000011,0.7910447761194029,0.05986676129474403,alf,alf,1.9070165559053114,36.0,16,0.00125,0.0,0.0,0.0,0.5,0.9324255016424867,0.0,1.0,0.0,0.0,0,0.0,0.0,0.0,1.2040870000000723,21004,0,200,0.019839684186049592,3.001865671641791
0.0,7.2,1.0,0.000625,0.02615713369598295,0.012345679012345678,240,0.999738192480888,44.0,0.0,1.0,2.75,2.75,1.0,1.0,1.0,0.18333333333333332,1.0,0.12770265576967768,0.0,18.0,1.0,0.0,0.0,0.2380448503749907,5.551115123125783e-17,2.566231343283582,5.5,30.625,41.059701492537314,0.07804726368159204,162.10618092523393,2.566231343283582,0.9219527363184079,0.9219527363184079,0.9303482587064676,0.9303482587064676,1.3880597014925373,0.17108208955223872,0.5,7.183012701892247,825.6000000000031,51.60000000000019,0.7860696517412935,0.10470063785185982,alf,alf,0.673106222202849,36.0,16,0.000625,0.0,0.0,0.0,0.5,0.8772853660516193,0.0,0.9375,0.0,0.0,0,0.0,0.0,0.0,1.1290281999999934,21005,0,200,0.022873443316602758,3.1411691542288556
0.0,7.2,1.0,0.000625,0.02328945829590176,0.012345679012345678,240,0.9998155176048915,42.0,0.0,1.0,2.625,2.625,1.0,1.0,1.0,0.175,1.0,0.13306681529407724,0.0,18.0,1.0,0.0,0.0,0.16020333655107546,0.0,2.4458955223880596,5.749378109452737,33.2431592039801,39.134328358208954,0.13805970149253732,162.86016316209523,2.4458955223880596,0.8619402985074627,0.8619402985074627,0.8557213930348259,0.8557213930348259,1.791044776119403,0.1630597014925375,0.2506218905472637,7.200000000000026,829.4400000000018,51.84000000000011,0.5870646766169154,0.07130991251534051,alf,alf,1.4110320928289972,36.0,16,0.000625,0.0,0.0,0.0,0.5,0.9687801795072823,0.0,1.0,0.0,0.0,0,0.0,0.0,0.0,1.1589404999999715,21006,0,200,0.0173810345155111,2.887437810945274
0.0,7.2,2.0,0.000625,0.01328420797576013,0.012345679012345678,240,0.9997390124230088,36.0,0.25,0.75,2.25,2.25,1.0,1.0,2.0,0.15,0.0,9.82214012586659e-05,0.25,18.0,0.75,0.0,0.0,0.06571619514368457,0.0,2.2953980099502487,5.625,31.875,36.72636815920398,0.11784825870646766,162.86016316209523,2.2953980099502487,0.8821517412935324,0.8821517412935324,0.9651741293532339,0.9651741293532339,1.5422885572139304,0.15302653399668273,0.375,7.200000000000026,829.4400000000018,51.84000000000011,0.4975124378109453,0.042963107482455735,alf,alf,2.418630477183995,36.0,16,0.000625,0.0,0.0,0.0,0.5,0.9693222244242914,0.0,1.0,0.0,0.0,0,0.0,0.0,0.0,1.1324445000000196,21007,0,200,0.010095315271464648,2.506218905472637
0.0,7.2,1.0,0.000625,0.010465317203000996,0.012345679012345678,240,0.9997780736795383,49.0,0.0,1.0,3.0625,3.0625,1.0,1.0,1.0,0.20416666666666666,1.0,0.25213563574883063,0.0,18.0,1.0,0.0002548094716167107,0.00010192378689486248,0.22097225316205044,0.006656707684342981,2.7944651741293534,5.3538557213930345,29.28855721393035,44.711442786069654,0.09172885572139304,160.43650657262322,2.7944651741293534,0.908271144278607,0.9054726368159204,0.1791044776119403,0.1791044776119403,2.1641791044776117,0.1862976782752898,0.6461442786069652,7.145404007092176,817.0964183497069,51.068526146856684,0.1791044776119403,0.0464576933503975,alf,alf,1.0811946079838228,36.0,16,0.000625,0.0,0.0,0.0,0.5,0.9590048629514745,0.0002548094716167107,0.6878109452736318,0.0,0.0003125,1,0.00273224043715847,0.00010192378689486248,0.0012074888364363616,1.1925804000002245,21008,0,200,0.021340894758383914,3.6641791044776117
0.0,7.2,1.0,0.0,0.019965131542881674,0.012345679012345678,240,1.0,52.0,0.0,1.0,3.25,3.25,1.0,1.0,1.0,0.21666666666666667,1.0,0.12732277228557706,0.0,18.0,1.0,0.0,0.0,0.2718620826217173,0.0,2.9583333333333335,5.5111940298507465,30.62313432835821,47.333333333333336,0.28016169154228854,162.86016316209523,2.9583333333333335,0.7198383084577115,0.7198383084577115,0.9154228855721394,0.9154228855721394,2.3233830845771144,0.19722222222222222,0.48880597014925375,7.200000000000026,829.4400000000018,51.84000000000011,0.07960199004975124,0.010173992104537675,alf,alf,1.0972966219470421,36.0,16,0.0,0.0,0.0,0.0,0.5,0.4491003503807284,0.0,1.0,0.0,0.0,0,0.0,0.0,0.0,1.1937235000000328,21009,0,200,0.040449560121257534,3.4353233830845773
0.0,7.2,2.0,0.001875,0.08419163859690508,0.012345679012345678,240,0.9988374550834919,36.0,0.375,0.625,2.25,2.25,1.0,1.0,2.0,0.15,0.0,1.5160263655845368e-07,0.375,18.0,0.625,0.0,0.0,0.14731071013093736,0.0,2.1361940298507465,5.506218905472637,30.568407960199004,34.17910447761194,0.4008084577114428,162.86016316209523,2.1361940298507465,0.5991915422885572,0.5991915422885572,0.9154228855721394,0.9154228855721394,2.3781094527363185,0.14241293532338262,0.4937810945273632,7.200000000000026,829.4400000000018,51.84000000000011,0.0,1.992864706284144e-07,alf,alf,1.2084774787864174,36.0,16,0.001875,0.0,0.0,0.0,0.5,0.30128251155071095,0.0,1.0,0.0,0.0,0,0.0,0.0,0.0,1.1263617999998132,21010,0,200,0.03551688707389729,2.8805970149253732
0.0,7.2,1.0,0.000625,0.017938638788721463,0.012345679012345678,240,0.9997639282341831,44.0,0.0,1.0,2.75,2.75,1.0,1.0,1.0,0.18333333333333332,1.0,0.1487432389410938,0.0,18.0,1.0,8.493649053890357e-05,8.493649042614765e-05,0.10078030246776071,0.0037870297907212224,2.682213930348259,5.629353233830845,32.04353233830846,42.91542288557214,0.05317164179104478,162.16585758080234,2.682213930348259,0.9468283582089553,0.9468283582089553,0.9253731343283582,0.9253731343283582,1.2885572139303483,0.17881426202321704,0.3706467661691542,7.1843649246261565,825.903930711072,51.618995669442,0.8756218905472637,0.12957886752723924,alf,alf,2.0022003586590387,36.0,16,0.000625,0.0,0.0,0.0,0.5,0.8463740486604654,8.493649053890357e-05,0.9396766169154229,0.0,0.0,0,0.0,8.493649042614765e-05,0.0011022814560864408,1.1638965000001917,21011,0,200,0.02614306293907541,3.4166666666666665
0.0,7.2,1.0,0.0003125,0.023115349393770093,0.012345679012345678,240,0.9999182739457338,52.0,0.0,1.0,3.25,3.25,1.0,1.0,1.0,0.21666666666666667,1.0,0.15023844432439787,0.0,18.0,1.0,0.0009644660940672622,0.0009644660933868248,0.563216257023341,0.029701596671718542,2.9126243781094527,4.881218905472637,24.814676616915424,46.601990049751244,0.1517412935323383,153.17904409872742,2.9126243781094527,0.8482587064676617,0.8482587064676617,0.34328358208955223,0.34328358208955223,2.074626865671642,0.19417495854062994,1.118781094527363,6.965741564410021,780.1344654849245,48.75840409280778,0.34328358208955223,0.05234865390772031,alf,alf,0.3284770887410736,36.0,16,0.0003125,0.0,0.0,0.0,0.5,0.9127133218701274,0.0009644660940672622,0.6881218905472637,0.0,0.0,0,0.0,0.0009644660933868248,0.007456456304709689,1.1882857999999032,21012,0,200,0.033954694212648975,3.7151741293532337
0.0,7.2,1.0,0.000625,0.02420122798427093,0.012345679012345678,240,0.999763779527559,46.0,0.0,1.0,2.875,2.875,1.0,1.0,1.0,0.19166666666666668,1.0,0.2369241924211441,0.0,18.0,1.0,0.0,0.0,0.10918665379569813,5.551115123125783e-17,2.7960199004975124,5.625,32.0,44.7363184079602,0.017412935323383085,162.10618092523393,2.7960199004975124,0.9825870646766169,0.9825870646766169,0.8805970149253731,0.8805970149253731,1.1940298507462686,0.18640132669983445,0.375,7.183012701892247,825.6000000000031,51.60000000000019,0.8805970149253731,0.2050882807806798,alf,alf,2.326483839841958,36.0,16,0.000625,0.0,0.0,0.0,0.5,0.9733546415167081,0.0,0.9375,0.0,0.0,0,0.0,0.0,0.0,1.1730757000000267,21013,0,200,0.012959422182600837,3.307213930348259
0.0,7.2,1.0,0.00125,0.03142322477980368,0.012345679012345678,240,0.9994705633206268,42.0,0.0,1.0,2.625,2.625,1.0,1.0,1.0,0.175,1.0,0.24343929487498744,0.0,18.0,1.0,0.00033974596215561426,8.029116092768434e-05,0.3380795029825995,0.0013886207847989985,2.431281094527363,5.503731343283582,30.66231343283582,38.90049751243781,0.1234452736318408,162.12836472209835,2.431281094527363,0.8765547263681592,0.8762437810945274,0.8557213930348259,0.8557213930348259,1.5820895522388059,0.16208540630182464,0.4962686567164179,7.183519785417305,825.7129811496837,51.607061321855234,0.7313432835820896,0.16735858561301215,alf,alf,1.9700655228765345,36.0,16,0.00125,0.0,0.0,0.0,0.5,0.947707355396822,0.00033974596215561426,0.9375,0.0,0.0009375,3,0.01507537688442211,8.029116092768434e-05,0.00107171476452037,1.1597273000002133,21014,0,200,0.027447817891721446,2.7046019900497513
0.0,7.2,1.0,0.000625,0.011204958318669703,0.012345679012345678,240,0.9997353657245688,50.0,0.0,1.0,3.125,3.125,1.0,1.0,1.0,0.20833333333333334,1.0,0.3483973733825356,0.0,18.0,1.0,0.002041254574873218,0.0012618539089812358,0.3438652508601272,0.03904179148480776,2.8659825870646767,5.164800995024875,27.605721393034827,45.85572139303483,0.08022388059701492,155.400989635829,2.8659825870646767,0.9197761194029851,0.9194651741293532,0.845771144278607,0.8507462686567164,1.5174129353233832,0.19106550580431167,0.8351990049751243,7.017958138913647,791.4507411812666,49.46567132382916,0.746268656716418,0.23822915644595935,alf,alf,3.136958165194586,36.0,16,0.000625,0.0,0.0,0.0,0.5,0.8311931208416872,0.002041254574873218,0.7503109452736318,0.0,0.0021875,7,0.011764705882352941,0.0012618539089812358,0.008692445028348409,1.1815687999996953,21015,0,200,0.03078534772698105,3.7338308457711444
0.0,7.2,1.0,0.000625,0.06702405367639164,0.012345679012345678,240,0.9997371188222923,39.0,0.0,0.5625,2.4375,2.4375,1.0,1.0,2.0,0.1625,0.4375,0.09536158401175646,0.0,18.0,1.0,0.00016987298107780713,0.00016987297676876345,0.19629464617212444,0.013044629662207909,2.289490049751244,5.149253731343284,26.97325870646766,36.6318407960199,0.12002487562189054,160.9276344638634,2.289490049751244,0.8799751243781094,0.5935945273631841,0.8656716417910447,0.8656716417910447,2.388059701492537,0.15263266998341693,0.8507462686567164,7.156475330680286,819.5977121603045,51.22485701001903,0.285136815920398,0.061386159719858766,alf,alf,1.3373894555014036,36.0,16,0.000625,0.0,0.0,0.0,0.5,0.7790362503394539,0.00016987298107780713,0.8342661691542289,0.0,0.0,0,0.0,0.00016987297676876345,0.0015588613847498066,1.396290399999998,21016,0,200,0.022916412522772413,2.7842039800995027
0.0,7.2,2.0,0.0009375,0.043289674171895304,0.012345679012345678,240,0.9996570644718792,43.0,0.125,0.875,2.6875,2.6875,1.0,1.0,2.0,0.17916666666666667,0.0,0.00019612180657274333,0.125,18.0,0.875,0.0,0.0,0.11839125269176505,1.1102230246251565e-16,2.6181592039800994,5.5,30.75,41.89054726368159,0.16884328358208955,161.35219868837186,2.6181592039800994,0.8311567164179104,0.8140547263681592,0.8208955223880597,0.8208955223880597,2.3930348258706466,0.174543946932007,0.5,7.166025403784468,821.7600000000004,51.36000000000003,0.0,0.0001716327019013693,alf,alf,0.7418547058252827,36.0,16,0.0009375,0.0,0.0,0.0,0.5,0.8575112565677977,0.0,0.875,0.0,0.0,0,0.0,0.0,0.0,1.452882000000045,21017,0,200,0.034195034594776394,3.4185323383084576
0.0,7.2,1.0,0.0021875,0.009081947373196758,0.012345679012345678,240,0.9993276154171961,47.0,0.0,1.0,2.9375,2.9375,1.0,1.0,1.0,0.19583333333333333,1.0,0.127310970082756,0.0,18.0,1.0,0.0003972965564947276,0.0003972965561832875,0.17548761169277988,0.013335207673842279,2.834577114427861,5.248756218905473,28.488805970149254,45.353233830845774,0.11567164179104478,158.156862633914,2.834577114427861,0.8843283582089553,0.8330223880597015,0.7412935323383084,0.7412935323383084,1.8109452736318408,0.18897180762852384,0.7512437810945274,7.093727691832282,805.4862871069853,50.34289294418658,0.6607587064676617,0.08935293856346518,alf,alf,1.1477619418759553,36.0,16,0.0021875,0.0,0.0,0.0,0.5,0.9088965800555595,0.0003972965564947276,0.625,0.0,0.0,0,0.0,0.0003972965561832875,0.005156000960394638,1.448675799999819,21018,0,200,0.012437908911714897,3.60136815920398
0.0,7.2,1.0,0.0,0.027021256470277966,0.012345679012345678,240,1.0,34.0,0.0,1.0,2.125,2.125,1.0,1.0,1.0,0.14166666666666666,1.0,0.18620532913947055,0.0,18.0,1.0,0.0,0.0,0.08889012648201777,5.551115123125783e-17,2.0416666666666665,5.625,32.0,32.666666666666664,0.049440298507462684,162.10618092523393,2.0416666666666665,0.9505597014925373,0.9505597014925373,0.8855721393034826,0.8855721393034826,1.472636815920398,0.13611111111111096,0.375,7.183012701892247,825.6000000000031,51.60000000000019,0.8706467661691543,0.15511181545521543,alf,alf,1.8007711592350584,36.0,16,0.0,0.0,0.0,0.0,0.5,0.9270644257984286,0.0,0.9375,0.0,0.0,0,0.0,0.0,0.0,1.4643607999996675,21019,0,200,0.0239852575450361,2.8128109452736316
0.0,7.3,2.0,0.0,0.014794419997238217,0.012345679012345678,240,1.0,55.0,0.0625,0.9375,3.4375,3.4375,0.0,0.0,2.0,0.22916666666666666,0.0,0.0031465057346387344,0.0625,18.0,0.9375,0.0004736717274537655,0.0004736716964402182,0.3175385510259647,0.039127375780319315,3.237562189054726,4.821517412935323,25.122512437810947,51.80099502487562,0.09577114427860696,148.3758175584547,3.237562189054726,0.904228855721393,0.904228855721393,0.0,0.0,2.174129353233831,0.21583747927031494,1.1784825870646767,6.819458919644459,755.6718335913378,47.22948959945861,0.0,0.002341509473870683,alf,alf,1.3111209246851816,36.0,16,0.0,0.0,0.0,0.0,0.5,0.8985007609039102,0.0004736717274537655,0.75,0.0,0.0,0,0.0,0.0004736716964402182,0.004346709878701691,1.5335190000000694,21000,0,200,0.029314316937553243,3.8171641791044775
0.0,7.3,1.0,0.0003125,0.018814363839485718,0.012345679012345678,240,0.9999370078740158,62.0,0.0,1.0,3.875,3.875,1.0,1.0,1.0,0.25833333333333336,1.0,0.1266848510063022,0.0,18.0,1.0,0.000513483047033631,0.0005134830364832613,0.13383332095740205,0.038661769602553867,3.742226368159204,5.1461442786069655,27.296019900497512,59.875621890547265,0.16666666666666666,160.98449648343643,3.742226368159204,0.8333333333333334,0.8333333333333334,0.9253731343283582,0.9253731343283582,1.671641791044776,0.24948175787728014,0.8538557213930348,7.14905048918581,819.88730804796,51.2429567529975,0.48756218905472637,0.05904238778695869,alf,alf,0.7423888683715184,36.0,16,0.0003125,0.0,0.0,0.0,0.5,0.6721489738305491,0.000513483047033631,0.7602611940298507,0.0,0.0,0,0.0,0.0005134830364832613,0.005371956097893501,1.5480647999997927,21001,0,200,0.019289459825422753,4.481965174129353
0.0,7.3,1.0,0.00125,0.009942373048197395,0.012345679012345678,240,0.9995253164556962,68.0,0.0,1.0,4.25,4.25,1.0,1.0,1.0,0.2833333333333333,1.0,0.4738001246547039,0.0,18.0,1.0,0.00046474596215561383,0.0004470149458387657,0.5392533600653449,0.013558143643277017,4.0413557213930345,5.0335820895522385,26.08084577114428,64.66169154228855,0.013059701492537313,161.50126879727745,4.0413557213930345,0.9869402985074627,0.9838308457711443,0.9203980099502488,0.9253731343283582,1.2139303482587065,0.26942371475953536,0.9664179104477612,7.167743935070372,822.5192078303868,51.407450489399174,0.917910447761194,0.41457388602747475,alf,alf,0.8220891170972661,36.0,16,0.00125,0.0,0.0,0.0,0.5,0.9202925486137752,0.00046474596215561383,0.625,0.0,0.000625,2,0.005208333333333333,0.0004470149458387657,0.002957583616242223,1.522993100000349,21002,0,200,0.03698695749424544,4.673507462686567
0.0,7.3,1.0,0.000625,0.020015864428960767,0.012345679012345678,240,0.999812673945622,38.0,0.0,1.0,2.375,2.375,1.0,1.0,1.0,0.15833333333333333,1.0,0.15968436880669165,0.0,18.0,1.0,0.0011431525846061655,0.0011431525837996587,0.09930756664438999,0.03520440709223812,2.2972636815920398,5.748134328358209,33.358830845771145,36.756218905472636,0.05286069651741294,165.88790727419206,2.2972636815920398,0.947139303482587,0.9427860696517413,0.7661691542288557,0.7661691542288557,1.5970149253731343,0.15315091210613677,0.251865671641791,7.265388049316292,844.8601741394448,52.8037608837153,0.7661691542288557,0.12265532593357954,alf,alf,1.8134174287994451,36.0,16,0.000625,0.0,0.0,0.0,0.5,0.9604485782500243,0.0011431525846061655,0.75,0.0,0.0,0,0.0,0.0011431525837996587,0.008691270825238528,1.4465267000000495,21003,0,200,0.02242765042616828,2.8128109452736316
0.0,7.3,1.0,0.00125,0.028453018781676335,0.012345679012345678,240,0.9995542269771345,44.0,0.0,1.0,2.75,2.75,1.0,1.0,1.0,0.18333333333333332,1.0,0.15014352084082874,0.0,18.0,1.0,0.0,0.0,0.21918393109081458,0.0,2.5901741293532337,5.376243781094527,29.138681592039802,41.44278606965174,0.08893034825870647,167.41547250980065,2.5901741293532337,0.9110696517412935,0.9110696517412935,0.9104477611940298,0.9104477611940298,1.5621890547263682,0.17267827529021548,0.6237562189054726,7.299999999999974,852.6400000000029,53.290000000000184,0.7910447761194029,0.11599714145281485,alf,alf,1.8998677548468708,36.0,16,0.00125,0.0,0.0,0.0,0.5,0.9308654398340009,0.0,1.0,0.0,0.0,0,0.0,0.0,0.0,1.2674245999996856,21004,0,200,0.01792084325322172,3.18407960199005
0.0,7.3,1.0,0.000625,0.021288435096706117,0.012345679012345678,240,0.999738192480888,44.0,0.0,1.0,2.75,2.75,1.0,1.0,1.0,0.18333333333333332,1.0,0.12770265576967768,0.0,18.0,1.0,0.0,0.0,0.22583908814138265,5.551115123125783e-17,2.567786069651741,5.5,30.625,41.08457711442786,0.07369402985074627,166.37678343870758,2.567786069651741,0.9263059701492538,0.9263059701492538,0.9303482587064676,0.9303482587064676,1.3681592039800996,0.17118573797678271,0.5,7.276762701892247,847.3500000000032,52.9593750000002,0.7960199004975125,0.10865170351482858,alf,alf,0.673106222202849,36.0,16,0.000625,0.0,0.0,0.0,0.5,0.8857264263408593,0.0,0.9375,0.0,0.0,0,0.0,0.0,0.0,1.195390000000316,21005,0,200,0.02275723021992043,3.14863184079602
0.0,7.3,1.0,0.000625,0.014629914984893251,0.012345679012345678,240,0.999831330381615,40.0,0.0,1.0,2.5,2.5,1.0,1.0,1.0,0.16666666666666666,1.0,0.18283827330863306,0.0,18.0,1.0,0.0,0.0,0.08380361872230886,0.0,2.4266169154228856,5.749378109452737,33.2431592039801,38.82587064676617,0.07151741293532338,167.41547250980065,2.4266169154228856,0.9284825870646766,0.9284825870646766,0.8557213930348259,0.8557213930348259,1.5223880597014925,0.1617744610281928,0.2506218905472637,7.299999999999974,852.6400000000029,53.290000000000184,0.8308457711442786,0.15191999527616146,alf,alf,1.4110320928289972,36.0,16,0.000625,0.0,0.0,0.0,0.5,0.9706073776655875,0.0,1.0,0.0,0.0,0,0.0,0.0,0.0,1.1747285999999804,21006,0,200,0.015979708608490965,2.7823383084577116
0.0,7.3,1.0,0.000625,0.011017513042473226,0.012345679012345678,240,0.9997912753078688,38.0,0.0,1.0,2.375,2.375,1.0,1.0,1.0,0.15833333333333333,1.0,0.08635124680075357,0.0,18.0,1.0,0.0,0.0,0.07831798717853519,0.0,2.332089552238806,5.625,31.875,37.3134328358209,0.08208955223880597,167.41547250980065,2.332089552238806,0.917910447761194,0.917910447761194,0.9701492537313433,0.9701492537313433,1.263681592039801,0.15547263681592122,0.375,7.299999999999974,852.6400000000029,53.290000000000184,0.7661691542288557,0.06591676017402275,alf,alf,2.418630477183995,36.0,16,0.000625,0.0,0.0,0.0,0.5,0.965544003558952,0.0,1.0,0.0,0.0,0,0.0,0.0,0.0,1.3063885999999911,21007,0,200,0.011015327302528284,2.60136815920398
0.0,7.3,1.0,0.0,0.00874474457627949,0.012345679012345678,240,1.0,47.0,0.0,1.0,2.9375,2.9375,1.0,1.0,1.0,0.19583333333333333,1.0,0.27574889954664705,0.0,18.0,1.0,0.00034855947161671033,0.0001394237867039047,0.1923683819707433,0.008922118273722994,2.6685323383084576,5.355099502487562,29.300995024875622,42.69651741293532,0.09390547263681592,164.08676583215964,2.6685323383084576,0.9060945273631841,0.9032960199004975,0.03482587064676617,0.03482587064676617,2.2587064676616917,0.17790215588723052,0.6449004975124378,7.2255481593138615,835.6870361008167,52.230439756301045,0.03482587064676617,0.01579529991545415,alf,alf,1.0811946079838228,36.0,16,0.0,0.0,0.0,0.0,0.5,0.9671299891191367,0.00034855947161671033,0.6878109452736318,0.0,0.0003125,1,0.002717391304347826,0.0001394237867039047,0.0016517504947556716,1.1993670000001657,21008,0,200,0.019537390642700783,3.4583333333333335
0.0,7.3,1.0,0.0,0.020259618684795155,0.012345679012345678,240,1.0,54.0,0.0,1.0,3.375,3.375,1.0,1.0,1.0,0.225,1.0,0.1458593608724358,0.0,18.0,1.0,0.0,0.0,0.3274392960570283,0.0,3.0161691542288556,5.499378109452737,30.4931592039801,48.25870646766169,0.22419154228855723,167.41547250980065,3.0161691542288556,0.7758084577114428,0.7758084577114428,0.9154228855721394,0.9154228855721394,2.099502487562189,0.20107794361525688,0.5006218905472637,7.299999999999974,852.6400000000029,53.290000000000184,0.3034825870646766,0.04233146782961057,alf,alf,1.1087723505999731,36.0,16,0.0,0.0,0.0,0.0,0.5,0.5098615690143239,0.0,1.0,0.0,0.0,0,0.0,0.0,0.0,1.3235544000003756,21009,0,200,0.04034761928396245,3.55907960199005
0.0,7.3,1.0,0.00125,0.05362594692744304,0.012345679012345678,240,0.9993154291732491,38.0,0.0,1.0,2.375,2.375,1.0,1.0,1.0,0.15833333333333333,1.0,0.10318512794810458,0.0,18.0,1.0,0.0,0.0,0.17185218187668622,0.0,2.1828358208955225,5.527363184079602,30.800995024875622,34.92537313432836,0.29384328358208955,167.41547250980065,2.1828358208955225,0.7061567164179104,0.7061567164179104,0.9203980099502488,0.9203980099502488,2.044776119402985,0.1455223880597019,0.472636815920398,7.299999999999974,852.6400000000029,53.290000000000184,0.2835820895522388,0.029261589750139108,alf,alf,1.205292934242441,36.0,16,0.00125,0.0,0.0,0.0,0.5,0.4742380466906664,0.0,1.0,0.0,0.0,0,0.0,0.0,0.0,1.2024647000002915,21010,0,200,0.03404796620470744,2.9116915422885574
0.0,7.3,1.0,0.000625,0.013888005015838511,0.012345679012345678,240,0.9997640767536962,44.0,0.0,1.0,2.75,2.75,1.0,1.0,1.0,0.18333333333333332,1.0,0.1487432389410938,0.0,18.0,1.0,0.00011618649053890346,0.00011618648978976021,0.09532561075220909,0.007596710872409607,2.6884328358208953,5.638681592039801,32.13681592039801,43.014925373134325,0.0457089552238806,166.53633962772875,2.6884328358208953,0.9542910447761194,0.9542910447761194,0.9253731343283582,0.9253731343283582,1.2537313432835822,0.17922885572139285,0.361318407960199,7.280346563782734,848.1626129978791,53.010163312367446,0.8955223880597015,0.13253782714417325,alf,alf,2.0022003586590387,36.0,16,0.000625,0.0,0.0,0.0,0.5,0.8548816162380731,0.00011618649053890346,0.9443407960199005,0.0,0.0,0,0.0,0.00011618648978976021,0.0015078350089133433,1.2746234000001095,21011,0,200,0.023834484610568592,3.138059701492537
0.0,7.3,1.0,0.0003125,0.02128361381781999,0.012345679012345678,240,0.9999199231262011,53.0,0.0,0.9375,3.3125,3.3125,0.0,1.0,2.0,0.22083333333333333,0.0625,0.3986508271653974,0.0,18.0,1.0,0.001026966094067262,0.0010269660933427298,0.491002697953021,0.03162634011620188,3.019589552238806,4.881218905472637,24.814676616915424,48.3134328358209,0.138681592039801,156.33855270015417,3.019589552238806,0.861318407960199,0.8180970149253731,0.0,0.6567164179104478,2.427860696517413,0.20130597014925397,1.118781094527363,7.035113454956888,796.2257106579942,49.76410691612464,0.041044776119402986,0.26218271704569757,alf,alf,0.3284770887410736,36.0,16,0.0003125,0.0,0.0,0.0,0.5,0.9427841702551467,0.001026966094067262,0.6881218905472637,0.0,0.0,0,0.0,0.0010269660933427298,0.007597093170113835,1.2543940999998995,21012,0,200,0.02993596214670215,3.607587064676617
0.0,7.3,1.0,0.000625,0.023985069049637774,0.012345679012345678,240,0.9997639282341831,44.0,0.0,1.0,2.75,2.75,1.0,1.0,1.0,0.18333333333333332,1.0,0.23027846565784355,0.0,18.0,1.0,0.0,0.0,0.07178040147521102,5.551115123125783e-17,2.69092039800995,5.625,32.0,43.0547263681592,0.015236318407960199,166.37678343870758,2.69092039800995,0.9847636815920398,0.9847636815920398,0.8905472636815921,0.8905472636815921,1.1741293532338308,0.17939469320066312,0.375,7.276762701892247,847.3500000000032,52.9593750000002,0.8905472636815921,0.19818619330622428,alf,alf,2.326844076614802,36.0,16,0.000625,0.0,0.0,0.0,0.5,0.9733750855526878,0.0,0.9375,0.0,0.0,0,0.0,0.0,0.0,1.2760152999999264,21013,0,200,0.012373930973760775,3.3059701492537314
0.0,7.3,1.0,0.00125,0.034449597542012086,0.012345679012345678,240,0.9994708994708994,42.0,0.0,1.0,2.625,2.625,1.0,1.0,1.0,0.175,1.0,0.24343929487498744,0.0,18.0,1.0,0.0006971189432334207,0.00030143365044372485,0.339072671468528,0.004658694408679177,2.4300373134328357,5.5143034825870645,30.768034825870647,38.88059701492537,0.10758706467661691,166.49397891946566,2.4300373134328357,0.8924129353233831,0.8921019900497512,0.8606965174129353,0.8606965174129353,1.5323383084577114,0.16200248756218943,0.48569651741293535,7.279421695861979,847.9468716822649,52.99667948014156,0.7711442786069652,0.16468817468817515,alf,alf,1.9700655228765345,36.0,16,0.00125,0.0,0.0,0.0,0.5,0.9503679246328331,0.0006971189432334207,0.9375,0.0,0.0015625,5,0.02512562814070352,0.00030143365044372485,0.002428688964959778,1.223893400000179,21014,0,200,0.026312953021947628,2.8526119402985075
0.0,7.3,1.0,0.0,0.009802753937451288,0.012345679012345678,240,1.0,52.0,0.0,1.0,3.25,3.25,1.0,1.0,1.0,0.21666666666666667,1.0,0.3583668587640189,0.0,18.0,1.0,0.0025861275559510245,0.0012883010674890458,0.35587918615875846,0.04211683968132573,3.0127487562189055,5.164800995024875,27.605721393034827,48.20398009950249,0.07960199004975124,159.1248650219991,3.0127487562189055,0.9203980099502488,0.9203980099502488,0.8507462686567164,0.8507462686567164,1.5024875621890548,0.2008499170812601,0.8351990049751243,7.0997056524263575,810.4162827866174,50.65101767416359,0.746268656716418,0.24708086264301146,alf,alf,3.127367198924958,36.0,16,0.0,0.0,0.0,0.0,0.5,0.8267593700583747,0.0025861275559510245,0.7503109452736318,0.0,0.0028125,9,0.015126050420168067,0.0012883010674890458,0.008687685526295733,1.2867948000002798,21015,0,200,0.030318243944226695,3.7319651741293534
0.0,7.3,1.0,0.00125,0.06668387468207576,0.012345679012345678,240,0.9994742376445845,39.0,0.0,0.5625,2.4375,2.4375,1.0,1.0,2.0,0.1625,0.4375,0.09536158401175646,0.0,18.0,1.0,0.00023237298107780692,0.00023237297577281547,0.19449085418677756,0.017672436590724858,2.30068407960199,5.14863184079602,26.96766169154229,36.81094527363184,0.1181592039800995,164.74254024873326,2.30068407960199,0.8818407960199005,0.5948383084577115,0.8656716417910447,0.8656716417910447,2.388059701492537,0.15337893864013333,0.8513681592039801,7.240230432182728,839.0268677792454,52.43917923620284,0.2829601990049751,0.061228387901429496,alf,alf,1.3373894555014036,36.0,16,0.00125,0.0,0.0,0.0,0.5,0.769921548313973,0.00023237298107780692,0.8336442786069652,0.0,0.0,0,0.0,0.00023237297577281547,0.002132400719426207,1.176456500000313,21016,0,200,0.02281541370293965,2.8569651741293534
0.0,7.3,1.0,0.000625,0.04289213375503739,0.012345679012345678,240,0.9997626582278482,50.0,0.0,1.0,3.125,3.125,1.0,1.0,1.0,0.20833333333333334,1.0,0.21818046903275656,0.0,18.0,1.0,0.0,0.0,0.200808767109725,1.1102230246251565e-16,2.828047263681592,5.5,30.75,45.24875621890547,0.16355721393034825,165.33809436761348,2.828047263681592,0.8364427860696517,0.8177860696517413,0.8258706467661692,0.8258706467661692,2.36318407960199,0.1885364842454396,0.5,7.253525403784426,842.0599999999982,52.62874999999989,0.01990049751243781,0.004343131830592901,alf,alf,0.7418547058252827,36.0,16,0.000625,0.0,0.0,0.0,0.5,0.8574349125121514,0.0,0.875,0.0,0.0,0,0.0,0.0,0.0,1.2235034000000269,21017,0,200,0.03393696432072658,3.41728855721393
0.0,7.3,1.0,0.0021875,0.009077802583670415,0.012345679012345678,240,0.9993278289404043,48.0,0.0,1.0,3.0,3.0,1.0,1.0,1.0,0.2,1.0,0.2751760354903126,0.0,18.0,1.0,0.0003972965564947276,0.0003972965561832875,0.16431833370461127,0.013335207673842279,2.8843283582089554,5.248756218905473,28.488805970149254,46.149253731343286,0.11194029850746269,161.00393097622973,2.8843283582089554,0.8880597014925373,0.8311567164179104,0.746268656716418,0.746268656716418,1.8109452736318408,0.1922885572139305,0.7512437810945274,7.156227691832281,819.9862871069852,51.24914294418657,0.6632462686567164,0.1732208306539457,alf,alf,1.1520928404050428,36.0,16,0.0021875,0.0,0.0,0.0,0.5,0.9093530551186204,0.0003972965564947276,0.625,0.0,0.0,0,0.0,0.0003972965561832875,0.005156000960394638,1.2970847000001413,21018,0,200,0.012367977736167934,3.572139303482587
0.0,7.3,1.0,0.0003125,0.021905194908779724,0.012345679012345678,240,0.9998936057027344,35.0,0.0,1.0,2.1875,2.1875,1.0,1.0,1.0,0.14583333333333334,1.0,0.20681297218771683,0.0,18.0,1.0,0.0,0.0,0.10331736838197074,5.551115123125783e-17,2.08613184079602,5.625,32.0,33.37810945273632,0.04788557213930348,166.37678343870755,2.08613184079602,0.9521144278606966,0.9521144278606966,0.8905472636815921,0.8905472636815921,1.462686567164179,0.13907545605306768,0.375,7.276762701892247,847.3500000000031,52.95937500000019,0.8756218905472637,0.16998169000099056,alf,alf,1.8023970823028932,36.0,16,0.0003125,0.0,0.0,0.0,0.5,0.9321161253202652,0.0,0.9375,0.0,0.0,0,0.0,0.0,0.0,1.1905275999997684,21019,0,200,0.023550627817754213,2.7506218905472637
0.0,7.4,1.0,0.0,0.014440300623245963,0.012345679012345678,240,1.0,57.0,0.0,1.0,3.5625,3.5625,1.0,1.0,1.0,0.2375,1.0,0.39316134533708796,0.0,18.0,1.0,0.0004736717274537655,0.0004736716964402182,0.3143084329595802,0.039127375780319315,3.248134328358209,4.814676616915423,25.04726368159204,51.97014925373134,0.0945273631840796,151.83942345903742,3.248134328358209,0.9054726368159204,0.9054726368159204,0.014925373134328358,0.014925373134328358,2.154228855721393,0.21654228855721375,1.185323383084577,6.894458919644458,773.3118335913375,48.331989599458595,0.014925373134328358,0.008128795944864455,alf,alf,1.3111209246851816,36.0,16,0.0,0.0,0.0,0.0,0.5,0.8982278568872768,0.0004736717274537655,0.75,0.0,0.0,0,0.0,0.0004736716964402182,0.004346709878701691,1.2427991999998085,21000,0,200,0.02926261104650741,3.8171641791044775
0.0,7.4,1.0,0.0003125,0.023975509734815416,0.012345679012345678,240,0.9999370277078086,63.0,0.0,1.0,3.9375,3.9375,1.0,1.0,1.0,0.2625,1.0,0.1266848510063022,0.0,18.0,1.0,0.0005447330470336312,0.0005447131994729326,0.15750538353011065,0.051397862495818285,3.808768656716418,5.190298507462686,27.649253731343283,60.940298507462686,0.15143034825870647,166.08658903912578,3.808768656716418,0.8485696517412935,0.8485696517412935,0.9253731343283582,0.9253731343283582,1.6119402985074627,0.2539179104477621,0.8097014925373134,7.263839909888589,845.8720520591703,52.867003253698144,0.527363184079602,0.06608154672981065,alf,alf,0.7423888683715184,36.0,16,0.0003125,0.0,0.0,0.0,0.5,0.7181359740741257,0.0005447330470336312,0.7823383084577115,0.0,0.0,0,0.0,0.0005447131994729326,0.0054995819524430245,1.2701474999998936,21001,0,200,0.019512313445519545,4.501865671641791
0.0,7.4,1.0,0.0021875,0.010516902249563564,0.012345679012345678,240,0.9992088607594937,66.0,0.0,1.0,4.125,4.125,1.0,1.0,1.0,0.275,1.0,0.4155540675318959,0.0,18.0,1.0,0.0005897459621556144,0.0005789842496960085,0.40448256231281404,0.019294732240454034,3.960509950248756,5.038557213930348,26.12686567164179,63.3681592039801,0.012437810945273632,164.56750488167685,3.960509950248756,0.9875621890547264,0.9875621890547264,0.9303482587064676,0.9353233830845771,1.199004975124378,0.2640339966832495,0.9614427860696517,7.234225637270683,838.1354199749916,52.383463748436974,0.9203980099502488,0.36783609850017046,alf,alf,0.8246877286495958,36.0,16,0.0015625,0.0,0.0,0.0,0.5,0.9199779173047217,0.0005897459621556144,0.625,0.0,0.000625,2,0.005235602094240838,0.0005789842496960085,0.0037917008473141336,1.248287700000219,21002,0,200,0.03658225085841386,4.55410447761194
0.0,7.4,1.0,0.0003125,0.01695661307308234,0.012345679012345678,240,0.999893059565822,41.0,0.0,1.0,2.5625,2.5625,1.0,1.0,1.0,0.17083333333333334,1.0,0.20576239910537483,0.0,18.0,1.0,0.001236902584606166,0.0012369025837335238,0.13699846538452018,0.03809152225896331,2.4527363184079602,5.748134328358209,33.358830845771145,39.243781094527364,0.053793532338308456,170.17198735040023,2.4527363184079602,0.9462064676616916,0.9415422885572139,0.7761194029850746,0.7761194029850746,1.592039800995025,0.16351575456053094,0.251865671641791,7.3582052134959985,866.6788148028058,54.167425925175365,0.7761194029850746,0.1602708765627324,alf,alf,1.8134174287994451,36.0,16,0.0003125,0.0,0.0,0.0,0.5,0.9627179615488565,0.001236902584606166,0.75,0.0,0.0,0,0.0,0.0012369025837335238,0.009158751317491816,1.292312800000218,21003,0,200,0.02090515934171277,2.9073383084577116
0.0,7.4,1.0,0.000625,0.030527395021006928,0.012345679012345678,240,0.9997381102032264,46.0,0.0,1.0,2.875,2.875,1.0,1.0,1.0,0.19166666666666668,1.0,0.1675354636853736,0.0,18.0,1.0,0.0,0.0,0.20230934877849557,0.0,2.681592039800995,5.376243781094527,29.138681592039802,42.90547263681592,0.08768656716417911,172.0336137105776,2.681592039800995,0.9123134328358209,0.9123134328358209,0.9203980099502488,0.9203980099502488,1.5522388059701493,0.17877280265340004,0.6237562189054726,7.400000000000017,876.1600000000028,54.760000000000176,0.7910447761194029,0.12474983641698544,alf,alf,1.8961718630122526,36.0,16,0.000625,0.0,0.0,0.0,0.5,0.9315597302408224,0.0,1.0,0.0,0.0,0,0.0,0.0,0.0,1.221663300000273,21004,0,200,0.018097041780556912,3.185945273631841
0.0,7.4,1.0,0.000625,0.020892500626278745,0.012345679012345678,240,0.999738192480888,44.0,0.0,1.0,2.75,2.75,1.0,1.0,1.0,0.18333333333333332,1.0,0.12770265576967768,0.0,18.0,1.0,0.0,0.0,0.20014665478577265,5.551115123125783e-17,2.6041666666666665,5.5,30.625,41.666666666666664,0.07462686567164178,170.70629081443477,2.6041666666666665,0.9253731343283582,0.9253731343283582,0.9303482587064676,0.9303482587064676,1.3681592039800996,0.17361111111111108,0.5,7.370512701892247,869.3999999999968,54.3374999999998,0.7910447761194029,0.10727528132142851,alf,alf,0.673106222202849,36.0,16,0.0003125,0.0,0.0,0.0,0.5,0.8811567697577087,0.0,0.9375,0.0,0.0,0,0.0,0.0,0.0,1.1743053000000145,21005,0,200,0.022171538712468124,3.1305970149253732
0.0,7.4,1.0,0.0,0.012695081829956942,0.012345679012345678,240,1.0,40.0,0.0,1.0,2.5,2.5,1.0,1.0,1.0,0.16666666666666666,1.0,0.18283827330863306,0.0,18.0,1.0,0.0,0.0,0.07171542783594466,0.0,2.441542288557214,5.749378109452737,33.2431592039801,39.06467661691542,0.04446517412935323,172.0336137105776,2.441542288557214,0.9555348258706468,0.9555348258706468,0.8606965174129353,0.8606965174129353,1.4029850746268657,0.16276948590381465,0.2506218905472637,7.400000000000017,876.1600000000028,54.760000000000176,0.835820895522388,0.15286799462538103,alf,alf,1.4110320928289972,36.0,16,0.0,0.0,0.0,0.0,0.5,0.9711445850978891,0.0,1.0,0.0,0.0,0,0.0,0.0,0.0,1.2164064999997208,21006,0,200,0.015278797960935253,2.8774875621890548
0.0,7.4,1.0,0.000625,0.010917345977800641,0.012345679012345678,240,0.9997912753078689,38.0,0.0,1.0,2.375,2.375,1.0,1.0,1.0,0.15833333333333333,1.0,0.08635124680075357,0.0,18.0,1.0,0.0,0.0,0.08308581470755674,0.0,2.3308457711442787,5.625,31.875,37.29353233830846,0.09266169154228855,172.0336137105776,2.3308457711442787,0.9073383084577115,0.9073383084577115,0.9701492537313433,0.9701492537313433,1.2885572139303483,0.15538971807628582,0.375,7.400000000000017,876.1600000000028,54.760000000000176,0.736318407960199,0.06350923757231454,alf,alf,2.418630477183995,36.0,16,0.000625,0.0,0.0,0.0,0.5,0.9676758107570848,0.0,1.0,0.0,0.0,0,0.0,0.0,0.0,1.192551099999946,21007,0,200,0.010424132049519162,2.53544776119403
0.0,7.4,2.0,0.0,0.008204891976984333,0.012345679012345678,240,1.0,45.0,0.0625,0.9375,2.8125,2.8125,0.0,0.0,2.0,0.1875,0.0,0.008344416661828629,0.0625,18.0,0.9375,0.00044230947161671085,0.00017692378684633968,0.18601643523675157,0.010947045088709792,2.674129353233831,5.356965174129353,29.319651741293534,42.78606965174129,0.0945273631840796,167.79947236894012,2.674129353233831,0.9054726368159204,0.9017412935323383,0.0,0.0,2.288557213930348,0.17827529021558874,0.6430348258706468,7.30596339261768,854.5956952233194,53.41223095145746,0.0,0.006786008113269708,alf,alf,1.0811946079838228,36.0,16,0.0,0.0,0.0,0.0,0.5,0.9705523942794891,0.00044230947161671085,0.6878109452736318,0.0,0.0003125,1,0.0026954177897574125,0.00017692378684633968,0.0020960121530750205,1.183389100000113,21008,0,200,0.01900499896221149,3.427860696517413
0.0,7.4,1.0,0.0,0.020111777942924052,0.012345679012345678,240,1.0,56.0,0.0,1.0,3.5,3.5,1.0,1.0,1.0,0.23333333333333334,1.0,0.1659756409888231,0.0,18.0,1.0,0.0,0.0,0.38081668770574983,0.0,3.1162935323383083,5.489427860696518,30.383706467661693,49.86069651741293,0.20771144278606965,172.0336137105776,3.1162935323383083,0.7922885572139303,0.7922885572139303,0.9253731343283582,0.9253731343283582,2.0199004975124377,0.2077529021558873,0.5105721393034826,7.400000000000017,876.1600000000028,54.760000000000176,0.3482587064676617,0.05754416435894376,alf,alf,1.1119145973482563,36.0,16,0.0,0.0,0.0,0.0,0.5,0.588660310783197,0.0,1.0,0.0,0.0,0,0.0,0.0,0.0,1.134207200000219,21009,0,200,0.037726864155908896,3.490049751243781
0.0,7.4,1.0,0.00125,0.10143064909404759,0.012345679012345678,240,0.9995688748685594,36.0,0.0,1.0,2.25,2.25,1.0,1.0,1.0,0.15,1.0,0.04196787099847004,0.0,18.0,1.0,0.0,0.0,0.16728236924828593,0.0,2.1200248756218905,5.539179104477612,30.93097014925373,33.92039800995025,0.2664800995024876,172.0336137105776,2.1200248756218905,0.7335199004975125,0.7335199004975125,0.9253731343283582,0.9253731343283582,1.945273631840796,0.1413349917081262,0.4608208955223881,7.400000000000017,876.1600000000028,54.760000000000176,0.3383084577114428,0.02268682070597085,alf,alf,1.1866255925115132,36.0,16,0.00125,0.0,0.0,0.0,0.5,0.6149909862527119,0.0,1.0,0.0,0.0,0,0.0,0.0,0.0,1.0623303000002124,21010,0,200,0.03513509281840363,2.7761194029850746
0.0,7.4,1.0,0.00125,0.043045866826367477,0.012345679012345678,240,0.9992877492877493,42.0,0.0,1.0,2.625,2.625,1.0,1.0,1.0,0.175,1.0,0.09395825130502848,0.0,18.0,1.0,0.0001474364905389036,0.00014743648679899025,0.122314422910324,0.011321720532441229,2.5261194029850746,5.646766169154229,32.21766169154229,40.417910447761194,0.06965174129353234,170.99581906970784,2.5261194029850746,0.9303482587064676,0.9303482587064676,0.8308457711442786,0.8308457711442786,1.4129353233830846,0.1684079601990053,0.35323383084577115,7.376967632787795,870.8745552957242,54.429659705982765,0.8308457711442786,0.07903756503589496,alf,alf,2.0022003586590387,36.0,16,0.00125,0.0,0.0,0.0,0.5,0.8597397654047314,0.0001474364905389036,0.9483830845771144,0.0,0.0,0,0.0,0.00014743648679899025,0.0019133885617402557,1.1901734999996734,21011,0,200,0.01752934782514261,2.9894278606965172
0.0,7.4,1.0,0.0003125,0.02294077529610046,0.012345679012345678,240,0.9999199743918054,54.0,0.0,0.9375,3.375,3.375,0.0,1.0,2.0,0.225,0.0625,0.39032048531813157,0.0,18.0,1.0,0.0010894660940672623,0.001089466093298636,0.578912031880399,0.03355108356068519,3.0736940298507465,4.882462686567164,24.828358208955223,49.17910447761194,0.11411691542288557,159.54146385601788,3.0736940298507465,0.8858830845771144,0.8445273631840796,0.0,0.6616915422885572,2.3681592039800994,0.2049129353233839,1.117537313432836,7.104485345503753,812.5380032256705,50.78362520160441,0.041355721393034825,0.25888660745546377,alf,alf,0.3284770887410736,36.0,16,0.0003125,0.0,0.0,0.0,0.5,0.9389418015527949,0.0010894660940672623,0.6881218905472637,0.0,0.0,0,0.0,0.001089466093298636,0.00777758338968974,1.2169551999995747,21012,0,200,0.02795489846223712,3.71455223880597
0.0,7.4,1.0,0.000625,0.02395008616568298,0.012345679012345678,240,0.9997641509433962,44.0,0.0,1.0,2.75,2.75,1.0,1.0,1.0,0.18333333333333332,1.0,0.23027846565784355,0.0,18.0,1.0,0.0,0.0,0.0603171951189327,5.551115123125783e-17,2.704912935323383,5.625,32.0,43.27860696517413,0.01554726368159204,170.70629081443477,2.704912935323383,0.9844527363184079,0.9844527363184079,0.900497512437811,0.900497512437811,1.164179104477612,0.18032752902155863,0.375,7.370512701892247,869.3999999999968,54.3374999999998,0.900497512437811,0.20758669380568037,alf,alf,2.326844076614802,36.0,16,0.000625,0.0,0.0,0.0,0.5,0.9776338440377463,0.0,0.9375,0.0,0.0,0,0.0,0.0,0.0,1.1594319000000723,21013,0,200,0.011251467201298302,3.3103233830845773
0.0,7.4,1.0,0.00125,0.031651678275463405,0.012345679012345678,240,0.9994712351945854,42.0,0.0,1.0,2.625,2.625,1.0,1.0,1.0,0.175,1.0,0.24343929487498744,0.0,18.0,1.0,0.0017692378864668434,0.00041209695615407603,0.3398987648820574,0.006620821339753373,2.420087064676617,5.516791044776119,30.792910447761194,38.72139303482587,0.1150497512437811,170.88170898864144,2.420087064676617,0.8849502487562189,0.8840174129353234,0.8656716417910447,0.8656716417910447,1.5522388059701493,0.1613391376451082,0.4832089552238806,7.374473681606134,870.2933974250575,54.39333733906609,0.736318407960199,0.16535464884955778,alf,alf,1.9700655228765345,36.0,16,0.00125,0.0,0.0,0.0,0.5,0.9503282454483317,0.0017692378864668434,0.9375,0.0,0.0034375,11,0.05527638190954774,0.00041209695615407603,0.003198898213783792,1.1263294999998834,21014,0,200,0.025701576542950796,2.6784825870646767
0.0,7.4,1.0,0.0,0.009309381132992109,0.012345679012345678,240,1.0,52.0,0.0,1.0,3.25,3.25,1.0,1.0,1.0,0.21666666666666667,1.0,0.3583668587640189,0.0,18.0,1.0,0.0027562804051171853,0.0011334883447836612,0.3588772555134774,0.055735141283793366,3.0021766169154227,5.185323383084577,27.78731343283582,48.03482587064676,0.07929104477611941,163.4283913576894,3.0021766169154227,0.9207089552238806,0.9207089552238806,0.8507462686567164,0.8507462686567164,1.492537313432836,0.20014510779436123,0.8146766169154229,7.194009263825655,832.3339624362578,52.020872652266114,0.7412935323383084,0.2398403690605592,alf,alf,3.1328814161303487,36.0,16,0.0,0.0,0.0,0.0,0.5,0.821366293736937,0.0027562804051171853,0.7503109452736318,0.0,0.0040625,13,0.021848739495798318,0.0011334883447836612,0.006706446419118854,1.2081500999997843,21015,0,200,0.028460661441035744,3.595149253731343
0.0,7.4,1.0,0.00125,0.027697485586469707,0.012345679012345678,240,0.9994749002310439,41.0,0.0,1.0,2.5625,2.5625,1.0,1.0,1.0,0.17083333333333334,1.0,0.09860249657030642,0.0,18.0,1.0,0.0002948729810778072,0.0002948729766610442,0.21063835053587782,0.021492651339348474,2.369713930348259,5.147388059701493,26.958955223880597,37.91542288557214,0.11131840796019901,168.56466556890874,2.369713930348259,0.888681592039801,0.8718905472636815,0.8855721393034826,0.8855721393034826,1.7412935323383085,0.15798092868988436,0.8526119402985075,7.322980937738634,858.4927921895693,53.65579951184808,0.6262437810945274,0.05510591479179673,alf,alf,1.3373894555014036,36.0,16,0.00125,0.0,0.0,0.0,0.5,0.7591538625944636,0.0002948729810778072,0.8311567164179104,0.0,0.0,0,0.0,0.0002948729766610442,0.00270594005410262,1.118164699999852,21016,0,200,0.019721803459450873,2.986940298507463
0.0,7.4,1.0,0.00125,0.03908467841973119,0.012345679012345678,240,0.9996046805819102,46.0,0.0,1.0,2.875,2.875,1.0,1.0,1.0,0.19166666666666668,1.0,0.23634703988993105,0.0,18.0,1.0,0.0005447330470336312,0.000544733043521321,0.16366550332912552,0.035616700717675864,2.7139303482587063,5.388681592039801,29.859452736318406,43.4228855721393,0.14116915422885573,165.5907789587693,2.7139303482587063,0.8588308457711443,0.8541666666666666,0.8308457711442786,0.8308457711442786,2.1393034825870645,0.18092868988391422,0.611318407960199,7.248881505249788,843.3469120552176,52.7091820034511,0.18407960199004975,0.04366185555028339,alf,alf,0.7281311878861629,36.0,16,0.00125,0.0,0.0,0.0,0.5,0.8681164774525262,0.0005447330470336312,0.8193407960199005,0.0,0.0,0,0.0,0.000544733043521321,0.005499581956093476,1.1724003999997876,21017,0,200,0.03105819846507526,3.6194029850746268
0.0,7.4,1.0,0.001875,0.009032148426672586,0.012345679012345678,240,0.9994338624338625,49.0,0.0,1.0,3.0625,3.0625,1.0,1.0,1.0,0.20416666666666666,1.0,0.3265039601128765,0.0,18.0,1.0,0.0003972965564947276,0.0003972965561832875,0.16464010791812084,0.013335207673842279,2.953047263681592,5.248756218905473,28.488805970149254,47.24875621890547,0.10634328358208955,163.8902692267154,2.953047263681592,0.8936567164179104,0.8330223880597015,0.7512437810945274,0.7512437810945274,1.800995024875622,0.19686981757877223,0.7512437810945274,7.2187276918322825,834.6862871069854,52.16789294418659,0.6716417910447762,0.2115891441299219,alf,alf,1.1520928404050428,36.0,16,0.001875,0.0,0.0,0.0,0.5,0.9094640464709208,0.0003972965564947276,0.625,0.0,0.0,0,0.0,0.0003972965561832875,0.005156000960394638,1.1483863000003112,21018,0,200,0.012301078302520417,3.5727611940298507
0.0,7.4,1.0,0.0003125,0.012718084602200773,0.012345679012345678,240,0.9998937074829933,35.0,0.0,1.0,2.1875,2.1875,1.0,1.0,1.0,0.14583333333333334,1.0,0.14409418057372408,0.0,18.0,1.0,0.0,0.0,0.08669339867825054,5.551115123125783e-17,2.1122512437810945,5.625,32.0,33.79601990049751,0.03575870646766169,170.70629081443477,2.1122512437810945,0.9642412935323383,0.9642412935323383,0.8905472636815921,0.8905472636815921,1.3980099502487562,0.14081674958540594,0.375,7.370512701892247,869.3999999999968,54.3374999999998,0.8905472636815921,0.1259935879213805,alf,alf,1.8976360589616197,36.0,16,0.0003125,0.0,0.0,0.0,0.5,0.9405584563817554,0.0,0.9375,0.0,0.0,0,0.0,0.0,0.0,1.191152399999737,21019,0,200,0.01909423439673892,2.5329601990049753
0.0,7.5,2.0,0.000625,0.013548467369508457,0.012345679012345678,240,0.999721293199554,55.0,0.0625,0.9375,3.4375,3.4375,0.0,0.0,2.0,0.22916666666666666,0.0,0.0031465057346387344,0.0625,18.0,0.9375,0.0004736717274537655,0.00047367168491117606,0.29924383059825255,0.03990315303358613,3.2316542288557213,4.82089552238806,25.104477611940297,51.70646766169154,0.09421641791044776,155.39704268883702,3.2316542288557213,0.9057835820895522,0.9057835820895522,0.0,0.0,2.1641791044776117,0.21544361525704803,1.1791044776119404,6.970872864996301,791.430639545302,49.46441497158138,0.0,0.0019169977353907482,alf,alf,1.3111209246851816,36.0,16,0.000625,0.0,0.0,0.0,0.5,0.8994133896123235,0.0004736717274537655,0.75,0.0,0.0,0,0.0,0.00047367168491117606,0.004346709878701683,1.2570078000003377,21000,0,200,0.028236750677754045,3.7213930348258706
0.0,7.5,1.0,0.0003125,0.02382091809604915,0.012345679012345678,240,0.9999370277078086,67.0,0.0,1.0,4.1875,4.1875,1.0,1.0,1.0,0.2791666666666667,1.0,0.17824676155698282,0.0,18.0,1.0,0.0005759830470336311,0.0005759749165626982,0.3017685205811737,0.05477972034400114,3.9287935323383083,5.184701492537314,27.604477611940297,62.86069651741293,0.14676616915422885,169.5481139205405,3.9287935323383083,0.8532338308457711,0.8532338308457711,0.9253731343283582,0.9253731343283582,1.5970149253731343,0.26191956882255435,0.8152985074626866,7.337195639272184,863.5014535155779,53.968840844723616,0.5422885572139303,0.08976089363966884,alf,alf,0.7423888683715184,36.0,16,0.0003125,0.0,0.0,0.0,0.5,0.7335375021150438,0.0005759830470336311,0.7795398009950248,0.0,0.0,0,0.0,0.0005759749165626982,0.0056534802049653535,1.2479864000001726,21001,0,200,0.019542261580662145,4.5752487562189055
0.0,7.5,1.0,0.0021875,0.010159036003070592,0.012345679012345678,240,0.9992774261603375,66.0,0.0,1.0,4.125,4.125,1.0,1.0,1.0,0.275,1.0,0.4155540675318959,0.0,18.0,1.0,0.000714745962155614,0.0007091314391311993,0.3873914012029405,0.025742591945362225,3.967350746268657,5.042910447761194,26.164800995024876,63.47761194029851,0.012437810945273632,167.73071976733914,3.967350746268657,0.9875621890547264,0.9875621890547264,0.9353233830845771,0.945273631840796,1.199004975124378,0.2644900497512429,0.957089552238806,7.301933580969007,854.2455410986722,53.390346318667014,0.9203980099502488,0.36873200049674987,alf,alf,0.8232241631334404,36.0,16,0.0021875,0.0,0.0,0.0,0.5,0.92039276691244,0.000714745962155614,0.625,0.0,0.000625,2,0.005235602094240838,0.0007091314391311993,0.0046196326380815046,1.220448199999737,21002,0,200,0.036429539971642416,4.472014925373134
0.0,7.5,1.0,0.000625,0.025302183064218185,0.012345679012345678,240,0.9998137505321414,40.0,0.0,1.0,2.5,2.5,1.0,1.0,1.0,0.16666666666666666,1.0,0.22725398442758546,0.0,18.0,1.0,0.0013306525846061657,0.0013306525836673808,0.06905460260884631,0.04097863742568824,2.4368781094527363,5.748134328358209,33.358830845771145,38.99004975124378,0.04415422885572139,174.51410853597412,2.4368781094527363,0.9558457711442786,0.9508706467661692,0.7412935323383084,0.7412935323383084,1.492537313432836,0.16245854063018278,0.251865671641791,7.451022377675685,888.7930564088259,55.54956602555162,0.7412935323383084,0.1691620069860267,alf,alf,1.8134174287994451,36.0,16,0.000625,0.0,0.0,0.0,0.5,0.9675283902858796,0.0013306525846061657,0.75,0.0,0.0,0,0.0,0.0013306525836673808,0.009654745203211539,1.1855443999997988,21003,0,200,0.02050690701079543,2.718283582089552
0.0,7.5,1.0,0.000625,0.03192342050603518,0.012345679012345678,240,0.9997383568812139,48.0,0.0,1.0,3.0,3.0,1.0,1.0,1.0,0.2,1.0,0.1709533268618769,0.0,18.0,1.0,0.0,0.0,0.24277864409296798,0.0,2.7742537313432836,5.376243781094527,29.138681592039802,44.38805970149254,0.09359452736318408,176.71458676442586,2.7742537313432836,0.9064054726368159,0.9064054726368159,0.9253731343283582,0.9253731343283582,1.5671641791044777,0.18495024875621907,0.6237562189054726,7.5,900.0,56.25,0.7860696517412935,0.12964275082021454,alf,alf,1.9009519549071987,36.0,16,0.0003125,0.0,0.0,0.0,0.5,0.930024058076019,0.0,1.0,0.0,0.0,0,0.0,0.0,0.0,1.1834878999998182,21004,0,200,0.017658752821554317,3.262437810945274
0.0,7.5,1.0,0.000625,0.021125896335377356,0.012345679012345678,240,0.999790619765494,44.0,0.0,1.0,2.75,2.75,1.0,1.0,1.0,0.18333333333333332,1.0,0.12770265576967768,0.0,18.0,1.0,0.0,0.0,0.18924345932031386,5.551115123125783e-17,2.6178482587064678,5.5,30.625,41.885572139303484,0.0740049751243781,175.09470305241862,2.6178482587064678,0.9259950248756219,0.9259950248756219,0.9353233830845771,0.9353233830845771,1.3582089552238805,0.1745232172470978,0.5,7.464262701892249,891.75,55.734375,0.7910447761194029,0.10553812244425222,alf,alf,0.673106222202849,36.0,16,0.000625,0.0,0.0,0.0,0.5,0.8827859498205903,0.0,0.9375,0.0,0.0,0,0.0,0.0,0.0,1.1812600999996903,21005,0,200,0.02159612146881947,3.1592039800995027
0.0,7.5,1.0,0.0,0.013231746050006828,0.012345679012345678,240,1.0,40.0,0.0,1.0,2.5,2.5,1.0,1.0,1.0,0.16666666666666666,1.0,0.18283827330863306,0.0,18.0,1.0,0.0,0.0,0.06978168857206506,0.0,2.4421641791044775,5.749378109452737,33.2431592039801,39.07462686567164,0.043843283582089554,176.71458676442586,2.4421641791044775,0.9561567164179104,0.9561567164179104,0.8656716417910447,0.8656716417910447,1.3980099502487562,0.16281094527363224,0.2506218905472637,7.5,900.0,56.25,0.8308457711442786,0.15197752959170877,alf,alf,1.4110320928289972,36.0,16,0.0,0.0,0.0,0.0,0.5,0.9707137629412066,0.0,1.0,0.0,0.0,0,0.0,0.0,0.0,1.1970830999998725,21006,0,200,0.015289414725277633,2.7860696517412937
0.0,7.5,1.0,0.000625,0.010712661464007366,0.012345679012345678,240,0.999791340636411,38.0,0.0,1.0,2.375,2.375,1.0,1.0,1.0,0.15833333333333333,1.0,0.08635124680075357,0.0,18.0,1.0,0.0,0.0,0.08097262443998911,0.0,2.343283582089552,5.625,31.875,37.492537313432834,0.058768656716417914,176.71458676442586,2.343283582089552,0.941231343283582,0.941231343283582,0.9751243781094527,0.9751243781094527,1.1940298507462686,0.15621890547263764,0.375,7.5,900.0,56.25,0.8308457711442786,0.07166946785789093,alf,alf,2.418630477183995,36.0,16,0.000625,0.0,0.0,0.0,0.5,0.9668269039411297,0.0,1.0,0.0,0.0,0,0.0,0.0,0.0,1.2321717999998327,21007,0,200,0.010353496264161753,2.53544776119403
0.0,7.5,2.0,0.0,0.008377829485991455,0.012345679012345678,240,1.0,45.0,0.0625,0.9375,2.8125,2.8125,0.0,0.0,2.0,0.1875,0.0,0.008344416661828629,0.0625,18.0,0.9375,0.0005360594716167105,0.0002144237866815382,0.18241194524887996,0.01310723487777055,2.6803482587064678,5.357587064676617,29.32587064676617,42.885572139303484,0.0929726368159204,171.55493261734043,2.6803482587064678,0.9070273631840796,0.902363184079602,0.0,0.0,2.2786069651741294,0.17868988391376453,0.6424129353233831,7.386209598082377,873.7220972110962,54.60763107569351,0.0,0.006875345269272504,alf,alf,1.0811946079838228,36.0,16,0.0,0.0,0.0,0.0,0.5,0.9710572538513993,0.0005360594716167105,0.6878109452736318,0.0,0.0003125,1,0.002688172043010753,0.0002144237866815382,0.002540273811394328,1.1993936999997459,21008,0,200,0.018389206635030075,3.404228855721393
0.0,7.5,1.0,0.0,0.020034687551636145,0.012345679012345678,240,1.0,56.0,0.0,1.0,3.5,3.5,1.0,1.0,1.0,0.23333333333333334,1.0,0.1659756409888231,0.0,18.0,1.0,0.0,0.0,0.379012895720403,0.0,3.1355721393034828,5.487562189054726,30.36318407960199,50.169154228855724,0.20242537313432835,176.71458676442586,3.1355721393034828,0.7975746268656716,0.7975746268656716,0.9253731343283582,0.9253731343283582,1.9950248756218905,0.20903814262023224,0.5124378109452736,7.5,900.0,56.25,0.3681592039800995,0.06097861305334508,alf,alf,1.1119145973482563,36.0,16,0.0,0.0,0.0,0.0,0.5,0.594801431216505,0.0,1.0,0.0,0.0,0,0.0,0.0,0.0,1.278465999999753,21009,0,200,0.037385532505676625,3.3606965174129355
0.0,7.5,1.0,0.000625,0.040700472631830395,0.012345679012345678,240,0.999788023317435,42.0,0.0,1.0,2.625,2.625,1.0,1.0,1.0,0.175,1.0,0.16454221844209474,0.0,18.0,1.0,0.0,0.0,0.1903913269473528,0.0,2.326492537313433,5.548507462686567,31.03358208955224,37.223880597014926,0.23818407960199006,176.71458676442586,2.326492537313433,0.7618159203980099,0.7618159203980099,0.7313432835820896,0.7313432835820896,2.0597014925373136,0.15509950248756263,0.45149253731343286,7.5,900.0,56.25,0.3283582089552239,0.049703332701349925,alf,alf,1.1909115865246187,36.0,16,0.000625,0.0,0.0,0.0,0.5,0.6063383595492692,0.0,1.0,0.0,0.0,0,0.0,0.0,0.0,1.1947932999996738,21010,0,200,0.028070082053917374,2.671641791044776
0.0,7.5,1.0,0.00125,0.012095322658644497,0.012345679012345678,240,0.9992888748419722,44.0,0.0,1.0,2.75,2.75,1.0,1.0,1.0,0.18333333333333332,1.0,0.1285961627904265,0.0,18.0,1.0,0.0001786864905389035,0.00017868648286289008,0.14503663275661494,0.014329965608654375,2.623134328358209,5.649875621890548,32.24875621890547,41.97014925373134,0.07773631840796019,175.48808718798256,2.623134328358209,0.9222636815920398,0.9222636815920398,0.835820895522388,0.835820895522388,1.4129353233830846,0.17487562189054717,0.35012437810945274,7.472974779471647,893.7534889506859,55.85959305941787,0.8109452736318408,0.10346016487175906,alf,alf,2.0022003586590387,36.0,16,0.0009375,0.0,0.0,0.0,0.5,0.8562935262034305,0.0001786864905389035,0.9499378109452736,0.0,0.0,0,0.0,0.00017868648286289008,0.002318942114567159,1.151062599999932,21011,0,200,0.013297177783666785,3.0441542288557213
0.0,7.5,1.0,0.0,0.021253574216110644,0.012345679012345678,240,1.0,53.0,0.0,1.0,3.3125,3.3125,1.0,1.0,1.0,0.22083333333333333,1.0,0.2567156018825993,0.0,18.0,1.0,0.0011519660940672622,0.0011519660932545423,0.4133994208064157,0.035475827005168506,3.014925373134328,4.881218905472637,24.814676616915424,48.23880597014925,0.1287313432835821,162.78777756631845,3.014925373134328,0.871268656716418,0.871268656716418,0.3880597014925373,0.3880597014925373,1.9701492537313432,0.2009950248756217,1.118781094527363,7.1738572360506225,829.071343187953,51.81695894924706,0.3880597014925373,0.1022843310022434,alf,alf,0.3284770887410736,36.0,16,0.0,0.0,0.0,0.0,0.5,0.9203631773277449,0.0011519660940672622,0.6881218905472637,0.0,0.0,0,0.0,0.0011519660932545423,0.007995228381266371,1.1474460999997973,21012,0,200,0.031211080261074695,3.5472636815920398
0.0,7.5,1.0,0.000625,0.02303124530207716,0.012345679012345678,240,0.9998166771422585,44.0,0.0,1.0,2.75,2.75,1.0,1.0,1.0,0.18333333333333332,1.0,0.23027846565784355,0.0,18.0,1.0,0.0,0.0,0.04892824435038737,5.551115123125783e-17,2.7154850746268657,5.625,32.0,43.44776119402985,0.013992537313432836,175.09470305241862,2.7154850746268657,0.9860074626865671,0.9860074626865671,0.9104477611940298,0.9104477611940298,1.1492537313432836,0.18103233830845747,0.375,7.464262701892249,891.75,55.734375,0.9104477611940298,0.20987205474194648,alf,alf,2.326844076614802,36.0,16,0.000625,0.0,0.0,0.0,0.5,0.9779863505617467,0.0,0.9375,0.0,0.0,0,0.0,0.0,0.0,1.1699851999997009,21013,0,200,0.01078281797962088,3.1902985074626864
0.0,7.5,1.0,0.001875,0.029424590860953153,0.012345679012345678,240,0.9992337772141195,42.0,0.0,1.0,2.625,2.625,1.0,1.0,1.0,0.175,1.0,0.24343929487498744,0.0,18.0,1.0,0.001072118943233421,0.0004767205059524257,0.3178448553253632,0.009289580359270725,2.445273631840796,5.519278606965174,30.817786069651742,39.124378109452735,0.09203980099502487,175.3404995760458,2.445273631840796,0.9079601990049752,0.9073383084577115,0.8706467661691543,0.8706467661691543,1.4776119402985075,0.16301824212272012,0.48072139303482586,7.469774423679011,893.0018314153622,55.812614463460136,0.7960199004975125,0.17046866449520096,alf,alf,1.9700655228765345,36.0,16,0.001875,0.0,0.0,0.0,0.5,0.9512011452891436,0.001072118943233421,0.9375,0.0,0.0015625,5,0.02512562814070352,0.0004767205059524257,0.003787703768283452,1.206694200000129,21014,0,200,0.025062399893808533,2.771144278606965
0.0,7.5,1.0,0.0,0.009284538082251463,0.012345679012345678,240,1.0,52.0,0.0,1.0,3.25,3.25,1.0,1.0,1.0,0.21666666666666667,1.0,0.3583668587640189,0.0,18.0,1.0,0.0032562804051171836,0.0012882546655022826,0.354081582139056,0.05983030723918965,3.00342039800995,5.183457711442786,27.771144278606965,48.0547263681592,0.07773631840796019,167.24029158778757,3.00342039800995,0.9222636815920398,0.9222636815920398,0.8507462686567164,0.8507462686567164,1.4825870646766168,0.2002280265339964,0.8165422885572139,7.275255038423857,851.747810890442,53.234238180652625,0.746268656716418,0.2391964272603665,alf,alf,3.134786509732627,36.0,16,0.0,0.0,0.0,0.0,0.5,0.8240668726472306,0.0032562804051171836,0.7503109452736318,0.0,0.0040625,13,0.021848739495798318,0.0012882546655022826,0.007321910315561077,1.1697792999998455,21015,0,200,0.028088309223833458,3.5907960199004973
0.0,7.5,1.0,0.0,0.030850650881839806,0.012345679012345678,240,1.0,43.0,0.0,1.0,2.6875,2.6875,1.0,1.0,1.0,0.17916666666666667,1.0,0.2286350248680647,0.0,18.0,1.0,0.000357372981077807,0.0003573484797244414,0.1613914259548031,0.03336921723264326,2.468594527363184,5.249378109452737,27.98134328358209,39.49751243781095,0.13370646766169153,173.769971566448,2.468594527363184,0.8662935323383084,0.865360696517413,0.9054726368159204,0.9054726368159204,1.6169154228855722,0.16457296849087918,0.7506218905472637,7.43510369198122,885.0031979436257,55.3126998714766,0.5024875621890548,0.11368370203970933,alf,alf,1.3373894555014036,36.0,16,0.0,0.0,0.0,0.0,0.5,0.7858638966394239,0.000357372981077807,0.880907960199005,0.0,0.0,0,0.0,0.0003573484797244414,0.0032794793810715568,1.147524400000293,21016,0,200,0.018540510791948864,2.7450248756218905
0.0,7.5,1.0,0.00125,0.017645642282504384,0.012345679012345678,240,0.9996048055643376,50.0,0.0,1.0,3.125,3.125,1.0,1.0,1.0,0.20833333333333334,1.0,0.2693067651655087,0.0,18.0,1.0,0.0005759830470336311,0.000575983044326269,0.22206752308111186,0.035753962647874914,2.933146766169154,5.38681592039801,29.84452736318408,46.930348258706466,0.0960820895522388,169.36764117714594,2.933146766169154,0.9039179104477612,0.9008084577114428,0.835820895522388,0.835820895522388,1.7810945273631842,0.19554311774461028,0.6131840796019901,7.329376083226044,862.5823133810308,53.91139458631442,0.5124378109452736,0.13533754805707937,alf,alf,0.7142911261465944,36.0,16,0.00125,0.0,0.0,0.0,0.5,0.8684692892735149,0.0005759830470336311,0.818407960199005,0.0,0.0,0,0.0,0.000575983044326269,0.005653480205528598,1.1876719000001685,21017,0,200,0.024920349313385257,3.6977611940298507
0.0,7.5,1.0,0.001875,0.009032557219572197,0.012345679012345678,240,0.9994338624338625,50.0,0.0,1.0,3.125,3.125,1.0,1.0,1.0,0.20833333333333334,1.0,0.3132738989685988,0.0,18.0,1.0,0.0003972965564947276,0.0003972965561832875,0.2218787901289572,0.013335207673842279,2.9916044776119404,5.248756218905473,28.488805970149254,47.865671641791046,0.1044776119402985,166.8158773853708,2.9916044776119404,0.8955223880597015,0.8302238805970149,0.7512437810945274,0.7512437810945274,1.8109452736318408,0.19944029850746273,0.7512437810945274,7.281227691832282,849.5862871069851,53.09914294418657,0.6710199004975125,0.2079149565802742,alf,alf,1.1520928404050428,36.0,16,0.001875,0.0,0.0,0.0,0.5,0.9096071660205804,0.0003972965564947276,0.625,0.0,0.0,0,0.0,0.0003972965561832875,0.005156000960394638,1.2208362999999736,21018,0,200,0.012301825056493737,3.5727611940298507
0.0,7.5,1.0,0.0003125,0.013938242639170137,0.012345679012345678,240,0.9998937752283834,35.0,0.0,1.0,2.1875,2.1875,1.0,1.0,1.0,0.14583333333333334,1.0,0.14409418057372408,0.0,18.0,1.0,0.0,0.0,0.08002895967921586,5.551115123125783e-17,2.1184701492537314,5.625,32.0,33.8955223880597,0.03171641791044776,175.09470305241862,2.1184701492537314,0.9682835820895522,0.9682835820895522,0.8905472636815921,0.8905472636815921,1.373134328358209,0.14123134328358172,0.375,7.464262701892249,891.75,55.734375,0.8905472636815921,0.12714543702018646,alf,alf,1.8822051541619411,36.0,16,0.0003125,0.0,0.0,0.0,0.5,0.9462326678324211,0.0,0.9375,0.0,0.0,0,0.0,0.0,0.0,1.1056436000003487,21019,0,200,0.018169135594311967,2.442786069651741
0.0,7.6,2.0,0.000625,0.013588332278261516,0.012345679012345678,240,0.999721293199554,55.0,0.0625,0.9375,3.4375,3.4375,0.0,0.0,2.0,0.22916666666666666,0.0,0.0031465057346387344,0.0625,18.0,0.9375,0.0004736717274537655,0.00047367167493204965,0.29510098759931686,0.040384571742086366,3.2475124378109452,4.821517412935323,25.103855721393035,51.960199004975124,0.09421641791044776,158.98615599467058,3.2475124378109452,0.9057835820895522,0.9057835820895522,0.0,0.0,2.1641791044776117,0.21650082918739622,1.1784825870646767,7.046815495210327,809.7098435113917,50.60686521946198,0.0,0.0020502981387527505,alf,alf,1.3111209246851816,36.0,16,0.000625,0.0,0.0,0.0,0.5,0.8999586321768769,0.0004736717274537655,0.75,0.0,0.0,0,0.0,0.00047367167493204965,0.004346709878701674,1.2290870000001632,21000,0,200,0.028216243592131113,3.718283582089552
0.0,7.6,1.0,0.000625,0.023132096687874436,0.012345679012345678,240,0.999884550797649,66.0,0.0,1.0,4.125,4.125,1.0,1.0,1.0,0.275,1.0,0.17824676155698282,0.0,18.0,1.0,0.000607233047033631,0.0006072212890223894,0.3030865572634341,0.05765693331733711,3.916355721393035,5.186567164179104,27.619402985074625,62.66169154228856,0.14738805970149255,173.3342895231257,3.916355721393035,0.8526119402985075,0.8526119402985075,0.9253731343283582,0.9253731343283582,1.5970149253731343,0.26109038142620156,0.8134328358208955,7.4172420735938,882.7842875176698,55.17401796985436,0.5373134328358209,0.09212814035624332,alf,alf,0.7423888683715184,36.0,16,0.000625,0.0,0.0,0.0,0.5,0.7480028697118614,0.000607233047033631,0.7804726368159204,0.0,0.0,0,0.0,0.0006072212890223894,0.005831571189009783,1.220642400000088,21001,0,200,0.018753225124760842,4.573383084577115
0.0,7.6,1.0,0.001875,0.01003304260108757,0.012345679012345678,240,0.9993833017077799,66.0,0.0,1.0,4.125,4.125,1.0,1.0,1.0,0.275,1.0,0.4155540675318959,0.0,18.0,1.0,0.0004198729810778068,0.00041987298031320063,0.37849929457191656,0.020913815812208428,3.968594527363184,5.135572139303482,27.003731343283583,63.49751243781095,0.012437810945273632,173.42642984925087,3.968594527363184,0.9875621890547264,0.9875621890547264,0.9402985074626866,0.9502487562189055,1.1940298507462686,0.264572968490878,0.8644278606965174,7.424112910421018,883.2535543452192,55.2033471465762,0.9203980099502488,0.3671120812780977,alf,alf,0.8232241631334404,36.0,16,0.001875,0.0,0.0,0.0,0.5,0.9195687326090584,0.0004198729810778068,0.625,0.0,0.0,0,0.0,0.00041987298031320063,0.0038530187234554216,1.2892961000002288,21002,0,200,0.035825081644164695,4.470771144278607
0.0,7.6,1.0,0.000625,0.025735230904145742,0.012345679012345678,240,0.9998138099797852,40.0,0.0,1.0,2.5,2.5,1.0,1.0,1.0,0.16666666666666666,1.0,0.22725398442758546,0.0,18.0,1.0,0.0014244025846061653,0.0014244025836012376,0.07136271379421301,0.043865752592413154,2.441542288557214,5.748134328358209,33.358830845771145,39.06467661691542,0.043843283582089554,178.9142708309134,2.441542288557214,0.9561567164179104,0.951181592039801,0.7412935323383084,0.7412935323383084,1.4875621890547264,0.16276948590381463,0.251865671641791,7.543839541855382,911.2028989575032,56.95018118484395,0.7412935323383084,0.16922234886887394,alf,alf,1.8134174287994451,36.0,16,0.000625,0.0,0.0,0.0,0.5,0.9684353756752344,0.0014244025846061653,0.75,0.0,0.0,0,0.0,0.0014244025836012376,0.010175083601006798,1.221398500000305,21003,0,200,0.020299958185449173,2.8955223880597014
0.0,7.6,1.0,0.00125,0.028547500799771468,0.012345679012345678,240,0.9994508942579228,44.0,0.0,1.0,2.75,2.75,1.0,1.0,1.0,0.18333333333333332,1.0,0.12413827784579826,0.0,18.0,1.0,0.0,0.0,0.15821699957921834,0.0,2.554726368159204,5.376243781094527,29.138681592039802,40.875621890547265,0.15702736318407962,181.45839167134702,2.554726368159204,0.8429726368159204,0.8429726368159204,0.9353233830845771,0.9353233830845771,2.009950248756219,0.1703150912106138,0.6237562189054726,7.59999999999998,924.1600000000028,57.760000000000176,0.20398009950248755,0.014859594297520248,alf,alf,1.9431067467724012,36.0,16,0.00125,0.0,0.0,0.0,0.5,0.9219137561572034,0.0,1.0,0.0,0.0,0,0.0,0.0,0.0,1.2332718000002387,21004,0,200,0.012853736514310952,2.7686567164179103
0.0,7.6,1.0,0.00125,0.021818308503371076,0.012345679012345678,240,0.9993980318257956,43.0,0.0,1.0,2.6875,2.6875,1.0,1.0,1.0,0.17916666666666667,1.0,0.14555909983844642,0.0,18.0,1.0,0.0,0.0,0.16943578129254228,5.551115123125783e-17,2.575559701492537,5.5,30.625,41.208955223880594,0.07680348258706468,179.54202015265602,2.575559701492537,0.9231965174129353,0.9231965174129353,0.9303482587064676,0.9303482587064676,1.3681592039800996,0.17170398009950275,0.5,7.558012701892249,914.3999999999967,57.14999999999979,0.7810945273631841,0.10841099243822103,alf,alf,0.673106222202849,36.0,16,0.00125,0.0,0.0,0.0,0.5,0.8827016153809104,0.0,0.9375,0.0,0.0,0,0.0,0.0,0.0,1.2649967000002107,21005,0,200,0.01992452189750492,2.9838308457711444
0.0,7.6,1.0,0.0,0.013368814052308562,0.012345679012345678,240,1.0,42.0,0.0,1.0,2.625,2.625,1.0,1.0,1.0,0.175,1.0,0.18276018240875133,0.0,18.0,1.0,0.0,0.0,0.10499121308878494,0.0,2.542910447761194,5.749378109452737,33.2431592039801,40.6865671641791,0.04322139303482587,181.45839167134702,2.542910447761194,0.9567786069651741,0.9567786069651741,0.8656716417910447,0.8656716417910447,1.3880597014925373,0.1695273631840799,0.2506218905472637,7.59999999999998,924.1600000000028,57.760000000000176,0.835820895522388,0.15281542177358667,alf,alf,1.4110320928289972,36.0,16,0.0,0.0,0.0,0.0,0.5,0.9708558174480717,0.0,1.0,0.0,0.0,0,0.0,0.0,0.0,1.176296800000273,21006,0,200,0.015001337222606093,2.697139303482587
0.0,7.6,1.0,0.000625,0.010917138805213292,0.012345679012345678,240,0.999791340636411,38.0,0.0,1.0,2.375,2.375,1.0,1.0,1.0,0.15833333333333333,1.0,0.08617600284245354,0.0,18.0,1.0,0.0,0.0,0.03414519442588055,0.0,2.3837064676616917,5.625,31.875,38.13930348258707,0.00404228855721393,181.45839167134702,2.3837064676616917,0.9959577114427861,0.9959577114427861,0.9751243781094527,0.9751243781094527,1.044776119402985,0.15891376451078024,0.375,7.59999999999998,924.1600000000028,57.760000000000176,0.9751243781094527,0.08501784617166185,alf,alf,2.418630477183995,36.0,16,0.000625,0.0,0.0,0.0,0.5,0.9696885096994391,0.0,1.0,0.0,0.0,0,0.0,0.0,0.0,1.2150609999998778,21007,0,200,0.009992165807499327,2.601990049751244
0.0,7.6,2.0,0.0,0.008374983568192124,0.012345679012345678,240,1.0,45.0,0.0625,0.9375,2.8125,2.8125,0.0,0.0,2.0,0.1875,0.0,0.008344416661828629,0.0625,18.0,0.9375,0.0006298094716167101,0.0002519237863378576,0.17908900769782926,0.015399523951751379,2.6847014925373136,5.357587064676617,29.32587064676617,42.95522388059702,0.09203980099502487,175.35400621709235,2.6847014925373136,0.9079601990049752,0.9014303482587065,0.0,0.0,2.283582089552239,0.17898009950248753,0.6424129353233831,7.466309100573013,893.0706201733502,55.81691376083439,0.0,0.006934803464024261,alf,alf,1.0811946079838228,36.0,16,0.0,0.0,0.0,0.0,0.5,0.9710034122900187,0.0006298094716167101,0.6878109452736318,0.0,0.0003125,1,0.002688172043010753,0.0002519237863378576,0.0029845354697136377,1.245669700000235,21008,0,200,0.018360642371213286,3.3134328358208953
0.0,7.6,1.0,0.00125,0.0197585797021275,0.012345679012345678,240,0.9996060510557832,50.0,0.0,1.0,3.125,3.125,1.0,1.0,1.0,0.20833333333333334,1.0,0.12375064927224567,0.0,18.0,1.0,0.0,0.0,0.2221727184970669,0.0,2.8507462686567164,5.5111940298507465,30.62313432835821,45.61194029850746,0.26616915422885573,181.45839167134702,2.8507462686567164,0.7338308457711443,0.7338308457711443,0.9253731343283582,0.9253731343283582,2.2786069651741294,0.1900497512437811,0.48880597014925375,7.59999999999998,924.1600000000028,57.760000000000176,0.1890547263681592,0.023437725928302705,alf,alf,1.1119145973482563,36.0,16,0.0009375,0.0,0.0,0.0,0.5,0.5336239577274852,0.0,1.0,0.0,0.0,0,0.0,0.0,0.0,1.2733385999999882,21009,0,200,0.03519707193380944,3.166044776119403
0.0,7.6,1.0,0.00125,0.040384874309801394,0.012345679012345678,240,0.9995761813943632,42.0,0.0,1.0,2.625,2.625,1.0,1.0,1.0,0.175,1.0,0.18097372178998536,0.0,18.0,1.0,0.0,0.0,0.20066953788272568,0.0,2.3725124378109452,5.516791044776119,30.684701492537314,37.960199004975124,0.22014925373134328,181.45839167134702,2.3725124378109452,0.7798507462686567,0.7798507462686567,0.7313432835820896,0.7313432835820896,1.9950248756218905,0.15816749585406348,0.4832089552238806,7.59999999999998,924.1600000000028,57.760000000000176,0.3781094527363184,0.06080213463981995,alf,alf,1.1909115865246187,36.0,16,0.00125,0.0,0.0,0.0,0.5,0.6457993555404811,0.0,1.0,0.0,0.0,0,0.0,0.0,0.0,1.2530365000002348,21010,0,200,0.028899140356006176,2.8781094527363185
0.0,7.6,1.0,0.001875,0.010452925632055137,0.012345679012345678,240,0.9990248787687119,46.0,0.0,1.0,2.875,2.875,1.0,1.0,1.0,0.19166666666666668,1.0,0.15025719037551927,0.0,18.0,1.0,0.0002099364905389034,0.0002099364839644527,0.18652694240241577,0.01641882689902021,2.691542288557214,5.648009950248756,32.23009950248756,43.06467661691542,0.07369402985074627,179.97850440917165,2.691542288557214,0.9263059701492538,0.9263059701492538,0.8258706467661692,0.8258706467661692,1.407960199004975,0.1794361525704813,0.35199004975124376,7.5676217352311355,916.6229960641967,57.288937254012296,0.8258706467661692,0.11535942221000813,alf,alf,2.0022003586590387,36.0,16,0.0015625,0.0,0.0,0.0,0.5,0.8592688109657842,0.0002099364905389034,0.9490049751243781,0.0,0.0,0,0.0,0.0002099364839644527,0.0027244956673940627,1.2221002999999655,21011,0,200,0.013184874481921623,3.0752487562189055
0.0,7.6,1.0,0.0,0.020720299804488137,0.012345679012345678,240,1.0,53.0,0.0,1.0,3.3125,3.3125,1.0,1.0,1.0,0.22083333333333333,1.0,0.2567156018825993,0.0,18.0,1.0,0.001214466094067262,0.0012144660932104474,0.4000983886537462,0.03740057044965183,3.025497512437811,4.880597014925373,24.807835820895523,48.407960199004975,0.12624378109452736,166.07749383105585,3.025497512437811,0.8737562189054726,0.8737562189054726,0.39303482587064675,0.39303482587064675,1.9601990049751243,0.20169983416252055,1.1194029850746268,7.243229126597491,845.8257305448413,52.864108159052584,0.39303482587064675,0.10371347342511741,alf,alf,0.3284770887410736,36.0,16,0.0,0.0,0.0,0.0,0.5,0.9211109369740597,0.001214466094067262,0.6881218905472637,0.0,0.0,0,0.0,0.0012144660932104474,0.008247087066987884,1.2632717000001321,21012,0,200,0.03086599110288234,3.4483830845771144
0.0,7.6,1.0,0.000625,0.021253104052983224,0.012345679012345678,240,0.9998166771422585,44.0,0.0,1.0,2.75,2.75,1.0,1.0,1.0,0.18333333333333332,1.0,0.23027846565784355,0.0,18.0,1.0,0.0,0.0,0.042644365238484194,5.551115123125783e-17,2.719216417910448,5.625,32.0,43.507462686567166,0.012748756218905472,179.54202015265602,2.719216417910448,0.9872512437810945,0.9872512437810945,0.9104477611940298,0.9104477611940298,1.1393034825870647,0.18128109452736293,0.375,7.558012701892249,914.3999999999967,57.14999999999979,0.9104477611940298,0.20994047771294405,alf,alf,2.326844076614802,36.0,16,0.000625,0.0,0.0,0.0,0.5,0.9792238688215255,0.0,0.9375,0.0,0.0,0,0.0,0.0,0.0,1.2641837000001033,21013,0,200,0.010559196022178544,3.1865671641791047
0.0,7.6,1.0,0.001875,0.027818299942540436,0.012345679012345678,240,0.99923426277989,43.0,0.0,0.9375,2.6875,2.6875,0.0,1.0,2.0,0.17916666666666667,0.0625,0.2984551530206105,0.0,18.0,1.0,0.0008397459621556136,0.0001733861275507978,0.35339162396970375,0.002906964847391392,2.4449626865671643,5.503109452736318,30.656094527363184,39.11940298507463,0.11971393034825871,179.5879663405824,2.4449626865671643,0.8802860696517413,0.8156094527363185,0.05970149253731343,0.8756218905472637,2.4776119402985075,0.16299751243781116,0.4968905472636816,7.559057162043151,914.6340020135874,57.16462512584921,0.0830223880597015,0.19724517912708825,alf,alf,1.9700655228765345,36.0,16,0.001875,0.0,0.0,0.0,0.5,0.9547248952985615,0.0008397459621556136,0.9375,0.0,0.0009375,3,0.01507537688442211,0.0001733861275507978,0.0024759925227238904,1.2489587000000029,21014,0,200,0.02393242591020764,2.548507462686567
0.0,7.6,1.0,0.0003125,0.009445166917000957,0.012345679012345678,240,0.9999366085578447,52.0,0.0,1.0,3.25,3.25,1.0,1.0,1.0,0.21666666666666667,1.0,0.3583668587640189,0.0,18.0,1.0,0.003756280405117182,0.001434533944939063,0.3513712531868023,0.06340598514010569,2.9912935323383083,5.189054726368159,27.821517412935325,47.86069651741293,0.07493781094527363,171.29697934089535,2.9912935323383083,0.9250621890547264,0.9163557213930348,0.8407960199004975,0.8557213930348259,1.507462686567164,0.19941956882255363,0.8109452736318408,7.361470790781187,872.4083519620407,54.52552199762754,0.7391169154228856,0.23662446310531457,alf,alf,3.137059129557579,36.0,16,0.0003125,0.0,0.0,0.0,0.5,0.828391266868854,0.003756280405117182,0.7503109452736318,0.0,0.0040625,13,0.021848739495798318,0.001434533944939063,0.007958358700594113,1.270657300000039,21015,0,200,0.02767146727937491,3.580223880597015
0.0,7.6,1.0,0.0,0.012295765490532322,0.012345679012345678,240,1.0,45.0,0.0,1.0,2.8125,2.8125,1.0,1.0,1.0,0.1875,1.0,0.2585997185981849,0.0,18.0,1.0,0.0004198729810778068,0.00041982423117654986,0.13147261206405783,0.03873503540580219,2.5628109452736316,5.242537313432836,27.899875621890548,41.004975124378106,0.138681592039801,178.0695597481179,2.5628109452736316,0.861318407960199,0.8603855721393034,0.9154228855721394,0.9154228855721394,1.626865671641791,0.17085406301824213,0.7574626865671642,7.525842892646349,906.9008207395381,56.68130129622113,0.47761194029850745,0.11144930010504028,alf,alf,1.3373894555014036,36.0,16,0.0,0.0,0.0,0.0,0.5,0.7710536261964704,0.0004198729810778068,0.8840174129353234,0.0,0.0,0,0.0,0.00041982423117654986,0.0038530186974847797,1.2054053000001659,21016,0,200,0.016907526226522415,2.7338308457711444
0.0,7.6,1.0,0.00125,0.012315465396808794,0.012345679012345678,240,0.9996050552922591,50.0,0.0,1.0,3.125,3.125,1.0,1.0,1.0,0.20833333333333334,1.0,0.2693067651655087,0.0,18.0,1.0,0.000607233047033631,0.0006072330444648061,0.21979653968961163,0.036980018302841026,2.962686567164179,5.3861940298507465,29.83955223880597,47.40298507462686,0.08084577114427861,173.23754500569285,2.962686567164179,0.9191542288557214,0.9160447761194029,0.8407960199004975,0.8407960199004975,1.6616915422885572,0.19751243781094519,0.6138059701492538,7.410892518006354,882.2915717363426,55.14322323352141,0.5920398009950248,0.15795527715087754,alf,alf,0.707741999427552,36.0,16,0.00125,0.0,0.0,0.0,0.5,0.8704696236166566,0.000607233047033631,0.8180970149253731,0.0,0.0,0,0.0,0.0006072330444648061,0.005831571190103015,1.2265222000000904,21017,0,200,0.022634035375025993,3.6299751243781095
0.0,7.6,1.0,0.00125,0.00906865862632186,0.012345679012345678,240,0.9996034263959391,52.0,0.0,1.0,3.25,3.25,1.0,1.0,1.0,0.21666666666666667,1.0,0.32819027230492415,0.0,18.0,1.0,0.0003972965564947276,0.0003972965561832875,0.193841117794114,0.013335207673842279,3.0603233830845773,5.248756218905473,28.488805970149254,48.96517412935324,0.09888059701492537,169.78075545219625,3.0603233830845773,0.9011194029850746,0.8311567164179104,0.7611940298507462,0.7611940298507462,1.800995024875622,0.20402155887230497,0.7512437810945274,7.343727691832281,864.6862871069853,54.04289294418658,0.6784825870646766,0.2171283445818281,alf,alf,1.1520928404050428,36.0,16,0.00125,0.0,0.0,0.0,0.5,0.9085215793172934,0.0003972965564947276,0.625,0.0,0.0,0,0.0,0.0003972965561832875,0.005156000960394638,1.319448199999897,21018,0,200,0.012216155292736543,3.5733830845771144
0.0,7.6,1.0,0.0003125,0.01629100205291241,0.012345679012345678,240,0.9998938428874734,35.0,0.0,1.0,2.1875,2.1875,1.0,1.0,1.0,0.14583333333333334,1.0,0.14409418057372408,0.0,18.0,1.0,0.0,0.0,0.07292208113660553,5.551115123125783e-17,2.1240671641791047,5.625,32.0,33.985074626865675,0.03140547263681592,179.54202015265602,2.1240671641791047,0.9685945273631841,0.9685945273631841,0.8905472636815921,0.8905472636815921,1.36318407960199,0.14160447761193992,0.375,7.558012701892247,914.3999999999967,57.14999999999979,0.8905472636815921,0.12818896593951382,alf,alf,1.8784012911596335,36.0,16,0.0003125,0.0,0.0,0.0,0.5,0.955643900743724,0.0,0.9375,0.0,0.0,0,0.0,0.0,0.0,1.2960760999999366,21019,0,200,0.017812916175157754,2.5416666666666665
0.0,7.7,2.0,0.000625,0.013968535127518118,0.012345679012345678,240,0.9997213863813663,55.0,0.0625,0.9375,3.4375,3.4375,0.0,0.0,2.0,0.22916666666666666,0.0,0.0031465057346387344,0.0625,18.0,0.9375,0.0004736717274537655,0.00047367167493204965,0.2838357961436598,0.040384571742086366,3.2521766169154227,4.820273631840796,25.090174129353233,52.03482587064676,0.09266169154228855,162.59113356466491,3.2521766169154227,0.9073383084577115,0.9073383084577115,0.0,0.0,2.154228855721393,0.21681177446102803,1.179726368159204,7.121815495210325,828.0698435113919,51.754365219461995,0.0,0.002102120456276435,alf,alf,1.3111209246851816,36.0,16,0.000625,0.0,0.0,0.0,0.5,0.9010858711455383,0.0004736717274537655,0.75,0.0,0.0,0,0.0,0.00047367167493204965,0.004346709878701674,1.3293039000000135,21000,0,200,0.027831109859970754,3.7151741293532337
0.0,7.7,1.0,0.0003125,0.036238114666503674,0.012345679012345678,240,0.9999373629815221,69.0,0.0,1.0,4.3125,4.3125,1.0,1.0,1.0,0.2875,1.0,0.3919309850052544,0.0,18.0,1.0,0.0006384830470336311,0.000638482913817828,0.32255699116358505,0.0561658927307203,4.129353233830845,5.159825870646766,27.40547263681592,66.06965174129353,0.06840796019900497,175.9522055199976,4.129353233830845,0.931592039800995,0.931592039800995,0.9751243781094527,0.9751243781094527,1.308457711442786,0.275290215588724,0.8401741293532339,7.468251112002478,896.1172242057181,56.00732651285738,0.736318407960199,0.28016303847353696,alf,alf,0.7423888683715184,36.0,16,0.0003125,0.0,0.0,0.0,0.5,0.8601789682316099,0.0006384830470336311,0.7671019900497512,0.0,0.0,0,0.0,0.000638482913817828,0.006031712362554669,1.3424012999998922,21001,0,200,0.020864029820172155,4.77363184079602
0.0,7.7,1.0,0.001875,0.009929103852832221,0.012345679012345678,240,0.9993834966803667,66.0,0.0,1.0,4.125,4.125,1.0,1.0,1.0,0.275,1.0,0.4155540675318959,0.0,18.0,1.0,0.0004823729810778071,0.00048237298028722673,0.36191864062770723,0.023227399917808745,3.9738805970149254,5.137437810945274,27.023009950248756,63.582089552238806,0.012126865671641791,176.99533418425295,3.9738805970149254,0.9878731343283582,0.9878731343283582,0.9552238805970149,0.9651741293532339,1.1890547263681592,0.26492537313432746,0.8625621890547264,7.498411291496951,901.4298348680248,56.33936467925155,0.9253731343283582,0.37049863995692445,alf,alf,0.8232241631334404,36.0,16,0.001875,0.0,0.0,0.0,0.5,0.9219006087450935,0.0004823729810778071,0.625,0.0,0.0,0,0.0,0.00048237298028722673,0.00442655805813181,1.407285000000229,21002,0,200,0.03551491872072408,4.461442786069652
0.0,7.7,1.0,0.0009375,0.013318198810584325,0.012345679012345678,240,0.9996534442311794,39.0,0.0,1.0,2.4375,2.4375,1.0,1.0,1.0,0.1625,1.0,0.04269896580907643,0.0,18.0,1.0,0.0015181525846061658,0.0015181525835350938,0.10796453058092621,0.04675286775913809,2.3917910447761193,5.748134328358209,33.358830845771145,38.26865671641791,0.025497512437810944,183.37247423521865,2.3917910447761193,0.974502487562189,0.9698383084577115,0.6915422885572139,0.6915422885572139,1.4328358208955223,0.1594527363184086,0.251865671641791,7.636656706035084,933.9083424488406,58.36927140305254,0.6915422885572139,0.029908939574975642,alf,alf,1.8134174287994451,36.0,16,0.0009375,0.0,0.0,0.0,0.5,0.9771173332279829,0.0015181525846061658,0.75,0.0,0.0,0,0.0,0.0015181525835350938,0.010716220870310655,1.2522761999998693,21003,0,200,0.01157125909611248,2.5752487562189055
0.0,7.7,2.0,0.00125,0.026244083586534538,0.012345679012345678,240,0.9994512386328003,42.0,0.125,0.875,2.625,2.625,1.0,1.0,2.0,0.175,0.0,0.0003789943178768944,0.125,18.0,0.875,0.0,0.0,0.15869966089948268,0.0,2.5634328358208953,5.376243781094527,29.138681592039802,41.014925373134325,0.14832089552238806,186.2650284313396,2.5634328358208953,0.851679104477612,0.851679104477612,0.945273631840796,0.945273631840796,1.945273631840796,0.17089552238806,0.6237562189054726,7.700000000000028,948.640000000004,59.29000000000025,0.23383084577114427,0.015547925758471245,alf,alf,1.9929345815133581,36.0,16,0.00125,0.0,0.0,0.0,0.5,0.9310600152776969,0.0,1.0,0.0,0.0,0,0.0,0.0,0.0,1.2245077000002311,21004,0,200,0.011082338337751062,2.728855721393035
0.0,7.7,1.0,0.00125,0.02148930672985736,0.012345679012345678,240,0.9991344035253383,46.0,0.0,1.0,2.875,2.875,1.0,1.0,1.0,0.19166666666666668,1.0,0.17029353156755034,0.0,18.0,1.0,0.0,0.0,0.1683714512017029,5.551115123125783e-17,2.7742537313432836,5.5,30.625,44.38805970149254,0.048507462686567165,184.04824211515017,2.7742537313432836,0.9514925373134329,0.9514925373134329,0.8955223880597015,0.8955223880597015,1.318407960199005,0.18495024875621918,0.5,7.651762701892249,937.3500000000033,58.58437500000021,0.8656716417910447,0.1453132669975027,alf,alf,0.673106222202849,36.0,16,0.00125,0.0,0.0,0.0,0.5,0.900123466782181,0.0,0.9375,0.0,0.0,0,0.0,0.0,0.0,1.226389900000413,21005,0,200,0.017803687996708933,3.0068407960199006
0.0,7.7,1.0,0.0,0.013018205412119822,0.012345679012345678,240,1.0,42.0,0.0,1.0,2.625,2.625,1.0,1.0,1.0,0.175,1.0,0.18276018240875133,0.0,18.0,1.0,0.0,0.0,0.10155070419049034,0.0,2.546641791044776,5.749378109452737,33.2431592039801,40.74626865671642,0.04259950248756219,186.2650284313396,2.546641791044776,0.9574004975124378,0.9574004975124378,0.8706467661691543,0.8706467661691543,1.3781094527363185,0.16977611940298537,0.2506218905472637,7.700000000000028,948.640000000004,59.29000000000025,0.835820895522388,0.152823845296326,alf,alf,1.4110320928289972,36.0,16,0.0,0.0,0.0,0.0,0.5,0.9713353731629117,0.0,1.0,0.0,0.0,0,0.0,0.0,0.0,1.0970362000002751,21006,0,200,0.014588046770701002,2.6983830845771144
0.0,7.7,1.0,0.000625,0.010642840748972792,0.012345679012345678,240,0.9997392574050898,38.0,0.0,1.0,2.375,2.375,1.0,1.0,1.0,0.15833333333333333,1.0,0.08617600284245354,0.0,18.0,1.0,0.0,0.0,0.013403133585802331,0.0,2.3662935323383083,5.625,31.875,37.86069651741293,0.0024875621890547263,186.2650284313396,2.3662935323383083,0.9975124378109452,0.9975124378109452,0.9800995024875622,0.9800995024875622,1.0298507462686568,0.157752902155888,0.375,7.700000000000028,948.640000000004,59.29000000000025,0.9800995024875622,0.08447660116229667,alf,alf,2.418630477183995,36.0,16,0.000625,0.0,0.0,0.0,0.5,0.9685013954894456,0.0,1.0,0.0,0.0,0,0.0,0.0,0.0,1.0934016999999585,21007,0,200,0.008980609794433934,2.552860696517413
0.0,7.7,2.0,0.0,0.008050979134372917,0.012345679012345678,240,1.0,47.0,0.0625,0.9375,2.9375,2.9375,0.0,0.0,2.0,0.19583333333333333,0.0,0.007798975528912765,0.0625,18.0,0.9375,0.0007235594716167107,0.00028942378570155495,0.21337343135070913,0.017907909887615755,2.781716417910448,5.356965174129353,29.319651741293534,44.507462686567166,0.09172885572139304,179.1922679771033,2.781716417910448,0.908271144278607,0.9017412935323383,0.0,0.0,2.2786069651741294,0.1854477611940295,0.6430348258706468,7.546168616508528,912.6187267969132,57.03867042480707,0.0,0.006507312050831304,alf,alf,1.0811946079838228,36.0,16,0.0,0.0,0.0,0.0,0.5,0.9716437828557802,0.0007235594716167107,0.6878109452736318,0.0,0.0003125,1,0.0026954177897574125,0.00028942378570155495,0.003428797128032945,1.0450133000003916,21008,0,200,0.01811464937312913,3.212686567164179
0.0,7.7,1.0,0.00125,0.019358425821133243,0.012345679012345678,240,0.9996324301617306,50.0,0.0,1.0,3.125,3.125,1.0,1.0,1.0,0.20833333333333334,1.0,0.12186588803614141,0.0,18.0,1.0,0.0,0.0,0.2637805994901116,0.0,2.7898009950248754,5.500621890547263,30.5068407960199,44.63681592039801,0.2568407960199005,186.2650284313396,2.7898009950248754,0.7431592039800995,0.7431592039800995,0.9253731343283582,0.9253731343283582,2.283582089552239,0.18598673300165855,0.4993781094527363,7.700000000000028,948.640000000004,59.29000000000025,0.36318407960199006,0.043945020120160494,alf,alf,1.0946599357998892,36.0,16,0.0009375,0.0,0.0,0.0,0.5,0.5229187295897034,0.0,1.0,0.0,0.0,0,0.0,0.0,0.0,1.1050719999998364,21009,0,200,0.03023776103048125,2.9328358208955225
0.0,7.7,1.0,0.000625,0.028178223890621593,0.012345679012345678,240,0.9997875504567666,44.0,0.0,1.0,2.75,2.75,1.0,1.0,1.0,0.18333333333333332,1.0,0.18789121010187818,0.0,18.0,1.0,0.0,0.0,0.21183262790524987,0.0,2.4912935323383083,5.580845771144278,31.389303482587064,39.86069651741293,0.17288557213930347,186.2650284313396,2.4912935323383083,0.8271144278606966,0.8271144278606966,0.6915422885572139,0.6915422885572139,1.8805970149253732,0.16608623548922052,0.4191542288557214,7.700000000000028,948.640000000004,59.29000000000025,0.5174129353233831,0.09421108337117992,alf,alf,1.1909115865246187,36.0,16,0.000625,0.0,0.0,0.0,0.5,0.7202105746384063,0.0,1.0,0.0,0.0,0,0.0,0.0,0.0,1.1051079000003483,21010,0,200,0.028318998921077386,2.7425373134328357
0.0,7.7,1.0,0.001875,0.012119894333213345,0.012345679012345678,240,0.9990781710914455,48.0,0.0,1.0,3.0,3.0,1.0,1.0,1.0,0.2,1.0,0.17327590779084262,0.0,18.0,1.0,0.00024118649053890356,0.00024118648728754715,0.2373610801712829,0.01737525010318281,2.824004975124378,5.643034825870647,32.180348258706466,45.18407960199005,0.05845771144278607,184.46457973053938,2.824004975124378,0.9415422885572139,0.9415422885572139,0.8308457711442786,0.8308457711442786,1.3482587064676617,0.18826699834162525,0.35696517412935325,7.6608821910576115,939.4703900635004,58.716899378968776,0.8308457711442786,0.13211376001997313,alf,alf,2.0022003586590387,36.0,16,0.001875,0.0,0.0,0.0,0.5,0.8738569148004672,0.00024118649053890356,0.9465174129353234,0.0,0.0,0,0.0,0.00024118648728754715,0.003130049220220969,1.139705199999753,21011,0,200,0.014203350277145237,3.101990049751244
0.0,7.7,1.0,0.0,0.02075227740334702,0.012345679012345678,240,1.0,52.0,0.0,0.9375,3.25,3.25,0.0,1.0,2.0,0.21666666666666667,0.0625,0.38169629301497277,0.0,18.0,1.0,0.0012769660940672623,0.0012769660931663534,0.36712581371748226,0.039325313894135176,3.029850746268657,4.880597014925373,24.807835820895523,48.47761194029851,0.10012437810945274,169.41061265022987,3.029850746268657,0.8998756218905473,0.8603855721393034,0.0,0.6318407960199005,2.328358208955224,0.20199004975124357,1.1194029850746268,7.312601017144362,862.8011652963347,53.92507283102092,0.03949004975124378,0.24211741661955302,alf,alf,0.3284770887410736,36.0,16,0.0,0.0,0.0,0.0,0.5,0.9392902203463744,0.0012769660940672623,0.6881218905472637,0.0,0.0,0,0.0,0.0012769660931663534,0.008530129427458457,1.1648455999998077,21012,0,200,0.026086421716317622,3.3973880597014925
0.0,7.7,1.0,0.000625,0.02061549579775195,0.012345679012345678,240,0.9997643732327992,44.0,0.0,1.0,2.75,2.75,1.0,1.0,1.0,0.18333333333333332,1.0,0.23027846565784355,0.0,18.0,1.0,0.0,0.0,0.042477290166084994,5.551115123125783e-17,2.720771144278607,5.625,32.0,43.53233830845771,0.011504975124378109,184.04824211515017,2.720771144278607,0.9884950248756219,0.9884950248756219,0.9154228855721394,0.9154228855721394,1.1293532338308458,0.1813847429519069,0.375,7.651762701892249,937.3500000000033,58.58437500000021,0.9154228855721394,0.21106164632397123,alf,alf,2.326844076614802,36.0,16,0.000625,0.0,0.0,0.0,0.5,0.9810637413648212,0.0,0.9375,0.0,0.0,0,0.0,0.0,0.0,1.1529018999999607,21013,0,200,0.010105358290458026,3.1865671641791047
0.0,7.7,1.0,0.001875,0.025567178075243013,0.012345679012345678,240,0.99923426277989,41.0,0.0,0.9375,2.5625,2.5625,0.0,1.0,2.0,0.17083333333333334,0.0625,0.2823145613324943,0.0,18.0,1.0,0.0009647459621556142,0.00019919544003408062,0.28418541620256926,0.0033396797663070572,2.3644278606965172,5.503109452736318,30.656094527363184,37.830845771144276,0.11567164179104478,184.10110961928578,2.3644278606965172,0.8843283582089553,0.8149875621890548,0.07462686567164178,0.8756218905472637,2.4676616915422884,0.1576285240464348,0.4968905472636816,7.652962634679815,937.6192519875908,58.601203249224426,0.0929726368159204,0.18553726226730355,alf,alf,1.9700655228765345,36.0,16,0.001875,0.0,0.0,0.0,0.5,0.9576990709343561,0.0009647459621556142,0.9375,0.0,0.0009375,3,0.01507537688442211,0.00019919544003408062,0.0028445552539408487,1.1640363999999863,21014,0,200,0.02296749550424769,2.6181592039800994
0.0,7.7,1.0,0.0003125,0.009163008309185606,0.012345679012345678,240,0.999936628643853,52.0,0.0,1.0,3.25,3.25,1.0,1.0,1.0,0.21666666666666667,1.0,0.3583668587640189,0.0,18.0,1.0,0.004256280405117184,0.001585507694074489,0.35114229845795897,0.06771463777390666,3.0006218905472637,5.186567164179104,27.799751243781095,48.00995024875622,0.07462686567164178,175.19773104783837,3.0006218905472637,0.9253731343283582,0.9172885572139303,0.8507462686567164,0.8557213930348259,1.492537313432836,0.20004145936981732,0.8134328358208955,7.442352343921426,892.2747172719329,55.767169829495806,0.7391169154228856,0.23996798280847076,alf,alf,3.1376522912290503,36.0,16,0.0003125,0.0,0.0,0.0,0.5,0.8292140285950719,0.004256280405117184,0.7503109452736318,0.0,0.0040625,13,0.021848739495798318,0.001585507694074489,0.008660544623295033,1.157205200000135,21015,0,200,0.027419627250163427,3.58271144278607
0.0,7.7,1.0,0.000625,0.012390183142912507,0.012345679012345678,240,0.9996846420687481,43.0,0.0,1.0,2.6875,2.6875,1.0,1.0,1.0,0.17916666666666667,1.0,0.23172987189916805,0.0,18.0,1.0,0.0,0.0,0.13070221034132817,5.551115123125783e-17,2.5267412935323383,5.299129353233831,28.415422885572138,40.42786069651741,0.11940298507462686,184.04824211515017,2.5267412935323383,0.8805970149253731,0.8805970149253731,0.8557213930348259,0.8557213930348259,1.5870646766169154,0.16844941956882267,0.7008706467661692,7.651762701892249,937.3500000000033,58.58437500000021,0.5621890547263682,0.11033315847698351,alf,alf,1.3373894555014036,36.0,16,0.000625,0.0,0.0,0.0,0.5,0.789918767831061,0.0,0.9375,0.0,0.0,0,0.0,0.0,0.0,1.0799830000000838,21016,0,200,0.016396308402198644,2.925373134328358
0.0,7.7,1.0,0.000625,0.01141967843721855,0.012345679012345678,240,0.9998420720151611,51.0,0.0,1.0,3.1875,3.1875,1.0,1.0,1.0,0.2125,1.0,0.27516888771719894,0.0,18.0,1.0,0.0006384830470336311,0.0006384830448458015,0.1866599836637707,0.037304421365415924,3.0830223880597014,5.384950248756219,29.829601990049753,49.32835820895522,0.03296019900497513,177.12930640968517,3.0830223880597014,0.9670398009950248,0.9654850746268657,0.845771144278607,0.845771144278607,1.2786069651741294,0.20553482587064606,0.6150497512437811,7.491711457219661,902.1121498092908,56.38200936308068,0.845771144278607,0.22649621107569748,alf,alf,0.6923044232260572,36.0,16,0.000625,0.0,0.0,0.0,0.5,0.8754564642881156,0.0006384830470336311,0.8174751243781094,0.0,0.0,0,0.0,0.0006384830448458015,0.0060317123625547985,1.2587674000001243,21017,0,200,0.019964548636307863,3.5715174129353233
0.0,7.7,1.0,0.00125,0.009085439506262923,0.012345679012345678,240,0.9996034263959391,53.0,0.0,1.0,3.3125,3.3125,1.0,1.0,1.0,0.22083333333333333,1.0,0.32150919372602593,0.0,18.0,1.0,0.0003972965564947276,0.0003972965561832875,0.2892409841340561,0.013335207673842279,3.096082089552239,5.248756218905473,28.488805970149254,49.53731343283582,0.09514925373134328,172.7849034271915,3.096082089552239,0.9048507462686567,0.8283582089552238,0.7611940298507462,0.7611940298507462,1.8258706467661692,0.2064054726368159,0.7512437810945274,7.406227691832282,879.9862871069854,54.99914294418659,0.6865671641791045,0.2170410922194009,alf,alf,1.1520928404050428,36.0,16,0.00125,0.0,0.0,0.0,0.5,0.9087715002187555,0.0003972965564947276,0.625,0.0,0.0,0,0.0,0.0003972965561832875,0.005156000960394638,1.2063631000000896,21018,0,200,0.012234659666691445,3.572139303482587
0.0,7.7,1.0,0.0009375,0.021162346311404952,0.012345679012345678,240,0.9994959142523612,39.0,0.0,1.0,2.4375,2.4375,1.0,1.0,1.0,0.1625,1.0,0.25054097273329384,0.0,18.0,1.0,0.0,0.0,0.24884285042449444,5.551115123125783e-17,2.285136815920398,5.625,32.0,36.56218905472637,0.05534825870646766,184.04824211515017,2.285136815920398,0.9446517412935324,0.9446517412935324,0.8905472636815921,0.8905472636815921,1.4975124378109452,0.15234245439469374,0.375,7.651762701892249,937.3500000000033,58.58437500000021,0.7960199004975125,0.19682480924448126,alf,alf,1.831267098318424,36.0,16,0.0009375,0.0,0.0,0.0,0.5,0.9290397620250508,0.0,0.9375,0.0,0.0,0,0.0,0.0,0.0,1.1261343000001034,21019,0,200,0.02300383923505118,2.902363184079602
0.0,7.8,2.0,0.000625,0.013485962486678564,0.012345679012345678,240,0.9997213863813663,55.0,0.0625,0.9375,3.4375,3.4375,0.0,0.0,2.0,0.22916666666666666,0.0,0.0031465057346387344,0.0625,18.0,0.9375,0.0004736717274537655,0.000473671680184225,0.2740495284770179,0.04014735067486399,3.269278606965174,4.82089552238806,25.100746268656717,52.308457711442784,0.0914179104477612,166.22760521171384,3.269278606965174,0.9085820895522388,0.9085820895522388,0.0,0.0,2.1492537313432836,0.21795190713101137,1.1791044776119404,7.196344180105661,846.5902415287155,52.91189009554472,0.0,0.0021490491719099425,alf,alf,1.3111209246851816,36.0,16,0.000625,0.0,0.0,0.0,0.5,0.9008523235784682,0.0004736717274537655,0.75,0.0,0.0,0,0.0,0.000473671680184225,0.004346709878701679,1.258871700000327,21000,0,200,0.02737833045360992,3.6878109452736316
0.0,7.8,1.0,0.000625,0.03605315361177293,0.012345679012345678,240,0.9998851654661238,68.0,0.0,1.0,4.25,4.25,1.0,1.0,1.0,0.2833333333333333,1.0,0.3919309850052544,0.0,18.0,1.0,0.000669733047033631,0.0006697329072976987,0.3219320066334992,0.05891488372741086,4.106032338308458,5.159825870646766,27.40547263681592,65.69651741293532,0.06840796019900497,179.70045129384525,4.106032338308458,0.931592039800995,0.931592039800995,0.9751243781094527,0.9751243781094527,1.308457711442786,0.2737354892205635,0.8401741293532339,7.545241161695334,915.2068831763153,57.200430198519705,0.736318407960199,0.284342784256864,alf,alf,0.7423888683715184,36.0,16,0.000625,0.0,0.0,0.0,0.5,0.8631705482653887,0.000669733047033631,0.7671019900497512,0.0,0.0,0,0.0,0.0006697329072976987,0.0062517863744990946,1.2360828999999285,21001,0,200,0.020706565923227723,4.689676616915423
0.0,7.8,1.0,0.001875,0.010424232751860827,0.012345679012345678,240,0.9993850520340587,61.0,0.0,1.0,3.8125,3.8125,1.0,1.0,1.0,0.25416666666666665,1.0,0.3687121871214796,0.0,18.0,1.0,0.000544872981077807,0.000544872980085574,0.2557331501695503,0.027140048731067318,3.699937810945274,5.243781094527363,28.19402985074627,59.19900497512438,0.009017412935323384,180.56631975248575,3.699937810945274,0.9909825870646766,0.9909825870646766,0.9253731343283582,0.9253731343283582,1.144278606965174,0.24666252072968597,0.7562189054726368,7.5717497263434534,919.6167150246351,57.476044689039696,0.9253731343283582,0.33384514164280255,alf,alf,0.8229351495410339,36.0,16,0.001875,0.0,0.0,0.0,0.5,0.9333698714534463,0.000544872981077807,0.625,0.0,0.0,0,0.0,0.000544872980085574,0.005000097392808221,1.2814487000000554,21002,0,200,0.03076421018801972,4.003109452736318
0.0,7.8,1.0,0.0,0.012958298409112142,0.012345679012345678,240,1.0,42.0,0.0,1.0,2.625,2.625,1.0,1.0,1.0,0.175,1.0,0.1910918613513895,0.0,18.0,1.0,0.0016119025846061655,0.0016119025834689584,0.06673720947501299,0.049639982925863226,2.549129353233831,5.748134328358209,33.358830845771145,40.78606965174129,0.024253731343283583,187.88871874888983,2.549129353233831,0.9757462686567164,0.9710820895522388,0.7114427860696517,0.7114427860696517,1.4129353233830846,0.16994195688225566,0.251865671641791,7.7294738702147745,956.909386882838,59.806836680177376,0.7114427860696517,0.13657789715209226,alf,alf,1.8134174287994451,36.0,16,0.0,0.0,0.0,0.0,0.5,0.9779283102739934,0.0016119025846061655,0.75,0.0,0.0,0,0.0,0.0016119025834689584,0.011275162761590183,1.1549778000003244,21003,0,200,0.011335838395917825,2.781094527363184
0.0,7.8,1.0,0.00125,0.022829373274151635,0.012345679012345678,240,0.9994512386328003,44.0,0.0,1.0,2.75,2.75,1.0,1.0,1.0,0.18333333333333332,1.0,0.09660861084336578,0.0,18.0,1.0,0.0,4.440892098500626e-18,0.12324261775698621,6.264727544357014e-17,2.66044776119403,5.376243781094527,29.138681592039802,42.56716417910448,0.0640547263681592,191.13449704440336,2.66044776119403,0.9359452736318408,0.9359452736318408,0.945273631840796,0.945273631840796,1.2985074626865671,0.1773631840796018,0.6237562189054726,7.799999999999972,973.4400000000018,60.84000000000011,0.8706467661691543,0.07969569189252687,alf,alf,1.9821096333449346,36.0,16,0.00125,0.0,0.0,0.0,0.5,0.9371301845954758,0.0,1.0,0.0,0.0,0,0.0,4.440892098500626e-18,6.2803698347351e-17,1.1777944999998908,21004,0,200,0.010469579478325636,2.7972636815920398
0.0,7.8,1.0,0.0025,0.02116717352595571,0.012345679012345678,240,0.9988717464315702,48.0,0.0,1.0,3.0,3.0,1.0,1.0,1.0,0.2,1.0,0.1403903911040835,0.0,18.0,1.0,0.0,4.163336342344337e-18,0.20247951783371698,1.1424297195960483e-16,2.853544776119403,5.5,30.625,45.656716417910445,0.04757462686567164,188.6133689398979,2.853544776119403,0.9524253731343284,0.9524253731343284,0.8805970149253731,0.8805970149253731,1.318407960199005,0.19023631840796026,0.5,7.745512701892249,960.6000000000035,60.03750000000022,0.8606965174129353,0.12609968319995782,alf,alf,0.6718055013534929,36.0,16,0.0021875,0.0,0.0,0.0,0.5,0.8917106311962444,0.0,0.9375,0.0,0.0,0,0.0,4.163336342344337e-18,6.080941944488117e-17,1.2091043999998874,21005,0,200,0.016317230000794276,2.908582089552239
0.0,7.8,1.0,0.000625,0.011471321468867176,0.012345679012345678,240,0.9998421717171717,42.0,0.0,1.0,2.625,2.625,1.0,1.0,1.0,0.175,1.0,0.18276018240875133,0.0,18.0,1.0,0.0,4.440892098500626e-18,0.08955842677161456,6.264727544357014e-17,2.5615671641791047,5.749378109452737,33.2431592039801,40.985074626865675,0.04228855721393035,191.13449704440336,2.5615671641791047,0.9577114427860697,0.9577114427860697,0.8656716417910447,0.8656716417910447,1.373134328358209,0.17077114427860723,0.2506218905472637,7.799999999999972,973.4400000000018,60.84000000000011,0.8407960199004975,0.15370698269676547,alf,alf,1.4110320928289972,36.0,16,0.000625,0.0,0.0,0.0,0.5,0.9718313240778126,0.0,1.0,0.0,0.0,0,0.0,4.440892098500626e-18,6.2803698347351e-17,1.2037074999998367,21006,0,200,0.014299382904004891,2.9141791044776117
0.0,7.8,1.0,0.000625,0.010658753831805695,0.012345679012345678,240,0.9997393389636118,40.0,0.0,1.0,2.5,2.5,1.0,1.0,1.0,0.16666666666666666,1.0,0.14383795976998998,0.0,18.0,1.0,0.0,4.440892098500626e-18,0.03960916808989876,6.264727544357014e-17,2.406716417910448,5.625,31.875,38.507462686567166,0.001554726368159204,191.13449704440336,2.406716417910448,0.9984452736318408,0.9984452736318408,0.9850746268656716,0.9850746268656716,1.0199004975124377,0.16044776119403045,0.375,7.799999999999972,973.4400000000018,60.84000000000011,0.9850746268656716,0.10297641475964414,alf,alf,2.418630477183995,36.0,16,0.000625,0.0,0.0,0.0,0.5,0.9656968008360803,0.0,1.0,0.0,0.0,0,0.0,4.440892098500626e-18,6.2803698347351e-17,1.1972058999999717,21007,0,200,0.008817212000061119,2.5553482587064678
0.0,7.8,2.0,0.0,0.00801745594201,0.012345679012345678,240,1.0,47.0,0.0625,0.9375,2.9375,2.9375,0.0,0.0,2.0,0.19583333333333333,0.0,0.007798975528912765,0.0625,18.0,0.9375,0.0008173094716167103,0.00032692378531996635,0.2050846513700156,0.020228198153917964,2.790422885572139,5.356965174129353,29.319651741293534,44.646766169154226,0.09048507462686567,183.09026133417336,2.790422885572139,0.9095149253731343,0.9020522388059702,0.0,0.0,2.27363184079602,0.1860281923714756,0.6430348258706468,7.626237024472141,932.4710439462594,58.279440246641215,0.0,0.0064806100916014265,alf,alf,1.0811946079838228,36.0,16,0.0,0.0,0.0,0.0,0.5,0.9720360792992944,0.0008173094716167103,0.6878109452736318,0.0,0.0003125,1,0.0026954177897574125,0.00032692378531996635,0.0038730587863522793,1.1741539999998167,21008,0,200,0.017785647890850097,3.2083333333333335
0.0,7.8,1.0,0.0,0.019072751968685263,0.012345679012345678,240,1.0,50.0,0.0,1.0,3.125,3.125,1.0,1.0,1.0,0.20833333333333334,1.0,0.19791029426161663,0.0,18.0,1.0,0.0,4.440892098500626e-18,0.16409556694141234,6.264727544357014e-17,2.933457711442786,5.588308457711443,31.47139303482587,46.93532338308458,0.14614427860696516,191.13449704440336,2.933457711442786,0.8538557213930348,0.8538557213930348,0.9253731343283582,0.9253731343283582,1.7213930348258706,0.1955638474295191,0.4116915422885572,7.799999999999972,973.4400000000018,60.84000000000011,0.44776119402985076,0.08684986781491306,alf,alf,1.120909982539086,36.0,16,0.0,0.0,0.0,0.0,0.5,0.7119807740063752,0.0,1.0,0.0,0.0,0,0.0,4.440892098500626e-18,6.2803698347351e-17,1.163092400000096,21009,0,200,0.029012212795590898,3.021144278606965
0.0,7.8,1.0,0.00125,0.02378650677926767,0.012345679012345678,240,0.999461670973299,46.0,0.0,1.0,2.875,2.875,1.0,1.0,1.0,0.19166666666666668,1.0,0.24460974216332979,0.0,18.0,1.0,0.0,4.440892098500626e-18,0.29004541966783,6.264727544357014e-17,2.52363184079602,5.612562189054726,31.73818407960199,40.37810945273632,0.1638681592039801,191.13449704440336,2.52363184079602,0.8361318407960199,0.8361318407960199,0.48258706467661694,0.48258706467661694,2.044776119402985,0.16824212271973485,0.38743781094527363,7.799999999999972,973.4400000000018,60.84000000000011,0.48258706467661694,0.11878989417678516,alf,alf,1.1909115865246187,36.0,16,0.0009375,0.0,0.0,0.0,0.5,0.7375868655581443,0.0,1.0,0.0,0.0,0,0.0,4.440892098500626e-18,6.2803698347351e-17,1.1786718999996992,21010,0,200,0.031002809356164607,2.8128109452736316
0.0,7.8,1.0,0.0025,0.014875860243554582,0.012345679012345678,240,0.9986997262581596,42.0,0.0,1.0,2.625,2.625,1.0,1.0,1.0,0.175,1.0,0.09395825130502848,0.0,18.0,1.0,0.0002724364905389035,0.0002724364868662804,0.11491361599960398,0.019626522819624147,2.5360696517412937,5.643034825870647,32.180348258706466,40.5771144278607,0.05037313432835821,189.0864832772056,2.5360696517412937,0.9496268656716418,0.9496268656716418,0.845771144278607,0.845771144278607,1.318407960199005,0.16907131011608656,0.35696517412935325,7.755813783093638,963.0095515337688,60.18809697086055,0.8407960199004975,0.08240849002510979,alf,alf,2.0022003586590387,36.0,16,0.0025,0.0,0.0,0.0,0.5,0.8678673536199193,0.0002724364905389035,0.9465174129353234,0.0,0.0,0,0.0,0.0002724364868662804,0.003535602773047873,1.1006104000002779,21011,0,200,0.013530414802740138,2.986940298507463
0.0,7.8,1.0,0.0,0.019871037251303986,0.012345679012345678,240,1.0,53.0,0.0,0.9375,3.3125,3.3125,0.0,1.0,2.0,0.22083333333333333,0.0625,0.38431582975038253,0.0,18.0,1.0,0.001339466094067262,0.0013394660931222622,0.41382639043588026,0.04125005733861853,3.0733830845771144,4.880597014925373,24.807835820895523,49.17412935323383,0.09732587064676616,172.78713402384096,3.0733830845771144,0.9026741293532339,0.8603855721393034,0.0,0.6766169154228856,2.318407960199005,0.2048922056384745,1.1194029850746268,7.381972907691228,879.9976474424353,54.99985296515221,0.04228855721393035,0.2604948649831566,alf,alf,0.3284770887410736,36.0,16,0.0,0.0,0.0,0.0,0.5,0.9439913361668368,0.001339466094067262,0.6881218905472637,0.0,0.0,0,0.0,0.0013394660931222622,0.008841361079876141,1.1419935999997506,21012,0,200,0.025347737259432256,3.4477611940298507
0.0,7.8,1.0,0.0009375,0.0198000177371846,0.012345679012345678,240,0.9997382747068677,44.0,0.0,1.0,2.75,2.75,1.0,1.0,1.0,0.18333333333333332,1.0,0.23027846565784355,0.0,18.0,1.0,0.0,4.163336342344337e-18,0.039070815078834684,1.1424297195960483e-16,2.7238805970149254,5.625,32.0,43.582089552238806,0.009950248756218905,188.6133689398979,2.7238805970149254,0.9900497512437811,0.9900497512437811,0.9203980099502488,0.9203980099502488,1.1144278606965174,0.18159203980099478,0.375,7.745512701892249,960.6000000000035,60.03750000000022,0.9203980099502488,0.21226083539770962,alf,alf,2.3146874882014266,36.0,16,0.0009375,0.0,0.0,0.0,0.5,0.9819649585058451,0.0,0.9375,0.0,0.0,0,0.0,4.163336342344337e-18,6.080941944488117e-17,1.1208544999999503,21013,0,200,0.009664571724320661,3.1828358208955225
0.0,7.8,1.0,0.001875,0.024812858141164774,0.012345679012345678,240,0.9992345053320663,39.0,0.0,0.9375,2.4375,2.4375,0.0,1.0,2.0,0.1625,0.0625,0.26033448542381,0.0,18.0,1.0,0.001089745962155614,0.000225004752517369,0.2530970768050296,0.0037723946852227784,2.300995024875622,5.503109452736318,30.656094527363184,36.81592039800995,0.10789800995024876,188.67317901389148,2.300995024875622,0.8921019900497512,0.8174751243781094,0.0945273631840796,0.8805970149253731,2.442786069651741,0.15339966832504204,0.4968905472636816,7.7468681073164785,960.9046102055322,60.05653813784576,0.10354477611940298,0.1742923100901619,alf,alf,1.9700655228765345,36.0,16,0.001875,0.0,0.0,0.0,0.5,0.9582016588930365,0.001089745962155614,0.9375,0.0,0.0009375,3,0.01507537688442211,0.000225004752517369,0.0032131179851578114,1.141307400000187,21014,0,200,0.022592492103716243,2.5366915422885574
0.0,7.8,1.0,0.0003125,0.00913271287717177,0.012345679012345678,240,0.9999366687777075,52.0,0.0,1.0,3.25,3.25,1.0,1.0,1.0,0.21666666666666667,1.0,0.3515805168532347,0.0,18.0,1.0,0.004756280405117183,0.0017214103235627715,0.4267808965124626,0.07127021629876547,2.974502487562189,5.192164179104478,27.850746268656717,47.592039800995025,0.07027363184079602,179.34694769204074,2.974502487562189,0.929726368159204,0.9166666666666666,0.8258706467661692,0.8606965174129353,1.507462686567164,0.198300165837479,0.8078358208955224,7.528288379827079,913.4065041162199,57.087906507263746,0.7472014925373134,0.23096213069531962,alf,alf,3.1382247925852944,36.0,16,0.0003125,0.0,0.0,0.0,0.5,0.8353179199547387,0.004756280405117183,0.7503109452736318,0.0,0.0040625,13,0.021848739495798318,0.0017214103235627715,0.009348889365790517,1.1705318999997871,21015,0,200,0.02655137469705722,3.5708955223880596
0.0,7.8,1.0,0.000625,0.011099483792252562,0.012345679012345678,240,0.9997373673705222,47.0,0.0,1.0,2.9375,2.9375,1.0,1.0,1.0,0.19583333333333333,1.0,0.2554253116891456,0.0,18.0,1.0,0.0,4.163336342344337e-18,0.25446771119526745,1.1424297195960483e-16,2.665733830845771,5.2997512437810945,28.42226368159204,42.65174129353234,0.09421641791044776,188.6133689398979,2.665733830845771,0.9057835820895522,0.9048507462686567,0.8656716417910447,0.8656716417910447,1.4825870646766168,0.1777155887230512,0.7002487562189055,7.745512701892247,960.6000000000035,60.03750000000022,0.6567164179104478,0.1320785787591252,alf,alf,1.3373894555014036,36.0,16,0.000625,0.0,0.0,0.0,0.5,0.773276822185806,0.0,0.9375,0.0,0.0,0,0.0,4.163336342344337e-18,6.080941944488117e-17,1.0828574000001936,21016,0,200,0.01658495929066802,2.9328358208955225
0.0,7.8,1.0,0.0015625,0.011359168261686474,0.012345679012345678,240,0.9994377889869693,52.0,0.0,1.0,3.25,3.25,1.0,1.0,1.0,0.21666666666666667,1.0,0.27516888771719894,0.0,18.0,1.0,0.000669733047033631,0.0006697330453606449,0.18759746045889952,0.036414379506474796,3.14863184079602,5.383084577114428,29.814676616915424,50.37810945273632,0.029228855721393034,181.03832436253242,3.14863184079602,0.970771144278607,0.970771144278607,0.8606965174129353,0.8606965174129353,1.2388059701492538,0.2099087893864013,0.6169154228855721,7.571739617282864,922.02061476387,57.62628842274187,0.8606965174129353,0.2261139909621957,alf,alf,0.7006931576214437,36.0,16,0.0015625,0.0,0.0,0.0,0.5,0.8964533690104494,0.000669733047033631,0.8165422885572139,0.0,0.0,0,0.0,0.0006697330453606449,0.006251786374499229,1.1509809999997742,21017,0,200,0.016870726601099385,3.587686567164179
0.0,7.8,1.0,0.00125,0.00902955271513873,0.012345679012345678,240,0.999645839940797,53.0,0.0,1.0,3.3125,3.3125,1.0,1.0,1.0,0.22083333333333333,1.0,0.37303850567439895,0.0,18.0,1.0,0.0003972965564947276,0.0003972965561832903,0.22247592881364323,0.013335207673842319,3.1847014925373136,5.248756218905473,28.488805970149254,50.95522388059702,0.0830223880597015,175.82832131035664,3.1847014925373136,0.9169776119402985,0.8824626865671642,0.7661691542288557,0.7661691542288557,1.5472636815920398,0.2123134328358211,0.7512437810945274,7.468727691832281,895.4862871069856,55.9678929441866,0.736318407960199,0.2635478598169296,alf,alf,1.1520928404050428,36.0,16,0.00125,0.0,0.0,0.0,0.5,0.8928143486157627,0.0003972965564947276,0.625,0.0,0.0,0,0.0,0.0003972965561832903,0.005156000960394638,1.1389242000000195,21018,0,200,0.013190827830938183,3.711442786069652
0.0,7.8,1.0,0.000625,0.011530816314168088,0.012345679012345678,240,0.9995761813943632,33.0,0.0,1.0,2.0625,2.0625,1.0,1.0,1.0,0.1375,1.0,0.12863699377589313,0.0,18.0,1.0,0.0,4.163336342344337e-18,0.048785921140565826,1.1424297195960483e-16,2.0189676616915424,5.625,32.0,32.30348258706468,0.030783582089552237,188.6133689398979,2.0189676616915424,0.9692164179104478,0.9692164179104478,0.8905472636815921,0.8905472636815921,1.3482587064676617,0.13459784411276904,0.375,7.745512701892247,960.6000000000035,60.03750000000022,0.8905472636815921,0.1145951563608361,alf,alf,1.8976360589616197,36.0,16,0.000625,0.0,0.0,0.0,0.5,0.9481767954663117,0.0,0.9375,0.0,0.0,0,0.0,4.163336342344337e-18,6.080941944488117e-17,1.0915309000001798,21019,0,200,0.015538859212352036,2.320273631840796
0.0,7.9,2.0,0.0,0.012768188430378122,0.012345679012345678,240,1.0,53.0,0.0625,0.9375,3.3125,3.3125,0.0,0.0,2.0,0.22083333333333333,0.0,0.0005275475156797304,0.0625,18.0,0.9375,0.0004736717274537655,0.0004736716626121412,0.19693200663349916,0.040838566886050726,3.1884328358208953,4.820273631840796,25.08271144278607,51.014925373134325,0.0914179104477612,169.9737199990629,3.1884328358208953,0.9085820895522388,0.9085820895522388,0.0,0.0,2.1492537313432836,0.2125621890547265,1.179726368159204,7.272758125403387,865.6690474741954,54.10431546713721,0.0,0.0005400299680415199,alf,alf,1.3111209246851816,36.0,16,0.0,0.0,0.0,0.0,0.5,0.9011709320901999,0.0004736717274537655,0.75,0.0,0.0,0,0.0,0.0004736716626121412,0.00434670987870166,1.0678249000002324,21000,0,200,0.026132798490939704,3.5833333333333335
0.0,7.9,1.0,0.000625,0.035535069689362604,0.012345679012345678,240,0.9998851654661238,71.0,0.0,1.0,4.4375,4.4375,1.0,1.0,1.0,0.29583333333333334,1.0,0.4286275830439684,0.0,18.0,1.0,0.0007009830470336312,0.0007009829007775636,0.3766336229301255,0.061663874724101425,4.226990049751244,5.159825870646766,27.40547263681592,67.6318407960199,0.06592039800995025,183.4969787976798,4.226990049751244,0.9340796019900498,0.9340796019900498,0.9751243781094527,0.9751243781094527,1.2985074626865671,0.28179933665008355,0.8401741293532339,7.622231211388192,934.5424389785425,58.408902436158904,0.7412935323383084,0.3118349744911146,alf,alf,0.7423888683715184,36.0,16,0.000625,0.0,0.0,0.0,0.5,0.8661979254150822,0.0007009830470336312,0.7671019900497512,0.0,0.0,0,0.0,0.0007009829007775636,0.006489765719081966,1.0855210999998235,21001,0,200,0.020303141638818807,4.688432835820896
0.0,7.9,1.0,0.001875,0.010374231289782323,0.012345679012345678,240,0.9993955639651003,61.0,0.0,1.0,3.8125,3.8125,1.0,1.0,1.0,0.25416666666666665,1.0,0.3687121871214796,0.0,18.0,1.0,0.0006073729810778072,0.000607372979971758,0.25106742407366156,0.03025316519049676,3.7133084577114426,5.243781094527363,28.19402985074627,59.41293532338308,0.009017412935323384,184.2055592796919,3.7133084577114426,0.9909825870646766,0.9909825870646766,0.9253731343283582,0.9253731343283582,1.144278606965174,0.24755389718076387,0.7562189054726368,7.6455681343046775,938.1512097398438,58.63445060874024,0.9253731343283582,0.3370906212578719,alf,alf,0.8229351495410339,36.0,16,0.001875,0.0,0.0,0.0,0.5,0.9346157471135269,0.0006073729810778072,0.625,0.0,0.0,0,0.0,0.000607372979971758,0.005573636727484641,1.18396040000016,21002,0,200,0.03060823152744883,3.924129353233831
0.0,7.9,1.0,0.000625,0.01323925558685431,0.012345679012345678,240,0.9996818326439707,40.0,0.0,1.0,2.5,2.5,1.0,1.0,1.0,0.16666666666666666,1.0,0.08051812170772962,0.0,18.0,1.0,0.001705652584606166,0.0017056525834028159,0.05829991831885349,0.05252709809258822,2.4465174129353233,5.748134328358209,33.358830845771145,39.14427860696517,0.03575870646766169,192.4630043719263,2.4465174129353233,0.9642412935323383,0.9598880597014925,0.7661691542288557,0.7661691542288557,1.427860696517413,0.16310116086235527,0.251865671641791,7.822291034394481,980.2060322594923,61.26287701621827,0.7661691542288557,0.061887239473596485,alf,alf,1.8134174287994451,36.0,16,0.000625,0.0,0.0,0.0,0.5,0.9782650498296303,0.001705652584606166,0.75,0.0,0.0,0,0.0,0.0017056525834028159,0.011849389982808437,1.1406317000000854,21003,0,200,0.011842395829029474,2.6181592039800994
0.0,7.9,1.0,0.00125,0.028385107447139544,0.012345679012345678,240,0.9994514106583072,44.0,0.0,1.0,2.75,2.75,1.0,1.0,1.0,0.18333333333333332,1.0,0.09660861084336578,0.0,18.0,1.0,0.0,0.0,0.11062535580802456,0.0,2.6766169154228856,5.376243781094527,29.138681592039802,42.82587064676617,0.061567164179104475,196.06679751053863,2.6766169154228856,0.9384328358208955,0.9384328358208955,0.9502487562189055,0.9502487562189055,1.2736318407960199,0.17844112769485884,0.6237562189054726,7.900000000000022,998.5599999999981,62.40999999999988,0.8706467661691543,0.08261940328134014,alf,alf,2.0060540180782844,36.0,16,0.00125,0.0,0.0,0.0,0.5,0.9359555538196275,0.0,1.0,0.0,0.0,0,0.0,0.0,0.0,1.21877829999994,21004,0,200,0.009975305178892764,2.7997512437810945
0.0,7.9,1.0,0.0025,0.023665700551125775,0.012345679012345678,240,0.9988930659983292,48.0,0.0,1.0,3.0,3.0,1.0,1.0,1.0,0.2,1.0,0.14339801874248495,0.0,18.0,1.0,0.0,0.0,0.20893665998366376,5.551115123125783e-17,2.8037935323383083,5.5,30.625,44.86069651741293,0.08955223880597014,193.237400626899,2.8037935323383083,0.9104477611940298,0.9104477611940298,0.9601990049751243,0.9601990049751243,1.4228855721393034,0.18691956882255398,0.5,7.839262701892249,984.1499999999965,61.50937499999978,0.6666666666666666,0.09674282477459252,alf,alf,0.673106222202849,36.0,16,0.0025,0.0,0.0,0.0,0.5,0.848634589049748,0.0,0.9375,0.0,0.0,0,0.0,0.0,0.0,1.1391035999999986,21005,0,200,0.01797058576389367,2.904850746268657
0.0,7.9,1.0,0.000625,0.011135727569836232,0.012345679012345678,240,0.9998422712933754,44.0,0.0,1.0,2.75,2.75,1.0,1.0,1.0,0.18333333333333332,1.0,0.18991909797778722,0.0,18.0,1.0,0.0,0.0,0.08877255513477389,0.0,2.689054726368159,5.749378109452737,33.2431592039801,43.024875621890544,0.041666666666666664,196.06679751053863,2.689054726368159,0.9583333333333334,0.9583333333333334,0.8756218905472637,0.8756218905472637,1.36318407960199,0.17927031509121039,0.2506218905472637,7.900000000000022,998.5599999999981,62.40999999999988,0.8407960199004975,0.1596991247058907,alf,alf,1.4110320928289972,36.0,16,0.000625,0.0,0.0,0.0,0.5,0.9715433920384782,0.0,1.0,0.0,0.0,0,0.0,0.0,0.0,1.1425577999998495,21006,0,200,0.014167871037659065,2.916044776119403
0.0,7.9,1.0,0.00125,0.010313869451758636,0.012345679012345678,240,0.9995308101345011,40.0,0.0,1.0,2.5,2.5,1.0,1.0,1.0,0.16666666666666666,1.0,0.14383795976998998,0.0,18.0,1.0,0.0,0.0,0.04640355436746615,0.0,2.4247512437810945,5.625,31.875,38.79601990049751,0.0009328358208955224,196.06679751053863,2.4247512437810945,0.9990671641791045,0.9990671641791045,0.9850746268656716,0.9850746268656716,1.0149253731343284,0.1616500829187403,0.375,7.900000000000022,998.5599999999981,62.40999999999988,0.9850746268656716,0.10014902555865726,alf,alf,2.418630477183995,36.0,16,0.00125,0.0,0.0,0.0,0.5,0.9648056541348734,0.0,1.0,0.0,0.0,0,0.0,0.0,0.0,1.1793880000000172,21007,0,200,0.008908066109573664,2.566542288557214
0.0,7.9,2.0,0.0,0.008213753539312385,0.012345679012345678,240,1.0,47.0,0.0625,0.9375,2.9375,2.9375,0.0,0.0,2.0,0.19583333333333333,0.0,0.0036159593207571268,0.0625,18.0,0.9375,0.0009110594716167108,0.0003644237877799822,0.17395918417860945,0.0178729605456835,2.8137437810945274,5.365671641791045,29.40671641791045,45.01990049751244,0.08644278606965174,187.23552452024424,2.8137437810945274,0.9135572139303483,0.9079601990049752,0.0,0.0,2.2388059701492535,0.1875829187396348,0.6343283582089553,7.710535890984986,953.5826959936206,59.59891849960129,0.0,0.003191205902850274,alf,alf,1.0811946079838228,36.0,16,0.0,0.0,0.0,0.0,0.5,0.9736602943956153,0.0009110594716167108,0.6878109452736318,0.0,0.0003125,1,0.0025974025974025974,0.0003644237877799822,0.004317320444671607,1.1965972999996666,21008,0,200,0.01644985155804095,3.105721393034826
0.0,7.9,1.0,0.0,0.018687493362412034,0.012345679012345678,240,1.0,50.0,0.0,1.0,3.125,3.125,1.0,1.0,1.0,0.20833333333333334,1.0,0.19791029426161663,0.0,18.0,1.0,0.0,0.0,0.14788309695304572,0.0,2.9054726368159205,5.624378109452737,31.8681592039801,46.48756218905473,0.17786069651741293,196.06679751053863,2.9054726368159205,0.822139303482587,0.822139303482587,0.9303482587064676,0.9303482587064676,1.8407960199004976,0.19369817578772816,0.3756218905472637,7.900000000000022,998.5599999999981,62.40999999999988,0.31840796019900497,0.06191216840656563,alf,alf,1.1649488117556681,36.0,16,0.0,0.0,0.0,0.0,0.5,0.6452919460368048,0.0,1.0,0.0,0.0,0,0.0,0.0,0.0,1.0436604999999872,21009,0,200,0.029152004311950138,3.031094527363184
0.0,7.9,1.0,0.00125,0.020372713074560705,0.012345679012345678,240,0.9994671781756181,44.0,0.0,1.0,2.75,2.75,1.0,1.0,1.0,0.18333333333333332,1.0,0.1146700446508182,0.0,18.0,1.0,0.0,0.0,0.176966535481795,0.0,2.5391791044776117,5.649875621890548,32.14863184079602,40.62686567164179,0.11162935323383084,196.06679751053863,2.5391791044776117,0.8883706467661692,0.8883706467661692,0.6417910447761194,0.6417910447761194,1.7164179104477613,0.16927860696517408,0.35012437810945274,7.900000000000022,998.5599999999981,62.40999999999988,0.6417910447761194,0.0737252538863771,alf,alf,1.1909115865246187,36.0,16,0.0009375,0.0,0.0,0.0,0.5,0.7845570859680483,0.0,1.0,0.0,0.0,0,0.0,0.0,0.0,1.1117828999999801,21010,0,200,0.02531882647074417,2.9079601990049753
0.0,7.9,1.0,0.0025,0.012064193950157254,0.012345679012345678,240,0.9988165357766142,42.0,0.0,1.0,2.625,2.625,1.0,1.0,1.0,0.175,1.0,0.13997015956587866,0.0,18.0,1.0,0.0003036864905389036,0.0003036864810285425,0.12217209970050245,0.023750877738928432,2.476990049751244,5.648009950248756,32.23009950248756,39.6318407960199,0.08830845771144279,193.88055436652562,2.476990049751244,0.9116915422885572,0.9116915422885572,0.2835820895522388,0.2835820895522388,1.8706467661691542,0.16513266998341647,0.35199004975124376,7.853162779980977,987.4255550985442,61.714097193659015,0.2736318407960199,0.0388872164119334,alf,alf,2.0022003586590387,36.0,16,0.0025,0.0,0.0,0.0,0.5,0.8645482514085593,0.0003036864905389036,0.9490049751243781,0.0,0.0,0,0.0,0.0003036864810285425,0.003941156325874788,1.1340096000003541,21011,0,200,0.00998143704083596,2.6243781094527363
0.0,7.9,1.0,0.0,0.016486654872059067,0.012345679012345678,240,1.0,53.0,0.0,0.9375,3.3125,3.3125,0.0,1.0,2.0,0.22083333333333333,0.0625,0.38431582975038253,0.0,18.0,1.0,0.0014019660940672624,0.0014019660930781651,0.3844768693844212,0.04317480078310183,3.0824004975124377,4.879353233830845,24.79415422885572,49.318407960199,0.09266169154228855,176.20705795188866,3.0824004975124377,0.9073383084577115,0.8650497512437811,0.0,0.6766169154228856,2.308457711442786,0.2054933665008294,1.1206467661691542,7.451344798238108,897.4151769831406,56.088448561446285,0.04228855721393035,0.2605801888358094,alf,alf,0.3284770887410736,36.0,16,0.0,0.0,0.0,0.0,0.5,0.9494273899126002,0.0014019660940672624,0.6881218905472637,0.0,0.0,0,0.0,0.0014019660930781651,0.009177914696549893,1.1996817999997802,21012,0,200,0.02389500512714129,3.587686567164179
0.0,7.9,1.0,0.00125,0.018390944656181428,0.012345679012345678,240,0.9996754606365159,44.0,0.0,1.0,2.75,2.75,1.0,1.0,1.0,0.18333333333333332,1.0,0.23027846565784355,0.0,18.0,1.0,0.0,0.0,0.035624118214895674,5.551115123125783e-17,2.726990049751244,5.625,32.0,43.6318407960199,0.009950248756218905,193.237400626899,2.726990049751244,0.9900497512437811,0.9900497512437811,0.9203980099502488,0.9203980099502488,1.1144278606965174,0.1817993366500827,0.375,7.839262701892249,984.1499999999965,61.50937499999978,0.9203980099502488,0.21222421338624403,alf,alf,2.3146874882014266,36.0,16,0.00125,0.0,0.0,0.0,0.5,0.9832580832980251,0.0,0.9375,0.0,0.0,0,0.0,0.0,0.0,1.1511358999996446,21013,0,200,0.009453963926700755,3.0696517412935322
0.0,7.9,1.0,0.0025,0.02158888825609686,0.012345679012345678,240,0.9991033755274261,39.0,0.0,0.9375,2.4375,2.4375,0.0,1.0,2.0,0.1625,0.0625,0.26033448542381,0.0,18.0,1.0,0.0012147459621556144,0.00021052154884924372,0.24778780228212174,0.0034184809250458886,2.3121890547263684,5.502487562189055,30.649875621890548,36.995024875621894,0.09546019900497513,193.29067771545957,2.3121890547263684,0.9045398009950248,0.8233830845771144,0.11442786069651742,0.8855721393034826,2.398009950248756,0.1541459369817585,0.4975124378109453,7.840471404341033,984.4213379839313,61.526333623995704,0.11473880597014925,0.17737360046958833,alf,alf,1.9700655228765345,36.0,16,0.0025,0.0,0.0,0.0,0.5,0.962376730902571,0.0012147459621556144,0.9375,0.0,0.0009375,3,0.01507537688442211,0.00021052154884924372,0.0032814002246135455,1.1985061000000314,21014,0,200,0.020990594025158016,2.5808457711442787
0.0,7.9,1.0,0.000625,0.009178531998711334,0.012345679012345678,240,0.999778340721976,52.0,0.0,1.0,3.25,3.25,1.0,1.0,1.0,0.21666666666666667,1.0,0.3515805168532347,0.0,18.0,1.0,0.005256280405117185,0.0018732932736558428,0.4415391945743917,0.07512180675366587,3.001554726368159,5.193407960199005,27.861940298507463,48.024875621890544,0.07027363184079602,183.449038443273,3.001554726368159,0.929726368159204,0.9169776119402985,0.8308457711442786,0.8606965174129353,1.5024875621890548,0.20010364842454365,0.806592039800995,7.611697172676468,934.2982807584651,58.39364254740407,0.7472014925373134,0.24038760556139974,alf,alf,3.1401796936441473,36.0,16,0.000625,0.0,0.0,0.0,0.5,0.8352193952032555,0.005256280405117185,0.7503109452736318,0.0,0.0040625,13,0.021848739495798318,0.0018732932736558428,0.010106097881064598,1.17321579999998,21015,0,200,0.026559912804611015,3.4888059701492535
0.0,7.9,1.0,0.000625,0.010851732600550192,0.012345679012345678,240,0.9997373673705222,49.0,0.0,1.0,3.0625,3.0625,1.0,1.0,1.0,0.20416666666666666,1.0,0.2853093422273896,0.0,18.0,1.0,0.0,0.0,0.27343382589539866,5.551115123125783e-17,2.771144278606965,5.294154228855722,28.360696517412936,44.33830845771144,0.10665422885572139,193.237400626899,2.771144278606965,0.8933457711442786,0.8924129353233831,0.8656716417910447,0.8656716417910447,1.5323383084577114,0.18474295190713055,0.7058457711442786,7.839262701892249,984.1499999999965,61.50937499999978,0.6069651741293532,0.14240716552245306,alf,alf,1.3373894555014036,36.0,16,0.000625,0.0,0.0,0.0,0.5,0.7618855368748977,0.0,0.9375,0.0,0.0,0,0.0,0.0,0.0,1.1655465999997432,21016,0,200,0.01592918023329245,2.91728855721393
0.0,7.9,1.0,0.00125,0.011123664272701455,0.012345679012345678,240,0.9995954182429593,54.0,0.0,1.0,3.375,3.375,1.0,1.0,1.0,0.225,1.0,0.33639562656634797,0.0,18.0,1.0,0.0007009830470336312,0.000700983044871838,0.15817987178535184,0.040043139458073904,3.279228855721393,5.384328358208955,29.824626865671643,52.46766169154229,0.026741293532338308,185.13811910732517,3.279228855721393,0.9732587064676617,0.9717039800995025,0.8606965174129353,0.8606965174129353,1.2338308457711442,0.2186152570480937,0.6156716417910447,7.655068688018866,942.9006979413401,58.93129362133376,0.8606965174129353,0.2804878566012764,alf,alf,0.7193183926061184,36.0,16,0.00125,0.0,0.0,0.0,0.5,0.8942778263621562,0.0007009830470336312,0.8171641791044776,0.0,0.0,0,0.0,0.000700983044871838,0.006489765719082104,1.1521161999999094,21017,0,200,0.01655411669341673,3.7723880597014925
0.0,7.9,1.0,0.00125,0.009063362404172855,0.012345679012345678,240,0.999645839940797,54.0,0.0,1.0,3.375,3.375,1.0,1.0,1.0,0.225,1.0,0.39558593785795326,0.0,18.0,1.0,0.0003972965564947276,0.0003972965561832875,0.21597856488700776,0.013335207673842279,3.2527985074626864,5.248756218905473,28.488805970149254,52.04477611940298,0.07835820895522388,178.91100910169155,3.2527985074626864,0.9216417910447762,0.8899253731343284,0.7661691542288557,0.7661691542288557,1.527363184079602,0.21685323383084668,0.7512437810945274,7.531227691832282,911.1862871069852,56.949142944186576,0.7437810945273632,0.2855880833474034,alf,alf,1.1441293849166572,36.0,16,0.00125,0.0,0.0,0.0,0.5,0.8809515937931486,0.0003972965564947276,0.625,0.0,0.0,0,0.0,0.0003972965561832875,0.005156000960394638,1.1776389999999992,21018,0,200,0.014091034633538604,3.9017412935323383
0.0,7.9,1.0,0.000625,0.011643744594531222,0.012345679012345678,240,0.9995767195767196,40.0,0.0,1.0,2.5,2.5,1.0,1.0,1.0,0.16666666666666666,1.0,0.26473818210275324,0.0,18.0,1.0,0.0,0.0,0.1559336402564293,5.551115123125783e-17,2.345771144278607,5.625,32.0,37.53233830845771,0.03793532338308458,193.237400626899,2.345771144278607,0.9620646766169154,0.9620646766169154,0.8905472636815921,0.8905472636815921,1.373134328358209,0.15638474295190763,0.375,7.839262701892249,984.1499999999965,61.50937499999978,0.8756218905472637,0.19174885402994155,alf,alf,1.800455412847679,36.0,16,0.0003125,0.0,0.0,0.0,0.5,0.93164805179239,0.0,0.9375,0.0,0.0,0,0.0,0.0,0.0,1.0728612999996585,21019,0,200,0.01790350674703475,2.6592039800995027
0.0,8.0,2.0,0.0,0.012338875026287228,0.012345679012345678,240,1.0,53.0,0.0625,0.9375,3.3125,3.3125,0.0,0.0,2.0,0.22083333333333333,0.0,0.0005275475156797304,0.0625,18.0,0.9375,0.0004736717274537655,0.00047367168018422166,0.18492735328333457,0.04014735067486394,3.1809701492537314,4.819651741293533,25.087064676616915,50.8955223880597,0.08986318407960199,173.67317980072167,3.1809701492537314,0.910136815920398,0.910136815920398,0.0,0.0,2.1393034825870645,0.2120646766169153,1.1803482587064678,7.346344180105665,884.5102415287157,55.28189009554473,0.0,0.000595638180896418,alf,alf,1.3111209246851816,36.0,16,0.0,0.0,0.0,0.0,0.5,0.9020393563145401,0.0004736717274537655,0.75,0.0,0.0,0,0.0,0.00047367168018422166,0.004346709878701679,1.1336145000000215,21000,0,200,0.025523664101939902,3.572139303482587
0.0,8.0,1.0,0.000625,0.016386790532769976,0.012345679012345678,240,0.9998852014193279,67.0,0.0,1.0,4.1875,4.1875,1.0,1.0,1.0,0.2791666666666667,1.0,0.19412274244037303,0.0,18.0,1.0,0.0007322330470336311,0.0007322326526915551,0.21088586916165442,0.06674416372244295,4.092350746268656,5.16542288557214,27.450248756218905,65.4776119402985,0.07587064676616916,187.62312460225314,4.092350746268656,0.9241293532338308,0.9241293532338308,0.9751243781094527,0.9751243781094527,1.3333333333333333,0.27282338308457754,0.8345771144278606,7.7057785697867285,955.556727001446,59.722295437590375,0.6965174129353234,0.13310848658221816,alf,alf,0.7423888683715184,36.0,16,0.000625,0.0,0.0,0.0,0.5,0.8412195724221442,0.0007322330470336311,0.7699004975124378,0.0,0.0,0,0.0,0.0007322326526915551,0.006743755086980858,1.1446211999996194,21001,0,200,0.018253273117657152,4.483830845771144
0.0,8.0,1.0,0.001875,0.01019498180266742,0.012345679012345678,240,0.9993957545187052,61.0,0.0,1.0,3.8125,3.8125,1.0,1.0,1.0,0.25416666666666665,1.0,0.3687121871214796,0.0,18.0,1.0,0.0006698729810778071,0.0006698729798579417,0.24566223608326526,0.0333662816499261,3.721082089552239,5.243781094527363,28.19402985074627,59.53731343283582,0.008706467661691543,187.89099519062395,3.721082089552239,0.9912935323383084,0.9912935323383084,0.9303482587064676,0.9303482587064676,1.1393034825870647,0.24807213930348362,0.7562189054726368,7.719386542265893,956.9209807053868,59.807561294086675,0.9303482587064676,0.34042223889320467,alf,alf,0.8229351495410339,36.0,16,0.001875,0.0,0.0,0.0,0.5,0.9353481325460306,0.0006698729810778071,0.625,0.0,0.0,0,0.0,0.0006698729798579417,0.006147176062161038,1.146378299999924,21002,0,200,0.03027829236251549,3.921641791044776
0.0,8.0,1.0,0.000625,0.01470097619531628,0.012345679012345678,240,0.9996816300541229,40.0,0.0,1.0,2.5,2.5,1.0,1.0,1.0,0.16666666666666666,1.0,0.08051812170772962,0.0,18.0,1.0,0.0017994025846061656,0.0017994025833366722,0.05802455384767704,0.055414213259313144,2.4536691542288556,5.748134328358209,33.358830845771145,39.25870646766169,0.024875621890547265,197.09533110432886,2.4536691542288556,0.9751243781094527,0.970771144278607,0.7562189054726368,0.7562189054726368,1.373134328358209,0.16357794361525738,0.251865671641791,7.915108198574177,1003.7982785788073,62.737392411175456,0.7562189054726368,0.06118516648352215,alf,alf,1.8134174287994451,36.0,16,0.000625,0.0,0.0,0.0,0.5,0.9802445378695221,0.0017994025846061656,0.75,0.0,0.0,0,0.0,0.0017994025833366722,0.01243678546628005,1.1403877000002467,21003,0,200,0.010036115876844871,2.683457711442786
0.0,8.0,1.0,0.001875,0.020508004610793783,0.012345679012345678,240,0.9992687767679933,44.0,0.0,1.0,2.75,2.75,1.0,1.0,1.0,0.18333333333333332,1.0,0.09660861084336578,0.0,18.0,1.0,0.0,0.0,0.10160020791564565,0.0,2.6853233830845773,5.376243781094527,29.138681592039802,42.96517412935324,0.06063432835820896,201.06192982974676,2.6853233830845773,0.9393656716417911,0.9393656716417911,0.9552238805970149,0.9552238805970149,1.263681592039801,0.17902155887230492,0.6237562189054726,8.0,1024.0,64.0,0.8656716417910447,0.0836318649970002,alf,alf,2.018509471776935,36.0,16,0.001875,0.0,0.0,0.0,0.5,0.9397457507301488,0.0,1.0,0.0,0.0,0,0.0,0.0,0.0,1.14778780000006,21004,0,200,0.009070630409844606,2.7170398009950247
0.0,8.0,1.0,0.0025,0.02312412878425536,0.012345679012345678,240,0.998944949336676,48.0,0.0,1.0,3.0,3.0,1.0,1.0,1.0,0.2,1.0,0.14339801874248495,0.0,18.0,1.0,0.0,0.0,0.22009665602336576,5.551115123125783e-17,2.790733830845771,5.5,30.625,44.65174129353234,0.09483830845771145,197.92033717615698,2.790733830845771,0.9051616915422885,0.9051616915422885,0.9552238805970149,0.9552238805970149,1.4477611940298507,0.1860489220563848,0.5,7.93301270189225,1008.0,63.0,0.6368159203980099,0.09252161828636646,alf,alf,0.673106222202849,36.0,16,0.0025,0.0,0.0,0.0,0.5,0.857551074663228,0.0,0.9375,0.0,0.0,0,0.0,0.0,0.0,1.1111221000001024,21005,0,200,0.017118416436650588,2.8861940298507465
0.0,8.0,1.0,0.000625,0.01073526528005639,0.012345679012345678,240,0.9998422712933754,44.0,0.0,1.0,2.75,2.75,1.0,1.0,1.0,0.18333333333333332,1.0,0.18991909797778722,0.0,18.0,1.0,0.0,0.0,0.08708942847949308,0.0,2.691542288557214,5.749378109452737,33.2431592039801,43.06467661691542,0.04042288557213931,201.06192982974676,2.691542288557214,0.9595771144278606,0.9595771144278606,0.8756218905472637,0.8756218905472637,1.3582089552238805,0.1794361525704807,0.2506218905472637,8.0,1024.0,64.0,0.8407960199004975,0.1596991247058907,alf,alf,1.4110320928289972,36.0,16,0.000625,0.0,0.0,0.0,0.5,0.9721207722980497,0.0,1.0,0.0,0.0,0,0.0,0.0,0.0,1.1920218000000204,21006,0,200,0.013807576187300653,2.8103233830845773
0.0,8.0,1.0,0.00125,0.010415875358860086,0.012345679012345678,240,0.9995309568480301,40.0,0.0,1.0,2.5,2.5,1.0,1.0,1.0,0.16666666666666666,1.0,0.183497307816141,0.0,18.0,1.0,0.0,0.0,0.0706851315561496,0.0,2.4266169154228856,5.625,31.875,38.82587064676617,0.0006218905472636816,201.06192982974676,2.4266169154228856,0.9993781094527363,0.9993781094527363,0.9900497512437811,0.9900497512437811,1.0099502487562189,0.16177446102819287,0.375,8.0,1024.0,64.0,0.9900497512437811,0.13549180182881623,alf,alf,2.418630477183995,36.0,16,0.00125,0.0,0.0,0.0,0.5,0.9646344036640331,0.0,1.0,0.0,0.0,0,0.0,0.0,0.0,1.1046894000000975,21007,0,200,0.008853779154620964,2.466417910447761
0.0,8.0,2.0,0.0003125,0.008035544159481841,0.012345679012345678,240,0.9999328182734297,46.0,0.0625,0.9375,2.875,2.875,0.0,0.0,2.0,0.19166666666666668,0.0,0.0036159593207571268,0.0625,18.0,0.9375,0.0010048094716167105,0.00040192378778375863,0.1351946733991733,0.019242460867224788,2.7723880597014925,5.366293532338308,29.412935323383085,44.35820895522388,0.0845771144278607,191.27128749133882,2.7723880597014925,0.9154228855721394,0.9088930348258707,0.0,0.0,2.228855721393035,0.18482587064676645,0.6337064676616916,7.791372892468069,974.1366680255227,60.88354175159517,0.0,0.0031999274337567276,alf,alf,1.0811946079838228,36.0,16,0.0003125,0.0,0.0,0.0,0.5,0.9755253496012724,0.0010048094716167105,0.6878109452736318,0.0,0.0003125,1,0.0025906735751295338,0.00040192378778375863,0.004761582102990919,1.2472318999998606,21008,0,200,0.01587402423194493,3.001865671641791
0.0,8.0,1.0,0.0,0.017634812888343177,0.012345679012345678,240,1.0,52.0,0.0,1.0,3.25,3.25,1.0,1.0,1.0,0.21666666666666667,1.0,0.23777652168793037,0.0,18.0,1.0,0.0,0.0,0.17762245984010297,0.0,3.009950248756219,5.602611940298507,31.628731343283583,48.159203980099505,0.1654228855721393,201.06192982974676,3.009950248756219,0.8345771144278606,0.8345771144278606,0.9303482587064676,0.9303482587064676,1.7860696517412935,0.20066334991708107,0.39738805970149255,8.0,1024.0,64.0,0.3681592039800995,0.0824517119959124,alf,alf,1.1318033017182492,36.0,16,0.0,0.0,0.0,0.0,0.5,0.7393350301482396,0.0,1.0,0.0,0.0,0,0.0,0.0,0.0,1.2281063000000358,21009,0,200,0.02504488089491341,3.037313432835821
0.0,8.0,1.0,0.000625,0.013756594437762802,0.012345679012345678,240,0.9996824388694824,44.0,0.0,1.0,2.75,2.75,1.0,1.0,1.0,0.18333333333333332,1.0,0.1146700446508182,0.0,18.0,1.0,0.0,0.0,0.133220712358605,0.0,2.6175373134328357,5.630597014925373,31.936567164179106,41.88059701492537,0.04415422885572139,201.06192982974676,2.6175373134328357,0.9558457711442786,0.9558457711442786,0.746268656716418,0.746268656716418,1.3681592039800996,0.17450248756218892,0.3694029850746269,8.0,1024.0,64.0,0.746268656716418,0.08607588191081393,alf,alf,1.1909115865246187,36.0,16,0.0003125,0.0,0.0,0.0,0.5,0.83626924300642,0.0,1.0,0.0,0.0,0,0.0,0.0,0.0,1.127939100000276,21010,0,200,0.02045998129396722,2.8992537313432836
0.0,8.0,1.0,0.0025,0.009417632330874774,0.012345679012345678,240,0.9988188547790114,42.0,0.0,1.0,2.625,2.625,1.0,1.0,1.0,0.175,1.0,0.13997015956587866,0.0,18.0,1.0,0.00033493649053890353,0.00033493647888446136,0.10217878270339843,0.02642286809710728,2.5024875621890548,5.64863184079602,32.2363184079602,40.039800995024876,0.07835820895522388,198.6496228959571,2.5024875621890548,0.9216417910447762,0.9216417910447762,0.31343283582089554,0.31343283582089554,1.8109452736318408,0.16683250414593714,0.3513681592039801,7.948676398360312,1011.7142216714407,63.23213885446504,0.3034825870646766,0.04322316047621436,alf,alf,2.0022003586590387,36.0,16,0.0025,0.0,0.0,0.0,0.5,0.8596955405037451,0.00033493649053890353,0.9493159203980099,0.0,0.0,0,0.0,0.00033493647888446136,0.004346709878701692,1.1444429000002856,21011,0,200,0.00917840932016684,2.6256218905472637
0.0,8.0,1.0,0.0003125,0.015942097838893162,0.012345679012345678,240,0.9999200767263428,52.0,0.0,0.9375,3.25,3.25,0.0,1.0,2.0,0.21666666666666667,0.0625,0.38431582975038253,0.0,18.0,1.0,0.0014644660940672622,0.0014644660930340709,0.3711046756268409,0.04509954422758515,3.0245646766169156,4.880597014925373,24.807835820895523,48.39303482587065,0.0960820895522388,179.67038443437323,3.0245646766169156,0.9039179104477612,0.8588308457711443,0.0,0.6567164179104478,2.482587064676617,0.20163764510779408,1.1194029850746268,7.520716688784979,915.0537539184521,57.19085961990326,0.041044776119402986,0.2531952115650019,alf,alf,0.3284770887410736,36.0,16,0.0003125,0.0,0.0,0.0,0.5,0.9517841818245647,0.0014644660940672622,0.6881218905472637,0.0,0.0,0,0.0,0.0014644660930340709,0.009537109905332259,1.1920500999999604,21012,0,200,0.023836584068030846,3.394278606965174
0.0,8.0,1.0,0.00125,0.018016856627366306,0.012345679012345678,240,0.9996755625327054,45.0,0.0,1.0,2.8125,2.8125,1.0,1.0,1.0,0.1875,1.0,0.272409479195927,0.0,18.0,1.0,0.0,0.0,0.04479468329991832,5.551115123125783e-17,2.7761194029850746,5.625,32.0,44.417910447761194,0.009639303482587064,197.92033717615698,2.7761194029850746,0.990360696517413,0.990360696517413,0.9253731343283582,0.9253731343283582,1.109452736318408,0.18507462686567167,0.375,7.93301270189225,1008.0,63.0,0.9253731343283582,0.24542285031721683,alf,alf,2.3146874882014266,36.0,16,0.00125,0.0,0.0,0.0,0.5,0.983740798142933,0.0,0.9375,0.0,0.0,0,0.0,0.0,0.0,1.1596825000001445,21013,0,200,0.009156776616343528,3.066542288557214
0.0,8.0,1.0,0.0015625,0.01736335333262308,0.012345679012345678,240,0.9994462025316456,42.0,0.0,1.0,2.625,2.625,1.0,1.0,1.0,0.175,1.0,0.2109950850248319,0.0,18.0,1.0,0.0013397459621556141,0.00023218467383667564,0.25015779312393255,0.0037702500429876015,2.474502487562189,5.502487562189055,30.649875621890548,39.592039800995025,0.0914179104477612,197.97917159223348,2.474502487562189,0.9085820895522388,0.8725124378109452,0.8855721393034826,0.8855721393034826,1.6218905472636815,0.1649668325041462,0.4975124378109453,7.934345782450369,1008.2996412205601,63.01872757628501,0.7549751243781094,0.14467153090319448,alf,alf,1.9700655228765345,36.0,16,0.0015625,0.0,0.0,0.0,0.5,0.9652790963172455,0.0013397459621556141,0.9375,0.0,0.0009375,3,0.01507537688442211,0.00023218467383667564,0.003619063440508349,1.1183356999999887,21014,0,200,0.019292930531615203,2.5808457711442787
0.0,8.0,1.0,0.00125,0.00912394196051785,0.012345679012345678,240,0.9995409939854385,43.0,0.0,0.6875,2.6875,2.6875,1.0,1.0,2.0,0.17916666666666667,0.3125,0.13638872008335823,0.0,18.0,1.0,0.0053589838486224565,0.0016156825823710774,0.08204623647929507,0.047128223223542924,2.656405472636816,5.262437810945274,28.483830845771145,42.50248756218905,0.04508706467661692,189.17325948176463,2.656405472636816,0.9549129353233831,0.7391169154228856,0.7412935323383084,0.8606965174129353,2.1194029850746268,0.17709369817578807,0.7375621890547264,7.734575950590508,963.4514991145152,60.2157186946572,0.2904228855721393,0.12099863673704668,alf,alf,3.1277149796651993,36.0,16,0.00125,0.0,0.0,0.0,0.5,0.8834560149096913,0.0053589838486224565,0.7503109452736318,0.0,0.0040625,13,0.021848739495798318,0.0016156825823710774,0.009546791642997146,1.1682119000001876,21015,0,200,0.021677021273782154,3.2232587064676617
0.0,8.0,1.0,0.000625,0.011303750077513545,0.012345679012345678,240,0.9997376980379814,49.0,0.0,1.0,3.0625,3.0625,1.0,1.0,1.0,0.20416666666666666,1.0,0.2853093422273896,0.0,18.0,1.0,0.0,0.0,0.2964870919036658,5.551115123125783e-17,2.800062189054726,5.251865671641791,27.895522388059703,44.80099502487562,0.10914179104477612,197.92033717615698,2.800062189054726,0.8908582089552238,0.8899253731343284,0.8855721393034826,0.8855721393034826,1.527363184079602,0.18667081260364785,0.7481343283582089,7.933012701892249,1008.0,63.0,0.5920398009950248,0.1484068363429203,alf,alf,1.3373894555014036,36.0,16,0.000625,0.0,0.0,0.0,0.5,0.7506369299192449,0.0,0.9375,0.0,0.0,0,0.0,0.0,0.0,1.1407194999997046,21016,0,200,0.015440756795873208,2.8855721393034828
0.0,8.0,1.0,0.00125,0.011213562806623436,0.012345679012345678,240,0.999595545750604,54.0,0.0,1.0,3.375,3.375,1.0,1.0,1.0,0.225,1.0,0.33639562656634797,0.0,18.0,1.0,0.0007322330470336311,0.0007322330447754644,0.15018811415559022,0.0418282726554603,3.287313432835821,5.384328358208955,29.824626865671643,52.59701492537314,0.02394278606965174,189.23299560216864,3.287313432835821,0.9760572139303483,0.9760572139303483,0.8656716417910447,0.8656716417910447,1.2139303482587065,0.21915422885572222,0.6156716417910447,7.7370649566747165,963.7557326775051,60.23473329234407,0.8656716417910447,0.2825544486966091,alf,alf,0.7164171192819347,36.0,16,0.00125,0.0,0.0,0.0,0.5,0.8981224753132901,0.0007322330470336311,0.8171641791044776,0.0,0.0,0,0.0,0.0007322330447754644,0.006743755086981835,1.1785737999998673,21017,0,200,0.015864824287006342,3.7705223880597014
0.0,8.0,1.0,0.00125,0.008797259176584813,0.012345679012345678,240,0.9996459522299724,54.0,0.0,1.0,3.375,3.375,1.0,1.0,1.0,0.225,1.0,0.39558593785795326,0.0,18.0,1.0,0.0003972965564947276,0.0003972965561832875,0.21838877750550728,0.013335207673842279,3.2450248756218905,5.248756218905473,28.488805970149254,51.92039800995025,0.08271144278606965,182.03296680119632,3.2450248756218905,0.9172885572139303,0.8899253731343284,0.7711442786069652,0.7711442786069652,1.5223880597014925,0.216334991708127,0.7512437810945274,7.593727691832281,927.0862871069849,57.94289294418655,0.7468905472636815,0.28634062710153924,alf,alf,1.1339011154877097,36.0,16,0.00125,0.0,0.0,0.0,0.5,0.8738110682300478,0.0003972965564947276,0.625,0.0,0.0,0,0.0,0.0003972965561832875,0.005156000960394638,1.1675233999999364,21018,0,200,0.014232401292507923,3.912313432835821
0.0,8.0,1.0,0.000625,0.011126747037754996,0.012345679012345678,240,0.999576853908812,38.0,0.0,1.0,2.375,2.375,1.0,1.0,1.0,0.15833333333333333,1.0,0.15668993152444527,0.0,18.0,1.0,0.0,0.0,0.09811019529219574,5.551115123125783e-17,2.2705223880597014,5.625,32.0,36.32835820895522,0.03575870646766169,197.92033717615698,2.2705223880597014,0.9642412935323383,0.9642412935323383,0.8905472636815921,0.8905472636815921,1.3582089552238805,0.1513681592039809,0.375,7.933012701892249,1008.0,63.0,0.8855721393034826,0.1269567948140252,alf,alf,1.7996879761786624,36.0,16,0.0003125,0.0,0.0,0.0,0.5,0.934918048894709,0.0,0.9375,0.0,0.0,0,0.0,0.0,0.0,1.187841699999808,21019,0,200,0.01724481069185454,2.56592039800995
0.0,7.0,1.0,0.0,0.01698317000191008,0.012345679012345678,240,1.0,61.0,0.0,1.0,3.8125,3.8125,1.0,1.0,1.0,0.25416666666666665,1.0,0.4051627946744725,0.0,18.0,1.0,0.001991197968197117,0.001691203470749056,0.3316409247295859,0.05675216507117595,3.445584577114428,2.754353233830846,10.662313432835822,55.12935323383085,0.11038557213930349,153.06359850415657,3.445584577114428,0.8896144278606966,0.8896144278606966,0.024875621890547265,0.024875621890547265,2.3333333333333335,0.22970563847429448,3.246268656716418,6.979126347411236,779.5465058998323,48.721656618739516,0.024875621890547265,0.01173954560954099,crmf,crmf,1.3111209246851816,36.0,16,0.0,0.0,0.0,0.0,0.5,0.8958724898649026,0.001991197968197117,0.7151741293532339,0.0,0.0003125,1,0.002,0.001691203470749056,0.010415151219522112,1.2437482999998792,21000,16,200,0.036429738436819105,4.034203980099503
0.0,7.0,1.0,0.0,0.03185546769731122,0.012345679012345678,240,1.0,66.0,0.0,1.0,4.125,4.125,1.0,1.0,1.0,0.275,1.0,0.2735070658800831,0.0,18.0,1.0,0.010248099333539927,0.0008081471534913209,0.2570914086284993,0.006456312295585846,3.8694029850746268,2.4036069651741294,8.621268656716419,61.91044776119403,0.1333955223880597,152.29905357633407,3.8694029850746268,0.8666044776119403,0.8666044776119403,0.9203980099502488,0.9203980099502488,1.5771144278606966,0.25796019900497436,3.615049751243781,6.961822471136747,775.652710556511,48.47829440978194,0.5970149253731343,0.16312366403013545,crmf,crmf,0.7423888683715184,36.0,16,0.0,0.0,0.0,0.0,0.5,0.7431365314356877,0.010248099333539927,0.8125,0.0,0.0125,40,0.14705882352941177,0.0008081471534913209,0.005519109536346149,1.2920681000000513,21001,16,200,0.0220213041737409,4.75
0.0,7.0,1.0,0.00125,0.010597959114467925,0.012345679012345678,240,0.9995253164556962,65.0,0.0,1.0,4.0625,4.0625,1.0,1.0,1.0,0.2708333333333333,1.0,0.46502140599849034,0.0,18.0,1.0,0.0010548660872209575,0.00018077860973416405,0.4778749288383951,0.008125632385051713,3.863495024875622,2.146455223880597,7.560634328358209,61.81592039800995,0.030472636815920398,153.55427229787864,3.863495024875622,0.9695273631840796,0.9689054726368159,0.9203980099502488,0.9203980099502488,1.243781094527363,0.2575663349917087,3.855410447761194,6.991193826454,782.0454870107609,48.877842938172556,0.8855721393034826,0.4001775577360911,crmf,crmf,0.8220891170972661,36.0,16,0.00125,0.0,0.0,0.0,0.5,0.908058822241372,0.0010548660872209575,0.5771144278606966,0.0,0.0,0,0.0,0.00018077860973416405,0.0017317301455314134,1.2149935000002188,21002,16,200,0.037477657508320446,4.855099502487562
0.0,7.0,1.0,0.0009375,0.023565039397693784,0.012345679012345678,240,0.9997324772605672,38.0,0.0,1.0,2.375,2.375,1.0,1.0,1.0,0.15833333333333333,1.0,0.15968436880669165,0.0,18.0,1.0,0.0008843390751450691,0.0008843390745211649,0.12286824583549912,0.027234013401374865,2.262437810945274,3.849502487562189,15.62997512437811,36.19900497512438,0.06996268656716417,153.569626017562,2.262437810945274,0.9300373134328358,0.9219527363184079,0.7810945273631841,0.7810945273631841,1.681592039800995,0.15082918739635232,2.150497512437811,6.991200606223049,782.1236828629994,48.882730178937464,0.7810945273631841,0.11812887473542613,crmf,crmf,1.8134174287994451,36.0,16,0.0009375,0.0,0.0,0.0,0.5,0.9570371878464943,0.0008843390751450691,0.75,0.0,0.0,0,0.0,0.0008843390745211649,0.0077144671065778846,1.2969883999999183,21003,16,200,0.025057655205687982,2.881218905472637
0.0,7.0,1.0,0.00125,0.02312816421242154,0.012345679012345678,240,0.9994962350196203,38.0,0.0,1.0,2.375,2.375,1.0,1.0,1.0,0.15833333333333333,1.0,0.050908009209049566,0.0,18.0,1.0,0.0,0.0,0.17852280884136532,0.0,2.2002487562189055,3.924129353233831,16.137437810945272,35.20398009950249,0.08675373134328358,153.93804002589985,2.2002487562189055,0.9132462686567164,0.9132462686567164,0.8308457711442786,0.8308457711442786,1.6119402985074627,0.14668325041459448,2.075870646766169,7.0,784.0,49.0,0.7761194029850746,0.037310076070545074,crmf,crmf,1.9058185900027613,36.0,16,0.00125,0.0,0.0,0.0,0.5,0.9297263086709873,0.0,1.0,0.0,0.0,0,0.0,0.0,0.0,1.2042836999999054,21004,16,200,0.020762637396237148,3.1063432835820897
0.0,7.0,1.0,0.000625,0.02583227610271408,0.012345679012345678,240,0.9997381102032264,44.0,0.0,1.0,2.75,2.75,1.0,1.0,1.0,0.18333333333333332,1.0,0.1495924332559766,0.0,18.0,1.0,2.243649053890351e-05,2.2436490523075338e-05,0.2004684289992822,0.0006909518093115021,2.5068407960199006,3.5,13.437810945273633,40.10945273631841,0.07866915422885572,153.92824753960738,2.5068407960199006,0.9213308457711443,0.9213308457711443,0.9303482587064676,0.9303482587064676,1.3980099502487562,0.1671227197346601,2.5,6.999776751338064,783.9501272768446,48.996882954802786,0.7860696517412935,0.10484540520771712,crmf,crmf,0.673106222202849,36.0,16,0.000625,0.0,0.0,0.0,0.5,0.8801856672300122,2.243649053890351e-05,0.9375,0.0,0.0,0,0.0,2.2436490523075338e-05,0.0002911743504326367,1.285372400000142,21005,16,200,0.023622940513514285,3.279228855721393
0.0,7.0,1.0,0.00125,0.05023708245299499,0.012345679012345678,240,0.9996563028764807,42.0,0.0,1.0,2.625,2.625,1.0,1.0,1.0,0.175,1.0,0.13453621098577778,0.0,18.0,1.0,0.0,0.0,0.20996386228063663,0.0,2.472636815920398,3.5435323383084576,13.949004975124378,39.56218905472637,0.13308457711442787,153.93804002589985,2.472636815920398,0.8669154228855721,0.8669154228855721,0.835820895522388,0.835820895522388,1.7213930348258706,0.16484245439469347,2.4564676616915424,7.0,784.0,49.0,0.6716417910447762,0.08704330258534736,crmf,crmf,1.4110320928289972,36.0,16,0.00125,0.0,0.0,0.0,0.5,0.9700441267887303,0.0,1.0,0.0,0.0,0,0.0,0.0,0.0,1.2345150000001013,21006,16,200,0.024495902015988943,2.7941542288557213
0.0,7.0,2.0,0.0015625,0.011888842873244865,0.012345679012345678,240,0.9988965952080706,36.0,0.125,0.875,2.25,2.25,1.0,1.0,2.0,0.15,0.0,0.0006426765666156665,0.125,18.0,0.875,0.0,0.0,0.16454728843345462,0.0,2.192786069651741,3.862562189054726,15.916044776119403,35.08457711442786,0.20833333333333334,153.93804002589985,2.192786069651741,0.7916666666666666,0.7916666666666666,0.9402985074626866,0.9402985074626866,2.3134328358208953,0.14618573797678236,2.137437810945274,7.0,784.0,49.0,0.208955223880597,0.01820238822371767,crmf,crmf,2.418630477183995,36.0,16,0.0015625,0.0,0.0,0.0,0.5,0.9661127701246421,0.0,1.0,0.0,0.0,0,0.0,0.0,0.0,1.2605985000000146,21007,16,200,0.010992620026244822,2.533582089552239
0.0,7.0,1.0,0.0,0.014465492453751474,0.012345679012345678,240,1.0,46.0,0.0,1.0,2.875,2.875,1.0,1.0,1.0,0.19166666666666668,1.0,0.14920163075901402,0.0,18.0,1.0,8.974596215561404e-05,8.974596209230135e-05,0.20199995049627484,0.0027638072372460085,2.6436567164179103,3.4776119402985075,13.779850746268657,42.298507462686565,0.08861940298507463,153.89887008072986,2.6436567164179103,0.9113805970149254,0.9113805970149254,0.26865671641791045,0.26865671641791045,2.074626865671642,0.1762437810945277,2.5223880597014925,6.999107005352256,783.8005091073778,48.987531819211114,0.26865671641791045,0.04185885506062675,crmf,crmf,1.0811946079838228,36.0,16,0.0,0.0,0.0,0.0,0.5,0.962119338065689,8.974596215561404e-05,0.75,0.0,0.0,0,0.0,8.974596209230135e-05,0.0005823487008652728,1.3020260999996935,21008,16,200,0.021379089006834034,3.7120646766169156
0.0,7.0,2.0,0.0,0.01973550933918108,0.012345679012345678,240,1.0,50.0,0.25,0.75,3.125,3.125,1.0,1.0,2.0,0.20833333333333334,0.0,3.9111069584054724e-05,0.25,18.0,0.75,0.0,0.0,0.2738453256107522,0.0,2.913557213930348,3.138681592039801,10.819651741293532,46.61691542288557,0.3050373134328358,153.93804002589985,2.913557213930348,0.6949626865671642,0.6949626865671642,0.900497512437811,0.900497512437811,2.442786069651741,0.19423714759535637,2.861318407960199,7.0,784.0,49.0,0.0,5.135628254310379e-05,crmf,crmf,1.0972966219470421,36.0,16,0.0,0.0,0.0,0.0,0.5,0.43718609413979526,0.0,1.0,0.0,0.0,0,0.0,0.0,0.0,1.2890720999998848,21009,16,200,0.04320781257441394,3.5049751243781095
0.0,7.0,1.0,0.001875,0.04615240622525508,0.012345679012345678,240,0.9988072001734982,36.0,0.0,1.0,2.25,2.25,1.0,1.0,1.0,0.15,1.0,0.16818523309430639,0.0,18.0,1.0,0.0,0.0,0.23675465953813024,0.0,2.0167910447761193,4.128731343283582,17.843905472636816,32.26865671641791,0.19527363184079602,153.93804002589985,2.0167910447761193,0.804726368159204,0.804726368159204,0.7661691542288557,0.7661691542288557,2.189054726368159,0.1344527363184076,1.8712686567164178,7.0,784.0,49.0,0.5920398009950248,0.09340008065356598,crmf,crmf,1.2084774787864174,36.0,16,0.001875,0.0,0.0,0.0,0.5,0.6845440808359398,0.0,1.0,0.0,0.0,0,0.0,0.0,0.0,1.1777876999999535,21010,16,200,0.027948047699346775,2.7319651741293534
0.0,7.0,1.0,0.000625,0.012545167552996337,0.012345679012345678,240,0.9997637051039697,44.0,0.0,1.0,2.75,2.75,1.0,1.0,1.0,0.18333333333333332,1.0,0.1487432389410938,0.0,18.0,1.0,0.0,0.0,0.10802950422019257,0.0,2.675995024875622,3.3420398009950247,12.436567164179104,42.81592039800995,0.061567164179104475,153.93804002589985,2.675995024875622,0.9384328358208955,0.9384328358208955,0.9253731343283582,0.9253731343283582,1.3333333333333333,0.17839966832504126,2.6579601990049753,7.0,784.0,49.0,0.8557213930348259,0.127174520935429,crmf,crmf,2.0022003586590387,36.0,16,0.000625,0.0,0.0,0.0,0.5,0.8407001684662482,0.0,1.0,0.0,0.0,0,0.0,0.0,0.0,1.328203499999745,21011,16,200,0.02607611791333874,3.2195273631840795
0.0,7.0,1.0,0.0,0.029399528379258993,0.012345679012345678,240,1.0,52.0,0.0,1.0,3.25,3.25,1.0,1.0,1.0,0.21666666666666667,1.0,0.17012236784425516,0.0,18.0,1.0,6.730947161671053e-05,6.730947156922601e-05,0.47327417638177277,0.0020728554279345066,2.9698383084577116,3.0363805970149254,11.499067164179104,47.517412935323385,0.1501865671641791,153.90866256702233,2.9698383084577116,0.8498134328358209,0.8498134328358209,0.681592039800995,0.681592039800995,1.791044776119403,0.19798922056384718,2.9636194029850746,6.999330254014192,783.8503818305333,48.99064886440833,0.681592039800995,0.11563854032376286,crmf,crmf,0.3284770887410736,36.0,16,0.0,0.0,0.0,0.0,0.5,0.9168156380224483,6.730947161671053e-05,0.8125,0.0,0.0,0,0.0,6.730947156922601e-05,0.0005043287688101913,1.2734957000002396,21012,16,200,0.03275096608082431,3.394278606965174
0.0,7.0,1.0,0.000625,0.02583912144653343,0.012345679012345678,240,0.9996048055643376,42.0,0.0,1.0,2.625,2.625,1.0,1.0,1.0,0.175,1.0,0.15393065076401735,0.0,18.0,1.0,2.243649053890351e-05,2.2436490523075338e-05,0.0740018811415559,0.0006909518093115021,2.5690298507462686,3.4402985074626864,12.894278606965175,41.1044776119403,0.022388059701492536,153.92824753960738,2.5690298507462686,0.9776119402985075,0.9776119402985075,0.8706467661691543,0.8706467661691543,1.263681592039801,0.17126865671641817,2.5597014925373136,6.999776751338064,783.9501272768446,48.996882954802786,0.8706467661691543,0.1342396833944855,crmf,crmf,2.326844076614802,36.0,16,0.000625,0.0,0.0,0.0,0.5,0.9738725712932461,2.243649053890351e-05,0.9375,0.0,0.0,0,0.0,2.2436490523075338e-05,0.0002911743504326367,1.1473350999999639,21013,16,200,0.014306712679628106,3.167910447761194
0.0,7.0,1.0,0.000625,0.02625839427747731,0.012345679012345678,240,0.9997350291467938,46.0,0.0,1.0,2.875,2.875,1.0,1.0,1.0,0.19166666666666668,1.0,0.4088236336658202,0.0,18.0,1.0,2.243649053890351e-05,2.2436490523075338e-05,0.5093654860028217,0.0006909518093115021,2.504353233830846,3.5111940298507465,13.623756218905474,40.069651741293534,0.15640547263681592,153.92824753960738,2.504353233830846,0.8435945273631841,0.8435945273631841,0.8606965174129353,0.8606965174129353,1.7960199004975124,0.16695688225538985,2.4888059701492535,6.999776751338064,783.9501272768446,48.996882954802786,0.6268656716417911,0.2469975195531459,crmf,crmf,1.9700655228765345,36.0,16,0.0003125,0.0,0.0,0.0,0.5,0.9463364815158283,2.243649053890351e-05,0.9375,0.0,0.0,0,0.0,2.2436490523075338e-05,0.0002911743504326367,1.1916823000001386,21014,16,200,0.027681533049043923,3.1044776119402986
0.0,7.0,1.0,0.000625,0.010441324432612252,0.012345679012345678,240,0.9997324772605672,54.0,0.0,1.0,3.375,3.375,1.0,1.0,1.0,0.225,1.0,0.3739514843078419,0.0,18.0,1.0,0.0004646060281114381,0.00046460602778365776,0.4780450978936165,0.014307958509998935,3.070273631840796,2.935634328358209,10.987873134328359,49.124378109452735,0.10012437810945274,153.74404053543844,3.070273631840796,0.8998756218905473,0.8998756218905473,0.8159203980099502,0.8159203980099502,1.6666666666666667,0.20468490878938717,3.064365671641791,6.995377054449588,783.0119687083442,48.93824804427151,0.7611940298507462,0.2550424917267231,crmf,crmf,3.075556166365473,36.0,16,0.000625,0.0,0.0,0.0,0.5,0.852818598349783,0.0004646060281114381,0.8125,0.0,0.0,0,0.0,0.00046460602778365776,0.005462717626931306,1.3780313000002025,21015,16,200,0.034983855391336575,3.8936567164179103
0.0,7.0,1.0,0.00125,0.045849695810020116,0.012345679012345678,240,0.9995002104377104,40.0,0.0,1.0,2.5,2.5,1.0,1.0,1.0,0.16666666666666666,1.0,0.07879006024327033,0.0,18.0,1.0,2.243649053890351e-05,2.2436490523075338e-05,0.18648672062572708,0.0006909518093115021,2.2686567164179103,3.7568407960199006,15.167910447761194,36.298507462686565,0.09825870646766169,153.92824753960738,2.2686567164179103,0.9017412935323383,0.9017412935323383,0.8606965174129353,0.8606965174129353,1.691542288557214,0.15124378109452813,2.2431592039800994,6.999776751338064,783.9501272768446,48.996882954802786,0.6019900497512438,0.044293284024032334,crmf,crmf,1.3373894555014036,36.0,16,0.00125,0.0,0.0,0.0,0.5,0.8355601275124936,2.243649053890351e-05,0.9375,0.0,0.0,0,0.0,2.2436490523075338e-05,0.0002911743504326367,1.2669417000001886,21016,16,200,0.026146748229057253,3.148009950248756
0.0,7.0,1.0,0.000625,0.034897457823981,0.012345679012345678,240,0.9997619803237068,48.0,0.0,1.0,3.0,3.0,1.0,1.0,1.0,0.2,1.0,0.2081547686996288,0.0,18.0,1.0,4.487298107780702e-05,4.4872981046150675e-05,0.24804460285636493,0.0013819036186230042,2.8041044776119404,3.344216417910448,13.505286069651742,44.865671641791046,0.10820895522388059,153.91845505331474,2.8041044776119404,0.8917910447761194,0.8917910447761194,0.7860696517412935,0.7860696517412935,1.8656716417910448,0.18694029850746277,2.655783582089552,6.999553502676128,783.9002545536882,48.993765909605514,0.527363184079602,0.10986239757345219,crmf,crmf,0.7418547058252827,36.0,16,0.000625,0.0,0.0,0.0,0.5,0.7915320838401293,4.487298107780702e-05,0.875,0.0,0.0,0,0.0,4.4872981046150675e-05,0.00041178271539701086,1.265117200000077,21017,16,200,0.03254917205212634,3.7338308457711444
0.0,7.0,1.0,0.0015625,0.009103847183697885,0.012345679012345678,240,0.9994968753310032,47.0,0.0,1.0,2.9375,2.9375,1.0,1.0,1.0,0.19583333333333333,1.0,0.127310970082756,0.0,18.0,1.0,0.0005319154997281486,0.0005319154993528838,0.14486955768421575,0.01638081393793344,2.804726368159204,3.3983208955223883,12.419465174129353,44.875621890547265,0.13246268656716417,153.71466307656084,2.804726368159204,0.8675373134328358,0.8675373134328358,0.736318407960199,0.736318407960199,1.6417910447761195,0.18698175787728005,2.6016791044776117,6.994707308463781,782.8623505388771,48.92889690867982,0.6218905472636815,0.07648733435678157,crmf,crmf,1.1505198325558887,36.0,16,0.0015625,0.0,0.0,0.0,0.5,0.9091769633080615,0.0005319154997281486,0.625,0.0,0.0,0,0.0,0.0005319154993528838,0.005485948539554092,1.3039653999999246,21018,16,200,0.012447158066573484,3.6430348258706466
0.0,7.0,1.0,0.0,0.020618539521362767,0.012345679012345678,240,1.0,38.0,0.0,1.0,2.375,2.375,1.0,1.0,1.0,0.15833333333333333,1.0,0.22701696689691794,0.0,18.0,1.0,2.243649053890351e-05,2.2436490523075338e-05,0.24215365956288212,0.0006909518093115021,2.193407960199005,3.896766169154229,15.937189054726367,35.09452736318408,0.06623134328358209,153.92824753960738,2.193407960199005,0.933768656716418,0.933768656716418,0.8805970149253731,0.8805970149253731,1.572139303482587,0.14622719734660103,2.103233830845771,6.999776751338064,783.9501272768446,48.996882954802786,0.8109452736318408,0.16821929203669,crmf,crmf,1.8811013985654246,36.0,16,0.0,0.0,0.0,0.0,0.5,0.8888924866422444,2.243649053890351e-05,0.9375,0.0,0.0,0,0.0,2.2436490523075338e-05,0.0002911743504326367,1.33994789999997,21019,16,200,0.02730638697184787,2.86318407960199
0.0,7.1,1.0,0.0,0.014476085281322416,0.012345679012345678,240,1.0,60.0,0.0,1.0,3.75,3.75,1.0,1.0,1.0,0.25,1.0,0.1942165438219171,0.0,18.0,1.0,0.001811020863521953,0.0017968435121061051,0.3392026187470607,0.05976449041478742,3.4169776119402986,2.591728855721393,9.989116915422885,54.67164179104478,0.0929726368159204,157.46978979960156,3.4169776119402986,0.9070273631840796,0.9070273631840796,0.0845771144278607,0.0845771144278607,2.099502487562189,0.22779850746268668,3.408271144278607,7.078720180190468,801.9870538959458,50.12419086849661,0.0845771144278607,0.01725351185523994,crmf,crmf,1.3111209246851816,36.0,16,0.0,0.0,0.0,0.0,0.5,0.8955339612700355,0.001811020863521953,0.75,0.0,0.0003125,1,0.002012072434607646,0.0017968435121061051,0.011059740779545342,1.5513920999997026,21000,16,200,0.029498537401108946,3.763059701492537
0.0,7.1,1.0,0.0,0.031302615016769175,0.012345679012345678,240,1.0,70.0,0.0,1.0,4.375,4.375,1.0,1.0,1.0,0.2916666666666667,1.0,0.2773285097091354,0.0,18.0,1.0,0.004223302246854007,0.00036337746305560527,0.2943367738422316,0.007780661612871675,4.080845771144278,2.2490671641791047,8.306902985074627,65.29353233830845,0.13246268656716417,156.13972332415622,4.080845771144278,0.8675373134328358,0.8675373134328358,0.9203980099502488,0.9203980099502488,1.572139303482587,0.27205638474295113,3.7602611940298507,7.048722149694873,795.2130809612918,49.700817560080736,0.5970149253731343,0.16441242330504038,crmf,crmf,0.7423888683715184,36.0,16,0.0,0.0,0.0,0.0,0.5,0.7387426709344935,0.004223302246854007,0.7767412935323383,0.0,0.0028125,9,0.23076923076923078,0.00036337746305560527,0.0038274027532175705,1.5454516999998305,21001,16,200,0.021556713200707216,4.699626865671642
0.0,7.1,1.0,0.00125,0.00999674700868707,0.012345679012345678,240,0.9995253164556962,66.0,0.0,1.0,4.125,4.125,1.0,1.0,1.0,0.275,1.0,0.4738001246547039,0.0,18.0,1.0,0.0009516113580823709,0.0003485313384425681,0.5019306452810574,0.012408673719355999,3.9207089552238807,2.087997512437811,7.273320895522388,62.73134328358209,0.020522388059701493,157.96228564007217,3.9207089552238807,0.9794776119402985,0.9788557213930348,0.9203980099502488,0.9203980099502488,1.2238805970149254,0.26138059701492455,3.9132462686567164,7.090855443520526,804.4953146147649,50.280957163422805,0.9054726368159204,0.41029651224042873,crmf,crmf,0.8220891170972661,36.0,16,0.00125,0.0,0.0,0.0,0.5,0.9150240441595759,0.0009516113580823709,0.5774253731343284,0.0,0.0,0,0.0,0.0003485313384425681,0.002151712857216541,1.508798299999853,21002,16,200,0.03734656151201557,4.661069651741293
0.0,7.1,1.0,0.0009375,0.03155963164114573,0.012345679012345678,240,0.9997329059829061,38.0,0.0,1.0,2.375,2.375,1.0,1.0,1.0,0.15833333333333333,1.0,0.201661582270075,0.0,18.0,1.0,0.0010093390751450687,0.0010093390744329727,0.11444023662780624,0.0310835002903414,2.2758084577114426,3.74657960199005,15.000932835820896,36.41293532338308,0.05317164179104478,157.941372558447,2.2758084577114426,0.9468283582089553,0.9424751243781094,0.8009950248756219,0.8009950248756219,1.5870646766169154,0.15172056384743027,2.25342039800995,7.089956825129313,804.3888051646551,50.27430032279094,0.8009950248756219,0.1493299200686889,crmf,crmf,1.8134174287994451,36.0,16,0.0009375,0.0,0.0,0.0,0.5,0.956013971752015,0.0010093390751450687,0.75,0.0,0.0,0,0.0,0.0010093390744329727,0.008335450188517836,1.3995294999999714,21003,16,200,0.024223232775279338,2.8128109452736316
0.0,7.1,1.0,0.00125,0.02238940873661969,0.012345679012345678,240,0.9994962350196203,36.0,0.0,1.0,2.25,2.25,1.0,1.0,1.0,0.15,1.0,0.0432435191275912,0.0,18.0,1.0,0.0,0.0,0.11832318506967648,0.0,2.1449004975124377,3.9651741293532337,16.411069651741293,34.318407960199,0.0929726368159204,158.36768566746113,2.1449004975124377,0.9070273631840796,0.9070273631840796,0.8308457711442786,0.8308457711442786,1.6318407960199004,0.14299336650082872,2.0348258706467663,7.099999999999986,806.5599999999982,50.40999999999989,0.746268656716418,0.03229128795815716,crmf,crmf,1.904585994998932,36.0,16,0.00125,0.0,0.0,0.0,0.5,0.9306772536054654,0.0,1.0,0.0,0.0,0,0.0,0.0,0.0,1.390765300000112,21004,16,200,0.019960654166092037,3.01181592039801
0.0,7.1,1.0,0.000625,0.02618506526795179,0.012345679012345678,240,0.999738192480888,44.0,0.0,1.0,2.75,2.75,1.0,1.0,1.0,0.18333333333333332,1.0,0.14555909983844642,0.0,18.0,1.0,5.3686490538903396e-05,5.368649050102731e-05,0.22576483255364968,0.0016533235315531406,2.5733830845771144,3.433457711442786,12.995646766169154,41.17412935323383,0.07960199004975124,158.34400669065397,2.5733830845771144,0.9203980099502488,0.9203980099502488,0.9303482587064676,0.9303482587064676,1.3930348258706469,0.17155887230514089,2.566542288557214,7.099465806064629,806.4394039613993,50.40246274758746,0.7810945273631841,0.10987677270441182,crmf,crmf,0.673106222202849,36.0,16,0.000625,0.0,0.0,0.0,0.5,0.876971776580191,5.3686490538903396e-05,0.9375,0.0,0.0,0,0.0,5.368649050102731e-05,0.000696727903259536,1.431319799999983,21005,16,200,0.022906741500942247,3.0851990049751246
0.0,7.1,1.0,0.00125,0.041502303020248814,0.012345679012345678,240,0.9996563028764807,42.0,0.0,1.0,2.625,2.625,1.0,1.0,1.0,0.175,1.0,0.13453621098577778,0.0,18.0,1.0,0.0,0.0,0.20910682903888517,0.0,2.4832089552238807,3.5329601990049753,13.893034825870647,39.73134328358209,0.12842039800995025,158.36768566746113,2.4832089552238807,0.8715796019900498,0.8715796019900498,0.835820895522388,0.835820895522388,1.7014925373134329,0.16554726368159234,2.4670398009950247,7.099999999999986,806.5599999999982,50.40999999999989,0.6766169154228856,0.09105237721318485,crmf,crmf,1.4110320928289972,36.0,16,0.00125,0.0,0.0,0.0,0.5,0.9715954369533836,0.0,1.0,0.0,0.0,0,0.0,0.0,0.0,1.4146746999999777,21006,16,200,0.023488308381014584,2.9732587064676617
0.0,7.1,2.0,0.000625,0.013595196751569182,0.012345679012345678,240,0.9997390124230088,36.0,0.25,0.75,2.25,2.25,1.0,1.0,2.0,0.15,0.0,9.82214012586659e-05,0.25,18.0,0.75,0.0,0.0,0.0722816266924086,0.0,2.2705223880597014,3.9925373134328357,17.171019900497512,36.32835820895522,0.15640547263681592,158.36768566746113,2.2705223880597014,0.8435945273631841,0.8435945273631841,0.9651741293532339,0.9651741293532339,1.7064676616915422,0.1513681592039794,2.0074626865671643,7.099999999999986,806.5599999999982,50.40999999999989,0.3333333333333333,0.028864847880787664,crmf,crmf,2.418630477183995,36.0,16,0.000625,0.0,0.0,0.0,0.5,0.9709266187217029,0.0,1.0,0.0,0.0,0,0.0,0.0,0.0,1.3598538999999619,21007,16,200,0.010089385884911107,2.5161691542288556
0.0,7.1,1.0,0.0,0.012301259278876892,0.012345679012345678,240,1.0,46.0,0.0,1.0,2.875,2.875,1.0,1.0,1.0,0.19166666666666668,1.0,0.14920163075901402,0.0,18.0,1.0,0.00021474596215561358,0.00021474596200410923,0.19948454246182026,0.006613294126212563,2.652363184079602,3.3569651741293534,12.82089552238806,42.43781094527363,0.08550995024875623,158.27296976023197,2.652363184079602,0.9144900497512438,0.9144900497512438,0.3034825870646766,0.3034825870646766,2.029850746268657,0.1768242122719738,2.6430348258706466,7.097863224258515,806.0776158455998,50.379850990349986,0.3034825870646766,0.04697511925254854,crmf,crmf,1.0811946079838228,36.0,16,0.0,0.0,0.0,0.0,0.5,0.9604127051053095,0.00021474596215561358,0.75,0.0,0.0,0,0.0,0.00021474596200410923,0.0013934558065190692,1.1998006999997415,21008,16,200,0.021145123141603796,3.6703980099502487
0.0,7.1,1.0,0.000625,0.01965728701588548,0.012345679012345678,240,0.9997633322814768,52.0,0.0,1.0,3.25,3.25,1.0,1.0,1.0,0.21666666666666667,1.0,0.12732277228557706,0.0,18.0,1.0,0.0,0.0,0.30492747704264744,0.0,2.9832089552238807,3.0541044776119404,10.20584577114428,47.73134328358209,0.28638059701492535,158.36768566746113,2.9832089552238807,0.7136194029850746,0.7136194029850746,1.044776119402985,1.044776119402985,2.3582089552238807,0.1988805970149254,2.9458955223880596,7.099999999999986,806.5599999999982,50.40999999999989,0.06467661691542288,0.008268834721746249,crmf,crmf,1.0972966219470421,36.0,16,0.000625,0.0,0.0,0.0,0.5,0.44651334167347445,0.0,1.0,0.0,0.0,0,0.0,0.0,0.0,1.2471424000000297,21009,16,200,0.04151754236065819,3.431592039800995
0.0,7.1,2.0,0.0021875,0.06581994210257623,0.012345679012345678,240,0.9985446313065977,32.0,0.3125,0.6875,2.0,2.0,1.0,1.0,2.0,0.13333333333333333,0.0,2.706495180138895e-06,0.3125,18.0,0.6875,0.0,0.0,0.16006410732407614,0.0,1.912313432835821,4.156094527363184,17.96641791044776,30.597014925373134,0.3069029850746269,158.36768566746113,1.912313432835821,0.6930970149253731,0.6930970149253731,0.7711442786069652,0.7711442786069652,2.4975124378109452,0.12748756218905447,1.8439054726368158,7.099999999999986,806.5599999999982,50.40999999999989,0.14925373134328357,0.003984705191405867,crmf,crmf,1.2084774787864174,36.0,16,0.0021875,0.0,0.0,0.0,0.5,0.6802032050518613,0.0,1.0,0.0,0.0,0,0.0,0.0,0.0,1.2032819999999447,21010,16,200,0.026506928858930953,2.5522388059701493
0.0,7.1,1.0,0.000625,0.016610531715376728,0.012345679012345678,240,0.9997639282341831,44.0,0.0,1.0,2.75,2.75,1.0,1.0,1.0,0.18333333333333332,1.0,0.1487432389410938,0.0,18.0,1.0,0.0,0.0,0.10209215118437663,0.0,2.679726368159204,3.3296019900497513,12.35323383084577,42.875621890547265,0.056592039800995024,158.36768566746113,2.679726368159204,0.943407960199005,0.943407960199005,0.9253731343283582,0.9253731343283582,1.3034825870646767,0.17864842454394675,2.6703980099502487,7.099999999999986,806.5599999999982,50.40999999999989,0.8706467661691543,0.12883900560846218,crmf,crmf,2.0022003586590387,36.0,16,0.000625,0.0,0.0,0.0,0.5,0.8442423183028254,0.0,1.0,0.0,0.0,0,0.0,0.0,0.0,1.2914406999998391,21011,16,200,0.026078192161585845,3.504353233830846
0.0,7.1,2.0,0.0,0.02229416448681585,0.012345679012345678,240,1.0,52.0,0.0625,0.9375,3.25,3.25,0.0,0.0,2.0,0.21666666666666667,0.0,0.0033151132194236773,0.0625,18.0,0.9375,0.0001610594716167102,0.00016105947150308193,0.5605616197618871,0.004959970594659422,2.953047263681592,3.0534825870646767,11.866915422885572,47.24875621890547,0.18407960199004975,158.29664873703942,2.953047263681592,0.8159203980099502,0.8159203980099502,0.0,0.0,2.4378109452736316,0.1968698175787725,2.9465174129353233,7.098397418193881,806.1982118842002,50.38738824276251,0.0,0.002284694023942774,crmf,crmf,0.3284770887410736,36.0,16,0.0,0.0,0.0,0.0,0.5,0.8795808933541077,0.0001610594716167102,0.8125,0.0,0.0,0,0.0,0.00016105947150308193,0.001206768127496448,1.21855480000022,21012,16,200,0.039016675983343234,3.51181592039801
0.0,7.1,1.0,0.000625,0.02393730645892824,0.012345679012345678,240,0.9996053047047679,44.0,0.0,1.0,2.75,2.75,1.0,1.0,1.0,0.18333333333333332,1.0,0.15303629667951413,0.0,18.0,1.0,5.3686490538903396e-05,5.368649050102731e-05,0.09885584515234772,0.0016533235315531406,2.68407960199005,3.3227611940298507,11.958955223880597,42.9452736318408,0.01990049751243781,158.34400669065397,2.68407960199005,0.9800995024875622,0.9800995024875622,0.8805970149253731,0.8805970149253731,1.2338308457711442,0.17893864013266977,2.6772388059701493,7.099465806064629,806.4394039613993,50.40246274758746,0.8805970149253731,0.13442134668320657,crmf,crmf,2.326844076614802,36.0,16,0.000625,0.0,0.0,0.0,0.5,0.9752479122149297,5.3686490538903396e-05,0.9375,0.0,0.0,0,0.0,5.368649050102731e-05,0.000696727903259536,1.1490109999999731,21013,16,200,0.013446220860896453,3.16728855721393
0.0,7.1,1.0,0.000625,0.026218625227977525,0.012345679012345678,240,0.9997350291467938,46.0,0.0,1.0,2.875,2.875,1.0,1.0,1.0,0.19166666666666668,1.0,0.4088236336658202,0.0,18.0,1.0,5.3686490538903396e-05,5.368649050102731e-05,0.5068872057622336,0.0016533235315531406,2.5143034825870645,3.490049751243781,13.450248756218905,40.22885572139303,0.15485074626865672,158.34400669065397,2.5143034825870645,0.8451492537313433,0.8451492537313433,0.8606965174129353,0.8606965174129353,1.791044776119403,0.16762023217247107,2.509950248756219,7.099465806064629,806.4394039613993,50.40246274758746,0.6318407960199005,0.2500872696425175,crmf,crmf,1.9700655228765345,36.0,16,0.0003125,0.0,0.0,0.0,0.5,0.9464448063439574,5.3686490538903396e-05,0.9375,0.0,0.0,0,0.0,5.368649050102731e-05,0.000696727903259536,1.14321099999961,21014,16,200,0.027622040118957344,3.031716417910448
0.0,7.1,1.0,0.000625,0.014195283895462594,0.012345679012345678,240,0.9997326489145547,56.0,0.0,1.0,3.5,3.5,1.0,1.0,1.0,0.23333333333333334,1.0,0.3911023730341406,0.0,18.0,1.0,0.0005583560281114377,0.0005583560277175137,0.4730885374124403,0.017195073676723842,3.2176616915422884,2.8799751243781095,10.612562189054726,51.482587064676615,0.10043532338308457,158.13085013614685,3.2176616915422884,0.8995646766169154,0.8995646766169154,0.8258706467661692,0.8258706467661692,1.6567164179104477,0.21451077943615307,3.1200248756218905,7.094444218629281,805.3538065437275,50.33461290898297,0.7611940298507462,0.2714977904938695,crmf,crmf,3.0789966331626624,36.0,16,0.000625,0.0,0.0,0.0,0.5,0.8436606035314768,0.0005583560281114377,0.8125,0.0,0.0,0,0.0,0.0005583560277175137,0.005935090116738886,1.2867691000001287,21015,16,200,0.034488644343188386,3.8121890547263684
0.0,7.1,1.0,0.000625,0.036997494332393584,0.012345679012345678,240,0.9997369528619529,44.0,0.0,1.0,2.75,2.75,1.0,1.0,1.0,0.18333333333333332,1.0,0.16029026683002875,0.0,18.0,1.0,5.3686490538903396e-05,5.368649050102731e-05,0.3923541496497611,0.0016533235315531406,2.504353233830846,3.574004975124378,14.35634328358209,40.069651741293534,0.09483830845771145,158.34400669065397,2.504353233830846,0.9051616915422885,0.9051616915422885,0.8606965174129353,0.8606965174129353,1.6019900497512438,0.16695688225538974,2.425995024875622,7.099465806064629,806.4394039613993,50.40246274758746,0.6517412935323383,0.10012486477976189,crmf,crmf,1.3373894555014036,36.0,16,0.000625,0.0,0.0,0.0,0.5,0.8581701596777871,5.3686490538903396e-05,0.9375,0.0,0.0,0,0.0,5.368649050102731e-05,0.000696727903259536,1.269935599999826,21016,16,200,0.024737647992404063,3.126865671641791
0.0,7.1,1.0,0.000625,0.03425835282832166,0.012345679012345678,240,0.9997622820919176,48.0,0.0,1.0,3.0,3.0,1.0,1.0,1.0,0.2,1.0,0.2081547686996288,0.0,18.0,1.0,0.00010737298107780679,0.00010737298100205462,0.2056756020890572,0.0033066470631062813,2.8230721393034828,3.2689676616915424,13.038246268656716,45.169154228855724,0.10541044776119403,158.32032771384684,2.8230721393034828,0.894589552238806,0.894589552238806,0.8009950248756219,0.8009950248756219,1.8407960199004976,0.18820480928689895,2.7310323383084576,7.098931612129255,806.3188079228005,50.39492549517503,0.5223880597014925,0.10883253627048652,crmf,crmf,0.7418547058252827,36.0,16,0.000625,0.0,0.0,0.0,0.5,0.7911738238666026,0.00010737298107780679,0.875,0.0,0.0,0,0.0,0.00010737298100205462,0.0009853220500734051,1.406098099999781,21017,16,200,0.03131252373670866,3.7412935323383083
0.0,7.1,1.0,0.00125,0.009097809699130235,0.012345679012345678,240,0.9996452774248199,50.0,0.0,1.0,3.125,3.125,1.0,1.0,1.0,0.20833333333333334,1.0,0.2751760354903126,0.0,18.0,1.0,0.0007194154997281479,0.0007194154992205956,0.1585820895522388,0.022155044271383262,2.9639303482587063,3.291044776119403,11.674751243781095,47.4228855721393,0.11753731343283583,158.0598132057247,2.9639303482587063,0.8824626865671642,0.8824626865671642,0.7412935323383084,0.7412935323383084,1.572139303482587,0.19759535655058044,2.708955223880597,7.092841636823168,804.9920184279272,50.31200115174545,0.6865671641791045,0.1632652985503546,crmf,crmf,1.1520928404050428,36.0,16,0.00125,0.0,0.0,0.0,0.5,0.9132563822661062,0.0007194154997281479,0.625,0.0,0.0,0,0.0,0.0007194154992205956,0.0060565323418069,1.3615853999999672,21018,16,200,0.012145070717140202,3.6318407960199006
0.0,7.1,1.0,0.0,0.03511121705049811,0.012345679012345678,240,1.0,38.0,0.0,1.0,2.375,2.375,1.0,1.0,1.0,0.15833333333333333,1.0,0.20319929393585637,0.0,18.0,1.0,5.3686490538903396e-05,5.368649050102731e-05,0.21178003019727235,0.0016533235315531406,2.2027363184079602,3.968905472636816,16.34825870646766,35.243781094527364,0.06343283582089553,158.34400669065397,2.2027363184079602,0.9365671641791045,0.9365671641791045,0.8855721393034826,0.8855721393034826,1.537313432835821,0.14684908789386475,2.031094527363184,7.099465806064629,806.4394039613993,50.40246274758746,0.8159203980099502,0.1567058517476464,crmf,crmf,1.8976360589616197,36.0,16,0.0,0.0,0.0,0.0,0.5,0.8989834220316475,5.3686490538903396e-05,0.9375,0.0,0.0,0,0.0,5.368649050102731e-05,0.000696727903259536,1.3384749000001648,21019,16,200,0.028179170691343954,2.8351990049751246
0.0,7.2,1.0,0.0,0.015123449135329918,0.012345679012345678,240,1.0,62.0,0.0,1.0,3.875,3.875,1.0,1.0,1.0,0.25833333333333336,1.0,0.39316134533708796,0.0,18.0,1.0,0.0019377111682123526,0.0019201532073664393,0.37336018910423013,0.06463739030174197,3.50342039800995,2.5046641791044775,9.40702736318408,56.0547263681592,0.09266169154228855,161.86302834263375,3.50342039800995,0.9073383084577115,0.9073383084577115,0.06965174129353234,0.06965174129353234,2.109452736318408,0.2335613598673299,3.4953358208955225,7.1766205585342355,824.3616340657189,51.52260212910743,0.06965174129353234,0.0295040307556451,crmf,crmf,1.3111209246851816,36.0,16,0.0,0.0,0.0,0.0,0.5,0.8954519506748013,0.0019377111682123526,0.75,0.0,0.0,0,0.0,0.0019201532073664393,0.011717923074224607,1.409524500000316,21000,16,200,0.029192252074117245,3.724502487562189
0.0,7.2,1.0,0.0,0.02295185691012087,0.012345679012345678,240,1.0,64.0,0.0,1.0,4.0,4.0,1.0,1.0,1.0,0.26666666666666666,1.0,0.10554978311149654,0.0,18.0,1.0,0.01742022685672004,0.0012540898974167938,0.10910002227667633,0.008527834520679881,3.880907960199005,2.4029850746268657,9.350746268656716,62.09452736318408,0.16822139303482586,160.05664507408275,3.880907960199005,0.8317786069651741,0.8317786069651741,0.9203980099502488,0.9203980099502488,1.681592039800995,0.25872719734659977,3.623134328358209,7.136358241302159,815.1617996238506,50.94761247649066,0.48258706467661694,0.05094649407045963,crmf,crmf,0.7423888683715184,36.0,16,0.0,0.0,0.0,0.0,0.5,0.6561785541639741,0.01742022685672004,0.7823383084577115,0.0,0.0190625,61,0.5213675213675214,0.0012540898974167938,0.007074493259958076,1.4954434999999648,21001,16,200,0.02013890186309734,4.348880597014926
0.0,7.2,1.0,0.00125,0.009789172892537936,0.012345679012345678,240,0.9995253164556962,66.0,0.0,1.0,4.125,4.125,1.0,1.0,1.0,0.275,1.0,0.4738001246547039,0.0,18.0,1.0,0.0020826400026271114,0.0005810666832217859,0.45418120838593107,0.021197991561166543,3.93407960199005,2.0805348258706466,7.214863184079602,62.9452736318408,0.01554726368159204,161.95812851080746,3.93407960199005,0.9844527363184079,0.9838308457711443,0.9203980099502488,0.9203980099502488,1.2139303482587065,0.26227197346600245,3.922574626865672,7.179768415106821,824.8459752450378,51.552873452814865,0.9154228855721394,0.41131784180109343,crmf,crmf,0.8220891170972661,36.0,16,0.00125,0.0,0.0,0.0,0.5,0.9193030910065302,0.0020826400026271114,0.5718283582089553,0.0,0.0,0,0.0,0.0005810666832217859,0.0034069112112247953,1.4078601999999591,21002,16,200,0.03682810046413482,4.574626865671642
0.0,7.2,1.0,0.0,0.023125690965286237,0.012345679012345678,240,1.0,39.0,0.0,1.0,2.4375,2.4375,1.0,1.0,1.0,0.1625,1.0,0.20132328430002053,0.0,18.0,1.0,0.0011343390751450695,0.0011343390743447828,0.1029615603574169,0.03493298717930796,2.339863184079602,3.722636815920398,14.788557213930348,37.43781094527363,0.055970149253731345,162.37479928188537,2.339863184079602,0.9440298507462687,0.9393656716417911,0.7412935323383084,0.7412935323383084,1.6318407960199004,0.15599087893864072,2.277363184079602,7.1887130440355795,826.9680620565247,51.68550387853279,0.7412935323383084,0.15062717965694147,crmf,crmf,1.8134174287994451,36.0,16,0.0,0.0,0.0,0.0,0.5,0.9601023614586258,0.0011343390751450695,0.75,0.0,0.0,0,0.0,0.0011343390743447828,0.008986781761327944,1.4364739999996345,21003,16,200,0.022999495305709536,2.8998756218905473
0.0,7.2,1.0,0.00125,0.021869864627026538,0.012345679012345678,240,0.9995495495495494,36.0,0.0,1.0,2.25,2.25,1.0,1.0,1.0,0.15,1.0,0.07566396978862645,0.0,18.0,1.0,0.0,0.0,0.1080851959109923,0.0,2.1629353233830844,3.8488805970149254,15.681592039800995,34.60696517412935,0.08115671641791045,162.86016316209523,2.1629353233830844,0.9188432835820896,0.9188432835820896,0.835820895522388,0.835820895522388,1.5771144278606966,0.1441956882255385,2.1511194029850746,7.200000000000026,829.4400000000018,51.84000000000011,0.7910447761194029,0.05986676129474403,crmf,crmf,1.9070165559053114,36.0,16,0.00125,0.0,0.0,0.0,0.5,0.9324255016424867,0.0,1.0,0.0,0.0,0,0.0,0.0,0.0,1.2940825000000586,21004,16,200,0.019839684186049592,3.001865671641791
0.0,7.2,1.0,0.000625,0.026158855394848288,0.012345679012345678,240,0.999738192480888,44.0,0.0,1.0,2.75,2.75,1.0,1.0,1.0,0.18333333333333332,1.0,0.14555909983844642,0.0,18.0,1.0,8.493649053890357e-05,8.493649047897983e-05,0.2259906932996708,0.0026156952537947785,2.5858208955223883,3.4210199004975124,12.92039800995025,41.37313432835821,0.07804726368159204,162.82230977714312,2.5858208955223883,0.9219527363184079,0.9219527363184079,0.9303482587064676,0.9303482587064676,1.3880597014925373,0.17238805970149249,2.5789800995024876,7.1991548607912,829.2472142935094,51.82795089334434,0.7860696517412935,0.1114780879899971,crmf,crmf,0.673106222202849,36.0,16,0.000625,0.0,0.0,0.0,0.5,0.8791221764870185,8.493649053890357e-05,0.9375,0.0,0.0,0,0.0,8.493649047897983e-05,0.0011022814560864376,1.3935792000002039,21005,16,200,0.022732817632093272,3.0578358208955225
0.0,7.2,1.0,0.000625,0.02328945829590176,0.012345679012345678,240,0.9998155176048915,42.0,0.0,1.0,2.625,2.625,1.0,1.0,1.0,0.175,1.0,0.13306681529407724,0.0,18.0,1.0,0.0,0.0,0.16020333655107546,0.0,2.4458955223880596,3.679726368159204,14.91915422885572,39.134328358208954,0.13805970149253732,162.86016316209523,2.4458955223880596,0.8619402985074627,0.8619402985074627,0.8557213930348259,0.8557213930348259,1.791044776119403,0.1630597014925375,2.320273631840796,7.200000000000026,829.4400000000018,51.84000000000011,0.5870646766169154,0.07130991251534051,crmf,crmf,1.4110320928289972,36.0,16,0.000625,0.0,0.0,0.0,0.5,0.9687801795072823,0.0,1.0,0.0,0.0,0,0.0,0.0,0.0,1.3542507000001933,21006,16,200,0.0173810345155111,2.887437810945274
0.0,7.2,2.0,0.000625,0.01328420797576013,0.012345679012345678,240,0.9997390124230088,36.0,0.25,0.75,2.25,2.25,1.0,1.0,2.0,0.15,0.0,9.82214012586659e-05,0.25,18.0,0.75,0.0,0.0,0.06571619514368457,0.0,2.2953980099502487,3.9695273631840795,16.997512437810947,36.72636815920398,0.11784825870646766,162.86016316209523,2.2953980099502487,0.8821517412935324,0.8821517412935324,0.9651741293532339,0.9651741293532339,1.5422885572139304,0.15302653399668273,2.0304726368159205,7.200000000000026,829.4400000000018,51.84000000000011,0.4975124378109453,0.042963107482455735,crmf,crmf,2.418630477183995,36.0,16,0.000625,0.0,0.0,0.0,0.5,0.9693222244242914,0.0,1.0,0.0,0.0,0,0.0,0.0,0.0,1.3429563999998209,21007,16,200,0.010095315271464648,2.506218905472637
0.0,7.2,1.0,0.000625,0.010505339833846581,0.012345679012345678,240,0.9997801231310465,48.0,0.0,1.0,3.0,3.0,1.0,1.0,1.0,0.2,1.0,0.23984241589418506,0.0,18.0,1.0,0.00033974596215561426,0.00033974596191591933,0.21990173510556668,0.010462781015179114,2.763992537313433,3.2503109452736316,12.167599502487562,44.223880597014926,0.0830223880597015,162.70874962228726,2.763992537313433,0.9169776119402985,0.9169776119402985,0.31840796019900497,0.31840796019900497,2.009950248756219,0.18426616915422897,2.7496890547263684,7.196619443164781,828.6688571740344,51.79180357337715,0.31840796019900497,0.0773952689165409,crmf,crmf,1.0811946079838228,36.0,16,0.000625,0.0,0.0,0.0,0.5,0.9594773970127806,0.00033974596215561426,0.75,0.0,0.0,0,0.0,0.00033974596191591933,0.002204562912172872,1.346103999999741,21008,16,200,0.020992267419570807,3.5621890547263684
0.0,7.2,1.0,0.0,0.019965131542881674,0.012345679012345678,240,1.0,52.0,0.0,1.0,3.25,3.25,1.0,1.0,1.0,0.21666666666666667,1.0,0.12732277228557706,0.0,18.0,1.0,0.0,0.0,0.2718620826217173,0.0,2.9583333333333335,3.046641791044776,10.159825870646767,47.333333333333336,0.28016169154228854,162.86016316209523,2.9583333333333335,0.7198383084577115,0.7198383084577115,0.9154228855721394,0.9154228855721394,2.3233830845771144,0.19722222222222222,2.953358208955224,7.200000000000026,829.4400000000018,51.84000000000011,0.07960199004975124,0.010173992104537675,crmf,crmf,1.0972966219470421,36.0,16,0.0,0.0,0.0,0.0,0.5,0.4491003503807284,0.0,1.0,0.0,0.0,0,0.0,0.0,0.0,1.413813300000129,21009,16,200,0.040449560121257534,3.4353233830845773
0.0,7.2,2.0,0.001875,0.08419163859690508,0.012345679012345678,240,0.9988374550834919,36.0,0.375,0.625,2.25,2.25,1.0,1.0,2.0,0.15,0.0,1.5160263655845368e-07,0.375,18.0,0.625,0.0,0.0,0.14731071013093736,0.0,2.1361940298507465,3.876865671641791,15.876243781094526,34.17910447761194,0.4008084577114428,162.86016316209523,2.1361940298507465,0.5991915422885572,0.5991915422885572,0.9154228855721394,0.9154228855721394,2.3781094527363185,0.14241293532338262,2.123134328358209,7.200000000000026,829.4400000000018,51.84000000000011,0.0,1.992864706284144e-07,crmf,crmf,1.2084774787864174,36.0,16,0.001875,0.0,0.0,0.0,0.5,0.30128251155071095,0.0,1.0,0.0,0.0,0,0.0,0.0,0.0,1.3047112999997807,21010,16,200,0.03551688707389729,2.8805970149253732
0.0,7.2,1.0,0.000625,0.017938638788721463,0.012345679012345678,240,0.9997639282341831,44.0,0.0,1.0,2.75,2.75,1.0,1.0,1.0,0.18333333333333332,1.0,0.1487432389410938,0.0,18.0,1.0,0.0,0.0,0.10078030246776071,0.0,2.682213930348259,3.326492537313433,12.33084577114428,42.91542288557214,0.05317164179104478,162.86016316209523,2.682213930348259,0.9468283582089553,0.9468283582089553,0.9253731343283582,0.9253731343283582,1.2885572139303483,0.17881426202321704,2.673507462686567,7.200000000000026,829.4400000000018,51.84000000000011,0.8756218905472637,0.12957886752723924,crmf,crmf,2.0022003586590387,36.0,16,0.000625,0.0,0.0,0.0,0.5,0.8463740486604654,0.0,1.0,0.0,0.0,0,0.0,0.0,0.0,1.240404000000126,21011,16,200,0.02614306293907541,3.4166666666666665
0.0,7.2,1.0,0.0,0.021778402421673754,0.012345679012345678,240,1.0,52.0,0.0,1.0,3.25,3.25,1.0,1.0,1.0,0.21666666666666667,1.0,0.17012236784425516,0.0,18.0,1.0,0.0002548094716167107,0.0002548094714369395,0.45593549664612265,0.007847085761384336,2.971082089552239,3.035136815920398,11.480410447761194,47.53731343283582,0.146455223880597,162.7466030072393,2.971082089552239,0.8535447761194029,0.8535447761194029,0.6716417910447762,0.6716417910447762,1.7661691542288558,0.1980721393034824,2.964863184079602,7.197464582373584,828.8616428805265,51.803852680032904,0.6716417910447762,0.1140949437495512,crmf,crmf,0.3284770887410736,36.0,16,0.0,0.0,0.0,0.0,0.5,0.9431362915035788,0.0002548094716167107,0.8125,0.0,0.0,0,0.0,0.0002548094714369395,0.0019092074861827095,1.288763900000049,21012,16,200,0.02998420870536391,3.470149253731343
0.0,7.2,1.0,0.000625,0.02420122798427093,0.012345679012345678,240,0.999763779527559,46.0,0.0,1.0,2.875,2.875,1.0,1.0,1.0,0.19166666666666668,1.0,0.2369241924211441,0.0,18.0,1.0,8.493649053890357e-05,8.493649047897983e-05,0.10918665379569813,0.0026156952537947785,2.7960199004975124,3.334577114427861,12.06592039800995,44.7363184079602,0.017412935323383085,162.82230977714312,2.7960199004975124,0.9825870646766169,0.9825870646766169,0.8805970149253731,0.8805970149253731,1.1940298507462686,0.18640132669983445,2.665422885572139,7.1991548607912,829.2472142935094,51.82795089334434,0.8805970149253731,0.2050882807806798,crmf,crmf,2.326483839841958,36.0,16,0.000625,0.0,0.0,0.0,0.5,0.9733546415167081,8.493649053890357e-05,0.9375,0.0,0.0,0,0.0,8.493649047897983e-05,0.0011022814560864376,1.2660836999998537,21013,16,200,0.012959422182600837,3.307213930348259
0.0,7.2,1.0,0.00125,0.03142322477980368,0.012345679012345678,240,0.9994705633206268,42.0,0.0,1.0,2.625,2.625,1.0,1.0,1.0,0.175,1.0,0.24343929487498744,0.0,18.0,1.0,8.493649053890357e-05,8.493649047897983e-05,0.3380795029825995,0.0026156952537947785,2.431281094527363,3.584266169154229,14.199937810945274,38.90049751243781,0.1234452736318408,162.82230977714312,2.431281094527363,0.8765547263681592,0.8762437810945274,0.8557213930348259,0.8557213930348259,1.5820895522388059,0.16208540630182464,2.415733830845771,7.1991548607912,829.2472142935094,51.82795089334434,0.7313432835820896,0.16735858561301215,crmf,crmf,1.9700655228765345,36.0,16,0.00125,0.0,0.0,0.0,0.5,0.947707355396822,8.493649053890357e-05,0.9375,0.0,0.0,0,0.0,8.493649047897983e-05,0.0011022814560864376,1.2406820999999582,21014,16,200,0.027447817891721446,2.7046019900497513
0.0,7.2,1.0,0.000625,0.011886213345290036,0.012345679012345678,240,0.9997353657245688,52.0,0.0,1.0,3.25,3.25,1.0,1.0,1.0,0.21666666666666667,1.0,0.3483973733825356,0.0,18.0,1.0,0.0006521060281114383,0.0006521060276513713,0.3687841885101854,0.02008218884344876,2.9968905472636815,3.1340174129353233,12.173196517412935,47.950248756218905,0.08146766169154229,162.57962783703826,2.9968905472636815,0.9185323383084577,0.9185323383084577,0.8507462686567164,0.8507462686567164,1.5174129353233832,0.19979270315091185,2.8659825870646767,7.193511382808984,828.0112453217712,51.7507028326107,0.7412935323383084,0.2379415241706861,crmf,crmf,3.1442093477540385,36.0,16,0.000625,0.0,0.0,0.0,0.5,0.8285080215706737,0.0006521060281114383,0.8125,0.0,0.0,0,0.0,0.0006521060276513713,0.0064495075487435586,1.2706782999998723,21015,16,200,0.030764698824980674,3.7313432835820897
0.0,7.2,1.0,0.000625,0.0673159259992953,0.012345679012345678,240,0.9997371188222923,40.0,0.0,1.0,2.5,2.5,1.0,1.0,1.0,0.16666666666666666,1.0,0.09536158401175646,0.0,18.0,1.0,8.493649053890357e-05,8.493649047897983e-05,0.21380040098017375,0.0026156952537947785,2.334266169154229,3.6769278606965172,14.61162935323383,37.34825870646766,0.12002487562189054,162.82230977714312,2.334266169154229,0.8799751243781094,0.8796641791044776,0.8656716417910447,0.8656716417910447,1.7313432835820894,0.15561774461028244,2.3230721393034828,7.1991548607912,829.2472142935094,51.82795089334434,0.6517412935323383,0.06159707288411801,crmf,crmf,1.3373894555014036,36.0,16,0.000625,0.0,0.0,0.0,0.5,0.7723522511809251,8.493649053890357e-05,0.9375,0.0,0.0,0,0.0,8.493649047897983e-05,0.0011022814560864376,1.2969781000001603,21016,16,200,0.02294710930734577,2.7842039800995027
0.0,7.2,1.0,0.000625,0.0325951623480468,0.012345679012345678,240,0.9997623574144486,48.0,0.0,1.0,3.0,3.0,1.0,1.0,1.0,0.2,1.0,0.2081547686996288,0.0,18.0,1.0,0.00016987298107780713,0.00016987298095795967,0.20414717457488676,0.005231390507589557,2.804415422885572,3.2046019900497513,12.501243781094526,44.87064676616915,0.1044776119402985,162.78445639219106,2.804415422885572,0.8955223880597015,0.8939676616915423,0.8059701492537313,0.8059701492537313,1.835820895522388,0.18696102819237165,2.7953980099502487,7.198309721582387,829.0544285870171,51.81590178668857,0.5223880597014925,0.10878728923777198,crmf,crmf,0.7418547058252827,36.0,16,0.000625,0.0,0.0,0.0,0.5,0.8227283840097126,0.00016987298107780713,0.875,0.0,0.0,0,0.0,0.00016987298095795967,0.0015588613847498018,1.215051300000141,21017,16,200,0.031340219826317385,3.6324626865671643
0.0,7.2,1.0,0.00125,0.00907609459697811,0.012345679012345678,240,0.9996452774248199,50.0,0.0,1.0,3.125,3.125,1.0,1.0,1.0,0.20833333333333334,1.0,0.2751760354903126,0.0,18.0,1.0,0.0009069154997281489,0.0009069154990883107,0.16541050964085047,0.027929274604833097,2.977922885572139,3.1691542288557213,10.933457711442786,47.646766169154226,0.11380597014925373,162.46606768218254,2.977922885572139,0.8861940298507462,0.8861940298507462,0.7412935323383084,0.7412935323383084,1.5621890547263682,0.19852819237147595,2.8308457711442787,7.190975965182566,827.4328882022969,51.71455551264356,0.6965174129353234,0.1637982962801816,crmf,crmf,1.1520928404050428,36.0,16,0.00125,0.0,0.0,0.0,0.5,0.9160512170238784,0.0009069154997281489,0.625,0.0,0.0,0,0.0,0.0009069154990883107,0.006726159442549373,1.2786694000001262,21018,16,200,0.012001428330408162,3.5628109452736316
0.0,7.2,1.0,0.0,0.027021256470277966,0.012345679012345678,240,1.0,34.0,0.0,1.0,2.125,2.125,1.0,1.0,1.0,0.14166666666666666,1.0,0.18620532913947055,0.0,18.0,1.0,8.493649053890357e-05,8.493649047897983e-05,0.08889012648201777,0.0026156952537947785,2.0416666666666665,3.961442786069652,16.18905472636816,32.666666666666664,0.049440298507462684,162.82230977714312,2.0416666666666665,0.9505597014925373,0.9505597014925373,0.8855721393034826,0.8855721393034826,1.472636815920398,0.13611111111111096,2.038557213930348,7.1991548607912,829.2472142935094,51.82795089334434,0.8706467661691543,0.15511181545521543,crmf,crmf,1.8007711592350584,36.0,16,0.0,0.0,0.0,0.0,0.5,0.9270644257984286,8.493649053890357e-05,0.9375,0.0,0.0,0,0.0,8.493649047897983e-05,0.0011022814560864376,1.1817258999999467,21019,16,200,0.0239852575450361,2.8128109452736316
0.0,7.3,1.0,0.0,0.014828063933780508,0.012345679012345678,240,1.0,60.0,0.0,1.0,3.75,3.75,1.0,1.0,1.0,0.25,1.0,0.2984864115269959,0.0,18.0,1.0,0.002137807429020291,0.002041194970082054,0.2857262196480285,0.06956217457565454,3.4362562189054726,2.5708955223880596,9.671019900497512,54.98009950248756,0.09110696517412935,166.29585761285753,3.4362562189054726,0.9088930348258707,0.9088930348258707,0.07462686567164178,0.07462686567164178,2.099502487562189,0.22908374792703165,3.4291044776119404,7.274045741153192,846.9378481533527,52.93361550958454,0.07462686567164178,0.023041384795610336,crmf,crmf,1.3111209246851816,36.0,16,0.0,0.0,0.0,0.0,0.5,0.8969313148385746,0.002137807429020291,0.75,0.0,0.0,0,0.0,0.002041194970082054,0.01234823886134814,1.3549796999996033,21000,16,200,0.02857968025813965,3.722636815920398
0.0,7.3,1.0,0.0,0.019089991251211066,0.012345679012345678,240,1.0,65.0,0.0,1.0,4.0625,4.0625,1.0,1.0,1.0,0.2708333333333333,1.0,0.1266848510063022,0.0,18.0,1.0,0.011775381147174656,0.0009257526961473212,0.1354081582139056,0.01157157370660883,3.857587064676617,2.3236940298507465,8.908893034825871,61.72139303482587,0.16822139303482586,163.64846572703584,3.857587064676617,0.8317786069651741,0.8317786069651741,0.9253731343283582,0.9253731343283582,1.6766169154228856,0.25717247097844187,3.6962064676616917,7.215232738907112,833.454791995596,52.09092449972475,0.48258706467661694,0.05599378261554388,crmf,crmf,0.7423888683715184,36.0,16,0.0,0.0,0.0,0.0,0.5,0.6646376965630942,0.011775381147174656,0.7823383084577115,0.0,0.0128125,41,0.5616438356164384,0.0009257526961473212,0.006171880882833872,1.3127603000002637,21001,16,200,0.019284644270065668,4.47636815920398
0.0,7.3,1.0,0.00125,0.009912146203614254,0.012345679012345678,240,0.9995253164556962,66.0,0.0,1.0,4.125,4.125,1.0,1.0,1.0,0.275,1.0,0.4389263128182186,0.0,18.0,1.0,0.0023066922200437206,0.0007785903395245447,0.4438844335536249,0.027533101910864808,3.955223880597015,2.1088308457711444,7.270522388059701,63.28358208955224,0.013059701492537313,166.21852402529566,3.955223880597015,0.9869402985074627,0.986318407960199,0.9203980099502488,0.9253731343283582,1.208955223880597,0.26368159203980013,3.8949004975124377,7.273450178378638,846.5439914260726,52.908999464129536,0.9203980099502488,0.38927978755491566,crmf,crmf,0.8220891170972661,36.0,16,0.00125,0.0,0.0,0.0,0.5,0.9223493242382147,0.0023066922200437206,0.5708955223880597,0.0,0.0,0,0.0,0.0007785903395245447,0.0043486363100791224,1.3119322000002285,21002,16,200,0.03654265872540564,4.572761194029851
0.0,7.3,1.0,0.000625,0.020015864428960767,0.012345679012345678,240,0.999812673945622,38.0,0.0,1.0,2.375,2.375,1.0,1.0,1.0,0.15833333333333333,1.0,0.15968436880669165,0.0,18.0,1.0,0.001259339075145069,0.0012593390742565908,0.09930756664438999,0.03878247406827454,2.2972636815920398,3.740360696517413,14.869092039800995,36.756218905472636,0.05286069651741294,166.86990618787615,2.2972636815920398,0.947139303482587,0.9427860696517413,0.7661691542288557,0.7661691542288557,1.5970149253731343,0.15315091210613677,2.259639303482587,7.287469262941829,849.861453538603,53.116340846162686,0.7661691542288557,0.12265532593357954,crmf,crmf,1.8134174287994451,36.0,16,0.000625,0.0,0.0,0.0,0.5,0.9604485782500243,0.001259339075145069,0.75,0.0,0.0,0,0.0,0.0012593390742565908,0.009662326452769782,1.281652699999995,21003,16,200,0.02242765042616828,2.8128109452736316
0.0,7.3,1.0,0.00125,0.028453018781676335,0.012345679012345678,240,0.9995542269771345,44.0,0.0,1.0,2.75,2.75,1.0,1.0,1.0,0.18333333333333332,1.0,0.15014352084082874,0.0,18.0,1.0,0.0,0.0,0.21918393109081458,0.0,2.5901741293532337,3.6722636815920398,14.769900497512438,41.44278606965174,0.08893034825870647,167.41547250980065,2.5901741293532337,0.9110696517412935,0.9110696517412935,0.9104477611940298,0.9104477611940298,1.5621890547263682,0.17267827529021548,2.3277363184079602,7.299999999999974,852.6400000000029,53.290000000000184,0.7910447761194029,0.11599714145281485,crmf,crmf,1.8998677548468708,36.0,16,0.00125,0.0,0.0,0.0,0.5,0.9308654398340009,0.0,1.0,0.0,0.0,0,0.0,0.0,0.0,1.2166929999998501,21004,16,200,0.01792084325322172,3.18407960199005
0.0,7.3,1.0,0.000625,0.021290823335657287,0.012345679012345678,240,0.999738192480888,44.0,0.0,1.0,2.75,2.75,1.0,1.0,1.0,0.18333333333333332,1.0,0.14555909983844642,0.0,18.0,1.0,0.00011618649053890346,0.0001161864904569318,0.21903541991534864,0.0035780669760364253,2.5963930348258706,3.41044776119403,12.850124378109452,41.54228855721393,0.07369402985074627,167.36315679907392,2.5963930348258706,0.9263059701492538,0.9263059701492538,0.9303482587064676,0.9303482587064676,1.3681592039800996,0.17309286898839132,2.58955223880597,7.298843915517753,852.3735582731701,53.273347392073134,0.7960199004975125,0.11323396274162202,crmf,crmf,0.673106222202849,36.0,16,0.000625,0.0,0.0,0.0,0.5,0.8888466459836194,0.00011618649053890346,0.9375,0.0,0.0,0,0.0,0.0001161864904569318,0.0015078350089133346,1.3044705000002068,21005,16,200,0.022506191889360132,3.008084577114428
0.0,7.3,1.0,0.000625,0.014629914984893251,0.012345679012345678,240,0.999831330381615,40.0,0.0,1.0,2.5,2.5,1.0,1.0,1.0,0.16666666666666666,1.0,0.18283827330863306,0.0,18.0,1.0,0.0,0.0,0.08380361872230886,0.0,2.4266169154228856,3.601990049751244,14.791666666666666,38.82587064676617,0.07151741293532338,167.41547250980065,2.4266169154228856,0.9284825870646766,0.9284825870646766,0.8557213930348259,0.8557213930348259,1.5223880597014925,0.1617744610281928,2.398009950248756,7.299999999999974,852.6400000000029,53.290000000000184,0.8308457711442786,0.15191999527616146,crmf,crmf,1.4110320928289972,36.0,16,0.000625,0.0,0.0,0.0,0.5,0.9706073776655875,0.0,1.0,0.0,0.0,0,0.0,0.0,0.0,1.2813285000001997,21006,16,200,0.015979708608490965,2.7823383084577116
0.0,7.3,1.0,0.000625,0.011017513042473226,0.012345679012345678,240,0.9997912753078688,38.0,0.0,1.0,2.375,2.375,1.0,1.0,1.0,0.15833333333333333,1.0,0.08635124680075357,0.0,18.0,1.0,0.0,0.0,0.07831798717853519,0.0,2.332089552238806,3.689054726368159,14.478855721393035,37.3134328358209,0.08208955223880597,167.41547250980065,2.332089552238806,0.917910447761194,0.917910447761194,0.9701492537313433,0.9701492537313433,1.263681592039801,0.15547263681592122,2.310945273631841,7.299999999999974,852.6400000000029,53.290000000000184,0.7661691542288557,0.06591676017402275,crmf,crmf,2.418630477183995,36.0,16,0.000625,0.0,0.0,0.0,0.5,0.965544003558952,0.0,1.0,0.0,0.0,0,0.0,0.0,0.0,1.269462900000235,21007,16,200,0.011015327302528284,2.60136815920398
0.0,7.3,1.0,0.0,0.008753963997106174,0.012345679012345678,240,1.0,44.0,0.0,1.0,2.75,2.75,1.0,1.0,1.0,0.18333333333333332,1.0,0.22990748993373417,0.0,18.0,1.0,0.00046474596215561383,0.0004647459618277272,0.13241318284200887,0.014312267904145701,2.5712064676616917,3.46113184079602,13.495335820895523,41.13930348258707,0.07711442786069651,167.20620966689555,2.5712064676616917,0.9228855721393034,0.9228855721393034,0.3034825870646766,0.3034825870646766,1.9751243781094527,0.17141376451077953,2.53886815920398,7.295375662071042,851.574233092681,53.22338956829256,0.3034825870646766,0.07122382021271345,crmf,crmf,1.0811946079838228,36.0,16,0.0,0.0,0.0,0.0,0.5,0.9678922791483804,0.00046474596215561383,0.75,0.0,0.0,0,0.0,0.0004647459618277272,0.003015670017826665,1.2284865000001446,21008,16,200,0.019082152386515595,3.3818407960199006
0.0,7.3,1.0,0.0,0.020259618684795155,0.012345679012345678,240,1.0,54.0,0.0,1.0,3.375,3.375,1.0,1.0,1.0,0.225,1.0,0.1458593608724358,0.0,18.0,1.0,0.0,0.0,0.3274392960570283,0.0,3.0161691542288556,2.9888059701492535,9.840174129353233,48.25870646766169,0.22419154228855723,167.41547250980065,3.0161691542288556,0.7758084577114428,0.7758084577114428,0.9154228855721394,0.9154228855721394,2.099502487562189,0.20107794361525688,3.0111940298507465,7.299999999999974,852.6400000000029,53.290000000000184,0.3034825870646766,0.04233146782961057,crmf,crmf,1.1087723505999731,36.0,16,0.0,0.0,0.0,0.0,0.5,0.5098615690143239,0.0,1.0,0.0,0.0,0,0.0,0.0,0.0,1.268884799999796,21009,16,200,0.04034761928396245,3.55907960199005
0.0,7.3,1.0,0.00125,0.05362594692744304,0.012345679012345678,240,0.9993154291732491,38.0,0.0,1.0,2.375,2.375,1.0,1.0,1.0,0.15833333333333333,1.0,0.10318512794810458,0.0,18.0,1.0,0.0,0.0,0.17185218187668622,0.0,2.1828358208955225,3.9800995024875623,16.919776119402986,34.92537313432836,0.29384328358208955,167.41547250980065,2.1828358208955225,0.7061567164179104,0.7061567164179104,0.9203980099502488,0.9203980099502488,2.044776119402985,0.1455223880597019,2.0199004975124377,7.299999999999974,852.6400000000029,53.290000000000184,0.2835820895522388,0.029261589750139108,crmf,crmf,1.205292934242441,36.0,16,0.00125,0.0,0.0,0.0,0.5,0.4742380466906664,0.0,1.0,0.0,0.0,0,0.0,0.0,0.0,1.2080589000001964,21010,16,200,0.03404796620470744,2.9116915422885574
0.0,7.3,1.0,0.000625,0.013888005015838511,0.012345679012345678,240,0.9997640767536962,44.0,0.0,1.0,2.75,2.75,1.0,1.0,1.0,0.18333333333333332,1.0,0.1487432389410938,0.0,18.0,1.0,0.0,0.0,0.09532561075220909,0.0,2.6884328358208953,3.3208955223880596,12.291666666666666,43.014925373134325,0.0457089552238806,167.41547250980065,2.6884328358208953,0.9542910447761194,0.9542910447761194,0.9253731343283582,0.9253731343283582,1.2537313432835822,0.17922885572139285,2.6791044776119404,7.299999999999974,852.6400000000029,53.290000000000184,0.8955223880597015,0.13253782714417325,crmf,crmf,2.0022003586590387,36.0,16,0.000625,0.0,0.0,0.0,0.5,0.8548816162380731,0.0,1.0,0.0,0.0,0,0.0,0.0,0.0,1.2273943000000145,21011,16,200,0.023834484610568592,3.138059701492537
0.0,7.3,1.0,0.000625,0.02122557321779857,0.012345679012345678,240,0.9998135719612231,52.0,0.0,1.0,3.25,3.25,1.0,1.0,1.0,0.21666666666666667,1.0,0.17012236784425516,0.0,18.0,1.0,0.00034855947161671033,0.0003485594713707954,0.4644408554243707,0.010734200928109276,3.009950248756219,3.0065298507462686,11.294465174129353,48.159203980099505,0.14738805970149255,167.25852537762162,3.009950248756219,0.8526119402985075,0.8526119402985075,0.6915422885572139,0.6915422885572139,1.7512437810945274,0.20066334991708099,2.9934701492537314,7.29653174655328,851.8406748195105,53.240042176219404,0.6915422885572139,0.12229187450296843,crmf,crmf,0.3284770887410736,36.0,16,0.000625,0.0,0.0,0.0,0.5,0.9454894005151744,0.00034855947161671033,0.8125,0.0,0.0,0,0.0,0.0003485594713707954,0.0026116468448689626,1.252621099999942,21012,16,200,0.030184247543437785,3.1896766169154227
0.0,7.3,1.0,0.000625,0.023985069049637774,0.012345679012345678,240,0.9997639282341831,44.0,0.0,1.0,2.75,2.75,1.0,1.0,1.0,0.18333333333333332,1.0,0.23027846565784355,0.0,18.0,1.0,0.00011618649053890346,0.0001161864904569318,0.07178040147521102,0.0035780669760364253,2.69092039800995,3.3445273631840795,12.133084577114428,43.0547263681592,0.015236318407960199,167.36315679907392,2.69092039800995,0.9847636815920398,0.9847636815920398,0.8905472636815921,0.8905472636815921,1.1741293532338308,0.17939469320066312,2.6554726368159205,7.298843915517753,852.3735582731701,53.273347392073134,0.8905472636815921,0.19818619330622428,crmf,crmf,2.326844076614802,36.0,16,0.000625,0.0,0.0,0.0,0.5,0.9733750855526878,0.00011618649053890346,0.9375,0.0,0.0,0,0.0,0.0001161864904569318,0.0015078350089133346,1.3255427000003692,21013,16,200,0.012373930973760775,3.3059701492537314
0.0,7.3,1.0,0.00125,0.034449597542012086,0.012345679012345678,240,0.9994708994708994,42.0,0.0,1.0,2.625,2.625,1.0,1.0,1.0,0.175,1.0,0.24343929487498744,0.0,18.0,1.0,0.00011618649053890346,0.0001161864904569318,0.339072671468528,0.0035780669760364253,2.4300373134328357,3.5873756218905473,14.204912935323383,38.88059701492537,0.10758706467661691,167.36315679907392,2.4300373134328357,0.8924129353233831,0.8921019900497512,0.8606965174129353,0.8606965174129353,1.5323383084577114,0.16200248756218943,2.4126243781094527,7.298843915517753,852.3735582731701,53.273347392073134,0.7711442786069652,0.16468817468817515,crmf,crmf,1.9700655228765345,36.0,16,0.00125,0.0,0.0,0.0,0.5,0.9503679246328331,0.00011618649053890346,0.9375,0.0,0.0,0,0.0,0.0001161864904569318,0.0015078350089133346,1.279098299999987,21014,16,200,0.026312953021947628,2.8526119402985075
0.0,7.3,1.0,0.0,0.009819082028137175,0.012345679012345678,240,1.0,54.0,0.0,1.0,3.375,3.375,1.0,1.0,1.0,0.225,1.0,0.3583668587640189,0.0,18.0,1.0,0.0007458560281114379,0.0007458560275852272,0.3679240612856117,0.022969304010173695,3.1324626865671643,3.0329601990049753,11.632462686567164,50.11940298507463,0.07960199004975124,167.09037363811214,3.1324626865671643,0.9203980099502488,0.9203980099502488,0.8507462686567164,0.8507462686567164,1.5024875621890548,0.20883084577114505,2.9670398009950247,7.292578546988674,850.9842850424726,53.18651781515454,0.746268656716418,0.2473637502213181,crmf,crmf,3.1375942691122014,36.0,16,0.0,0.0,0.0,0.0,0.5,0.8264531166285967,0.0007458560281114379,0.8125,0.0,0.0,0,0.0,0.0007458560275852272,0.006996702269930603,1.2868555999998534,21015,16,200,0.030444277023610432,3.7332089552238807
0.0,7.3,1.0,0.00125,0.0670157081311222,0.012345679012345678,240,0.9994742376445845,40.0,0.0,1.0,2.5,2.5,1.0,1.0,1.0,0.16666666666666666,1.0,0.09536158401175646,0.0,18.0,1.0,0.00011618649053890346,0.0001161864904569318,0.21102819237147596,0.0035780669760364253,2.344216417910448,3.6675995024875623,14.539490049751244,37.507462686567166,0.1181592039800995,167.3631567990739,2.344216417910448,0.8818407960199005,0.8815298507462687,0.8656716417910447,0.8656716417910447,1.7213930348258706,0.1562810945273637,2.3324004975124377,7.298843915517753,852.37355827317,53.27334739207313,0.6467661691542289,0.061333844483559115,crmf,crmf,1.3373894555014036,36.0,16,0.00125,0.0,0.0,0.0,0.5,0.7570788711507092,0.00011618649053890346,0.9375,0.0,0.0,0,0.0,0.0001161864904569318,0.0015078350089133346,1.2522292999997262,21016,16,200,0.022855254660734937,2.870646766169154
0.0,7.3,1.0,0.000625,0.03183740845692177,0.012345679012345678,240,0.9997624326892619,50.0,0.0,1.0,3.125,3.125,1.0,1.0,1.0,0.20833333333333334,1.0,0.24466663279669923,0.0,18.0,1.0,0.00023237298107780692,0.0002323729809138636,0.22354954085294917,0.0071561339520728505,2.941231343283582,3.1237562189054726,12.0,47.059701492537314,0.09919154228855721,167.3108410883477,2.941231343283582,0.9008084577114428,0.8992537313432836,0.8109452736318408,0.8109452736318408,1.800995024875622,0.19608208955223866,2.8762437810945274,7.297687831035516,852.10711654634,53.25669478414625,0.5422885572139303,0.13268247357054863,crmf,crmf,0.7418547058252827,36.0,16,0.000625,0.0,0.0,0.0,0.5,0.823549521463525,0.00023237298107780692,0.875,0.0,0.0,0,0.0,0.0002323729809138636,0.002132400719426195,1.1881828999999016,21017,16,200,0.031006000192697596,3.646144278606965
0.0,7.3,1.0,0.0015625,0.009071613232125552,0.012345679012345678,240,0.9995395363607495,52.0,0.0,1.0,3.25,3.25,1.0,1.0,1.0,0.21666666666666667,1.0,0.3265039601128765,0.0,18.0,1.0,0.0010944154997281482,0.0010944154989560226,0.23393604118709935,0.033703504938282974,3.056592039800995,3.0768034825870645,10.477300995024876,48.90547263681592,0.11194029850746269,166.9334265059334,3.056592039800995,0.8880597014925373,0.8880597014925373,0.746268656716418,0.746268656716418,1.5522388059701493,0.20377280265339942,2.9231965174129355,7.289110293541953,850.1849598619816,53.13655999137385,0.7014925373134329,0.1896599903024978,crmf,crmf,1.1520928404050428,36.0,16,0.0015625,0.0,0.0,0.0,0.5,0.9170910527035383,0.0010944154997281482,0.625,0.0,0.0,0,0.0,0.0010944154989560226,0.007468235527644133,1.3320813000000271,21018,16,200,0.01187545840127578,3.560945273631841
0.0,7.3,1.0,0.0003125,0.021903227641050696,0.012345679012345678,240,0.9998936057027344,36.0,0.0,1.0,2.25,2.25,1.0,1.0,1.0,0.15,1.0,0.20681297218771683,0.0,18.0,1.0,0.00011618649053890346,0.0001161864904569318,0.11699277245612733,0.0035780669760364253,2.12842039800995,3.875,15.663557213930348,34.0547263681592,0.04788557213930348,167.3631567990739,2.12842039800995,0.9521144278606966,0.9521144278606966,0.8905472636815921,0.8905472636815921,1.462686567164179,0.14189469320066284,2.125,7.298843915517753,852.37355827317,53.27334739207313,0.8756218905472637,0.16998169000099056,crmf,crmf,1.8023970823028932,36.0,16,0.0003125,0.0,0.0,0.0,0.5,0.9321162179293894,0.00011618649053890346,0.9375,0.0,0.0,0,0.0,0.0001161864904569318,0.0015078350089133346,1.2207564999998795,21019,16,200,0.023549876530388307,2.7506218905472637
0.0,7.4,1.0,0.0,0.014830541766830532,0.012345679012345678,240,1.0,62.0,0.0,1.0,3.875,3.875,1.0,1.0,1.0,0.25833333333333336,1.0,0.39316134533708796,0.0,18.0,1.0,0.0023214411840886033,0.002162957427945608,0.35122274201133635,0.07462437604965874,3.513059701492537,2.494713930348259,9.354166666666666,56.208955223880594,0.09079601990049752,170.79086443373677,3.513059701492537,0.9092039800995025,0.9092039800995025,0.07960199004975124,0.07960199004975124,2.0945273631840795,0.23420398009950238,3.505286069651741,7.371502999567634,869.8307299061437,54.36442061913398,0.07960199004975124,0.03307746214783388,crmf,crmf,1.3111209246851816,36.0,16,0.0,0.0,0.0,0.0,0.5,0.8971250852029063,0.0023214411840886033,0.75,0.0,0.0,0,0.0,0.002162957427945608,0.012971015378321647,1.2939903000001323,21000,16,200,0.028510061334536194,3.722636815920398
0.0,7.4,1.0,0.0,0.02397327074115074,0.012345679012345678,240,1.0,65.0,0.0,1.0,4.0625,4.0625,1.0,1.0,1.0,0.2708333333333333,1.0,0.1266848510063022,0.0,18.0,1.0,0.005696942589658451,0.0005121362315902967,0.14817702532115543,0.013155364720604548,3.8973880597014925,2.3230721393034828,9.12157960199005,62.35820895522388,0.15143034825870647,167.2166770107577,3.8973880597014925,0.8485696517412935,0.8485696517412935,0.9253731343283582,0.9253731343283582,1.6119402985074627,0.2598258706467668,3.689365671641791,7.292233204128041,851.6275428372156,53.22672142732598,0.527363184079602,0.06576609795526131,crmf,crmf,0.7423888683715184,36.0,16,0.0,0.0,0.0,0.0,0.5,0.7128811413617157,0.005696942589658451,0.7795398009950248,0.0,0.00375,12,0.41379310344827586,0.0005121362315902967,0.004871039680805568,1.3455496000001403,21001,16,200,0.019597613766378863,4.500621890547263
0.0,7.4,1.0,0.0021875,0.010518733923262587,0.012345679012345678,240,0.9992088607594937,65.0,0.0,1.0,4.0625,4.0625,1.0,1.0,1.0,0.2708333333333333,1.0,0.4155540675318959,0.0,18.0,1.0,0.0026825905349450335,0.0009493048580899188,0.363929729462142,0.0335980549855392,3.9207089552238807,2.0991915422885574,7.441231343283582,62.73134328358209,0.012437810945273632,170.64432013311347,3.9207089552238807,0.9875621890547264,0.9875621890547264,0.9353233830845771,0.9353233830845771,1.199004975124378,0.261380597014926,3.9045398009950247,7.36961868832108,869.084385911707,54.31777411948169,0.9203980099502488,0.36612191459477317,crmf,crmf,0.8246877286495958,36.0,16,0.0015625,0.0,0.0,0.0,0.5,0.9222778266161311,0.0026825905349450335,0.5749378109452736,0.0,0.0003125,1,0.0011947431302270011,0.0009493048580899188,0.005223635089415341,1.3330581000000166,21002,16,200,0.03611411599512351,4.462064676616915
0.0,7.4,1.0,0.0003125,0.01695661307308234,0.012345679012345678,240,0.999893059565822,41.0,0.0,1.0,2.5625,2.5625,1.0,1.0,1.0,0.17083333333333334,1.0,0.20576239910537483,0.0,18.0,1.0,0.0013843390751450697,0.0013843390741684108,0.13699846538452018,0.04263196095724146,2.4527363184079602,3.619713930348259,13.9511815920398,39.243781094527364,0.053793532338308456,171.4266932764204,2.4527363184079602,0.9462064676616916,0.9415422885572139,0.7761194029850746,0.7761194029850746,1.592039800995025,0.16351575456053094,2.380286069651741,7.386225481848099,873.0689796108956,54.56681122568097,0.7761194029850746,0.1602708765627324,crmf,crmf,1.8134174287994451,36.0,16,0.0003125,0.0,0.0,0.0,0.5,0.9627179615488565,0.0013843390751450697,0.75,0.0,0.0,0,0.0,0.0013843390741684108,0.010357347537267369,1.264790599999742,21003,16,200,0.02090515934171277,2.9073383084577116
0.0,7.4,1.0,0.000625,0.030527395021006928,0.012345679012345678,240,0.9997381102032264,46.0,0.0,1.0,2.875,2.875,1.0,1.0,1.0,0.19166666666666668,1.0,0.1675354636853736,0.0,18.0,1.0,0.0,0.0,0.20230934877849557,0.0,2.681592039800995,3.5690298507462686,14.064054726368159,42.90547263681592,0.08768656716417911,172.0336137105776,2.681592039800995,0.9123134328358209,0.9123134328358209,0.9203980099502488,0.9203980099502488,1.5522388059701493,0.17877280265340004,2.4309701492537314,7.400000000000017,876.1600000000028,54.760000000000176,0.7910447761194029,0.12474983641698544,crmf,crmf,1.8961718630122526,36.0,16,0.000625,0.0,0.0,0.0,0.5,0.9315597302408224,0.0,1.0,0.0,0.0,0,0.0,0.0,0.0,1.235602000000199,21004,16,200,0.018097041780556912,3.185945273631841
0.0,7.4,1.0,0.000625,0.020893006133822695,0.012345679012345678,240,0.999738192480888,44.0,0.0,1.0,2.75,2.75,1.0,1.0,1.0,0.18333333333333332,1.0,0.14555909983844642,0.0,18.0,1.0,0.0001474364905389036,0.00014743649043488682,0.18683015271899212,0.004540438698278156,2.6274875621890548,3.3837064676616917,12.667910447761194,42.039800995024876,0.07462686567164178,171.96654775644697,2.6274875621890548,0.9253731343283582,0.9253731343283582,0.9303482587064676,0.9303482587064676,1.3681592039800996,0.1751658374792702,2.6162935323383083,7.398532970244329,875.8184359003847,54.73865224377404,0.7910447761194029,0.11409792854828625,crmf,crmf,0.673106222202849,36.0,16,0.0003125,0.0,0.0,0.0,0.5,0.8869754763614232,0.0001474364905389036,0.9375,0.0,0.0,0,0.0,0.00014743649043488682,0.0019133885617402648,1.3187731000002714,21005,16,200,0.021823450777766252,2.998134328358209
0.0,7.4,1.0,0.0,0.012695081829956942,0.012345679012345678,240,1.0,40.0,0.0,1.0,2.5,2.5,1.0,1.0,1.0,0.16666666666666666,1.0,0.18283827330863306,0.0,18.0,1.0,0.0,0.0,0.07171542783594466,0.0,2.441542288557214,3.5814676616915424,14.691542288557214,39.06467661691542,0.04446517412935323,172.0336137105776,2.441542288557214,0.9555348258706468,0.9555348258706468,0.8606965174129353,0.8606965174129353,1.4029850746268657,0.16276948590381465,2.4185323383084576,7.400000000000017,876.1600000000028,54.760000000000176,0.835820895522388,0.15286799462538103,crmf,crmf,1.4110320928289972,36.0,16,0.0,0.0,0.0,0.0,0.5,0.9711445850978891,0.0,1.0,0.0,0.0,0,0.0,0.0,0.0,1.2849048000002767,21006,16,200,0.015278797960935253,2.8774875621890548
0.0,7.4,1.0,0.000625,0.010917345977800641,0.012345679012345678,240,0.9997912753078689,38.0,0.0,1.0,2.375,2.375,1.0,1.0,1.0,0.15833333333333333,1.0,0.08635124680075357,0.0,18.0,1.0,0.0,0.0,0.08308581470755674,0.0,2.3308457711442787,3.7860696517412937,15.324626865671641,37.29353233830846,0.09266169154228855,172.0336137105776,2.3308457711442787,0.9073383084577115,0.9073383084577115,0.9701492537313433,0.9701492537313433,1.2885572139303483,0.15538971807628582,2.2139303482587063,7.400000000000017,876.1600000000028,54.760000000000176,0.736318407960199,0.06350923757231454,crmf,crmf,2.418630477183995,36.0,16,0.000625,0.0,0.0,0.0,0.5,0.9676758107570848,0.0,1.0,0.0,0.0,0,0.0,0.0,0.0,1.2476601999997001,21007,16,200,0.010424132049519162,2.53544776119403
0.0,7.4,1.0,0.0,0.008231174835330732,0.012345679012345678,240,1.0,46.0,0.0,1.0,2.875,2.875,1.0,1.0,1.0,0.19166666666666668,1.0,0.25479694325609403,0.0,18.0,1.0,0.0005897459621556144,0.0005897459617395473,0.1954345189475508,0.018161754793112623,2.6573383084577116,3.3666044776119404,13.30752487562189,42.517412935323385,0.07804726368159204,171.7653498940568,2.6573383084577116,0.9219527363184079,0.9219527363184079,0.263681592039801,0.263681592039801,2.0049751243781095,0.17715588723051445,2.6333955223880596,7.394131880977305,874.7937436015393,54.674608975096206,0.263681592039801,0.06936570281244955,crmf,crmf,1.0811946079838228,36.0,16,0.0,0.0,0.0,0.0,0.5,0.9713783315205111,0.0005897459621556144,0.75,0.0,0.0,0,0.0,0.0005897459617395473,0.003826777123480525,1.2769414999997935,21008,16,200,0.01851872819654052,3.3638059701492535
0.0,7.4,1.0,0.0,0.020111777942924052,0.012345679012345678,240,1.0,56.0,0.0,1.0,3.5,3.5,1.0,1.0,1.0,0.23333333333333334,1.0,0.1659756409888231,0.0,18.0,1.0,0.0,0.0,0.38081668770574983,0.0,3.1162935323383083,2.925373134328358,9.50497512437811,49.86069651741293,0.20771144278606965,172.0336137105776,3.1162935323383083,0.7922885572139303,0.7922885572139303,0.9253731343283582,0.9253731343283582,2.0199004975124377,0.2077529021558873,3.074626865671642,7.400000000000017,876.1600000000028,54.760000000000176,0.3482587064676617,0.05754416435894376,crmf,crmf,1.1119145973482563,36.0,16,0.0,0.0,0.0,0.0,0.5,0.588660310783197,0.0,1.0,0.0,0.0,0,0.0,0.0,0.0,1.2564689999999246,21009,16,200,0.037726864155908896,3.490049751243781
0.0,7.4,1.0,0.00125,0.10143064909404759,0.012345679012345678,240,0.9995688748685594,36.0,0.0,1.0,2.25,2.25,1.0,1.0,1.0,0.15,1.0,0.04196787099847004,0.0,18.0,1.0,0.0,0.0,0.16728236924828593,0.0,2.1200248756218905,3.9502487562189055,16.305348258706466,33.92039800995025,0.2664800995024876,172.0336137105776,2.1200248756218905,0.7335199004975125,0.7335199004975125,0.9253731343283582,0.9253731343283582,1.945273631840796,0.1413349917081262,2.0497512437810945,7.400000000000017,876.1600000000028,54.760000000000176,0.3383084577114428,0.02268682070597085,crmf,crmf,1.1866255925115132,36.0,16,0.00125,0.0,0.0,0.0,0.5,0.6149909862527119,0.0,1.0,0.0,0.0,0,0.0,0.0,0.0,1.2839410999999927,21010,16,200,0.03513509281840363,2.7761194029850746
0.0,7.4,1.0,0.00125,0.043045866826367477,0.012345679012345678,240,0.9992877492877493,42.0,0.0,1.0,2.625,2.625,1.0,1.0,1.0,0.175,1.0,0.09395825130502848,0.0,18.0,1.0,0.0,0.0,0.122314422910324,0.0,2.5261194029850746,3.4838308457711444,13.493781094527364,40.417910447761194,0.06965174129353234,172.0336137105776,2.5261194029850746,0.9303482587064676,0.9303482587064676,0.8308457711442786,0.8308457711442786,1.4129353233830846,0.1684079601990053,2.5161691542288556,7.400000000000017,876.1600000000028,54.760000000000176,0.8308457711442786,0.07903756503589496,crmf,crmf,2.0022003586590387,36.0,16,0.00125,0.0,0.0,0.0,0.5,0.8597397654047314,0.0,1.0,0.0,0.0,0,0.0,0.0,0.0,1.2672417999997379,21011,16,200,0.01752934782514261,2.9894278606965172
0.0,7.4,1.0,0.000625,0.023035962628878418,0.012345679012345678,240,0.9998136315228968,52.0,0.0,1.0,3.25,3.25,1.0,1.0,1.0,0.21666666666666667,1.0,0.17012236784425516,0.0,18.0,1.0,0.00044230947161671085,0.0004423094713046605,0.4733886537461944,0.013621316094834468,3.021766169154229,2.994092039800995,11.23289800995025,48.34825870646766,0.14054726368159204,171.8324158481867,3.021766169154229,0.8594527363184079,0.8594527363184079,0.6915422885572139,0.6915422885572139,1.7263681592039801,0.20145107794361497,3.005907960199005,7.395598910732982,875.1353077011537,54.695956731322106,0.6915422885572139,0.12478105072398421,crmf,crmf,0.3284770887410736,36.0,16,0.000625,0.0,0.0,0.0,0.5,0.9413363844493614,0.00044230947161671085,0.8125,0.0,0.0,0,0.0,0.0004423094713046605,0.0033140862035552737,1.262253999999757,21012,16,200,0.02955473667006635,3.4738805970149254
0.0,7.4,1.0,0.000625,0.02395008616568298,0.012345679012345678,240,0.9997641509433962,44.0,0.0,1.0,2.75,2.75,1.0,1.0,1.0,0.18333333333333332,1.0,0.23027846565784355,0.0,18.0,1.0,0.0001474364905389036,0.00014743649043488682,0.0603171951189327,0.004540438698278156,2.704912935323383,3.302860696517413,11.810945273631841,43.27860696517413,0.01554726368159204,171.96654775644697,2.704912935323383,0.9844527363184079,0.9844527363184079,0.900497512437811,0.900497512437811,1.164179104477612,0.18032752902155863,2.697139303482587,7.398532970244329,875.8184359003847,54.73865224377404,0.900497512437811,0.20758669380568037,crmf,crmf,2.326844076614802,36.0,16,0.000625,0.0,0.0,0.0,0.5,0.9776338440377463,0.0001474364905389036,0.9375,0.0,0.0,0,0.0,0.00014743649043488682,0.0019133885617402648,1.3444295999997848,21013,16,200,0.011251467201298302,3.3103233830845773
0.0,7.4,1.0,0.00125,0.03186764215153574,0.012345679012345678,240,0.9994710673860149,44.0,0.0,1.0,2.75,2.75,1.0,1.0,1.0,0.18333333333333332,1.0,0.2646137148718365,0.0,18.0,1.0,0.0001474364905389036,0.00014743649043488682,0.4351965297888666,0.004540438698278156,2.4978233830845773,3.5171019900497513,13.837997512437811,39.96517412935324,0.0929726368159204,171.96654775644697,2.4978233830845773,0.9070273631840796,0.9067164179104478,0.8606965174129353,0.8606965174129353,1.4875621890547264,0.16652155887230513,2.4828980099502487,7.398532970244329,875.8184359003847,54.73865224377404,0.7910447761194029,0.17374675484405264,crmf,crmf,1.9700655228765345,36.0,16,0.00125,0.0,0.0,0.0,0.5,0.9498501658528197,0.0001474364905389036,0.9375,0.0,0.0,0,0.0,0.00014743649043488682,0.0019133885617402648,1.22715879999987,21014,16,200,0.025613001624452077,2.817786069651741
0.0,7.4,1.0,0.0,0.009320769915934245,0.012345679012345678,240,1.0,54.0,0.0,1.0,3.375,3.375,1.0,1.0,1.0,0.225,1.0,0.3583668587640189,0.0,18.0,1.0,0.0008396060281114384,0.0008396060275190923,0.3697526051335363,0.02585641917689889,3.1237562189054726,3.011504975124378,11.512748756218905,49.98009950248756,0.07929104477611941,171.66308753936866,3.1237562189054726,0.9207089552238806,0.9207089552238806,0.8507462686567164,0.8507462686567164,1.492537313432836,0.20825041459369895,2.988495024875622,7.391645711168376,874.2729257058326,54.642057856614535,0.7412935323383084,0.24113332210389765,crmf,crmf,3.135960570347038,36.0,16,0.0,0.0,0.0,0.0,0.5,0.8210130389910364,0.0008396060281114384,0.8125,0.0,0.0,0,0.0,0.0008396060275190923,0.007569569326723137,1.3194244000001163,21015,16,200,0.02862599954307878,3.597636815920398
0.0,7.4,1.0,0.00125,0.027094993675409896,0.012345679012345678,240,0.9994749002310439,42.0,0.0,1.0,2.625,2.625,1.0,1.0,1.0,0.175,1.0,0.09860249657030642,0.0,18.0,1.0,0.0001474364905389036,0.00014743649043488682,0.23030370535382788,0.004540438698278156,2.4303482587064678,3.584577114427861,14.13370646766169,38.885572139303484,0.11007462686567164,171.96654775644697,2.4303482587064678,0.8899253731343284,0.8896144278606966,0.8855721393034826,0.8855721393034826,1.6616915422885572,0.16202321724709806,2.415422885572139,7.398532970244329,875.8184359003847,54.73865224377404,0.6368159203980099,0.05726000529096331,crmf,crmf,1.3373894555014036,36.0,16,0.00125,0.0,0.0,0.0,0.5,0.7302728448124542,0.0001474364905389036,0.9375,0.0,0.0,0,0.0,0.00014743649043488682,0.0019133885617402648,1.2879497999997511,21016,16,200,0.01973349216979247,2.986940298507463
0.0,7.4,1.0,0.000625,0.03102763405683715,0.012345679012345678,240,0.999762733312243,50.0,0.0,1.0,3.125,3.125,1.0,1.0,1.0,0.20833333333333334,1.0,0.21521019274574868,0.0,18.0,1.0,0.0002948729810778072,0.00029487298086977365,0.1716325090963095,0.009080877396556311,2.9810323383084576,3.027363184079602,11.460820895522389,47.69651741293532,0.0960820895522388,171.89948180231687,2.9810323383084576,0.9039179104477612,0.902363184079602,0.8258706467661692,0.8258706467661692,1.771144278606965,0.1987354892205637,2.972636815920398,7.397065940488654,875.4768718007692,54.71730448754808,0.5472636815920398,0.11784357197421563,crmf,crmf,0.7418547058252827,36.0,16,0.000625,0.0,0.0,0.0,0.5,0.8436526772272764,0.0002948729810778072,0.875,0.0,0.0,0,0.0,0.00029487298086977365,0.0027059400541026325,1.252118899999914,21017,16,200,0.028665212585788226,3.609452736318408
0.0,7.4,1.0,0.00125,0.009026238316016046,0.012345679012345678,240,0.9996455026455026,52.0,0.0,1.0,3.25,3.25,1.0,1.0,1.0,0.21666666666666667,1.0,0.3265039601128765,0.0,18.0,1.0,0.0012819154997281493,0.0012819154988237527,0.20583339521298977,0.03947773527173336,3.1041666666666665,2.977922885572139,9.89023631840796,49.666666666666664,0.10634328358208955,171.46188967697861,3.1041666666666665,0.8936567164179104,0.8936567164179104,0.7512437810945274,0.7512437810945274,1.5323383084577114,0.20694444444444446,3.022077114427861,7.387244621901351,873.2482334069878,54.578014587936735,0.7164179104477612,0.20114127081269334,crmf,crmf,1.1520928404050428,36.0,16,0.00125,0.0,0.0,0.0,0.5,0.9184150608798315,0.0012819154997281493,0.625,0.0,0.0,0,0.0,0.0012819154988237527,0.008263264921123076,1.2725362000001041,21018,16,200,0.011702121382403534,3.5559701492537314
0.0,7.4,1.0,0.0003125,0.012718996619659317,0.012345679012345678,240,0.9998937074829933,36.0,0.0,1.0,2.25,2.25,1.0,1.0,1.0,0.15,1.0,0.14409418057372408,0.0,18.0,1.0,0.0001474364905389036,0.00014743649043488682,0.09684166233509071,0.004540438698278156,2.162002487562189,3.8420398009950247,15.640547263681592,34.592039800995025,0.03575870646766169,171.96654775644697,2.162002487562189,0.9642412935323383,0.9642412935323383,0.8905472636815921,0.8905472636815921,1.3980099502487562,0.1441334991708121,2.1579601990049753,7.398532970244329,875.8184359003847,54.73865224377404,0.8905472636815921,0.1259935879213805,crmf,crmf,1.8976360589616197,36.0,16,0.0003125,0.0,0.0,0.0,0.5,0.940558248073323,0.0001474364905389036,0.9375,0.0,0.0,0,0.0,0.00014743649043488682,0.0019133885617402648,1.3036449000001085,21019,16,200,0.01909778261640967,2.5360696517412937
0.0,7.5,1.0,0.000625,0.01359210462284476,0.012345679012345678,240,0.9997228688615453,60.0,0.0,1.0,3.75,3.75,1.0,1.0,1.0,0.25,1.0,0.1942165438219171,0.0,18.0,1.0,0.0025610529694937785,0.002286916103093885,0.2938417365906784,0.08002570202742945,3.4303482587064678,2.5777363184079602,9.91542288557214,54.885572139303484,0.08861940298507463,175.35500189404652,3.4303482587064678,0.9113805970149254,0.9113805970149254,0.08955223880597014,0.08955223880597014,2.074626865671642,0.22868988391376469,3.4222636815920398,7.469132397257261,893.0756911144376,55.81723069465235,0.08955223880597014,0.018005903659861416,crmf,crmf,1.3111209246851816,36.0,16,0.000625,0.0,0.0,0.0,0.5,0.8984616525418346,0.0025610529694937785,0.75,0.0,0.0003125,1,0.002044989775051125,0.002286916103093885,0.013552868102426641,1.3487730000001648,21000,16,200,0.02737296710463762,3.6343283582089554
0.0,7.5,1.0,0.0,0.023621250590310935,0.012345679012345678,240,1.0,68.0,0.0,1.0,4.25,4.25,1.0,1.0,1.0,0.2833333333333333,1.0,0.17824676155698282,0.0,18.0,1.0,0.009637203029564246,0.0007339394482968347,0.2379179970792802,0.017531142014267947,3.9773009950248754,2.2179726368159205,8.504664179104477,63.63681592039801,0.14521144278606965,170.8223107264413,3.9773009950248754,0.8547885572139303,0.8532338308457711,0.9253731343283582,0.9253731343283582,1.5970149253731343,0.26515339966832413,3.799440298507463,7.369195454779144,869.9908845597704,54.37443028498565,0.5438432835820896,0.08683076263627969,crmf,crmf,0.7423888683715184,36.0,16,0.0,0.0,0.0,0.0,0.5,0.728845283657039,0.009637203029564246,0.7782960199004975,0.0,0.006875,22,0.5945945945945946,0.0007339394482968347,0.006031999981247046,1.3905467000004137,21001,16,200,0.019602983531523028,4.508706467661692
0.0,7.5,1.0,0.0021875,0.010159291545906652,0.012345679012345678,240,0.9992774261603375,65.0,0.0,1.0,4.0625,4.0625,1.0,1.0,1.0,0.2708333333333333,1.0,0.4155540675318959,0.0,18.0,1.0,0.0035568768602353127,0.0011115026928957105,0.34354038266379544,0.038289181549890715,3.931592039800995,2.0873756218905473,7.392101990049751,62.90547263681592,0.012437810945273632,174.98246435499163,3.931592039800995,0.9875621890547264,0.9875621890547264,0.9402985074626866,0.945273631840796,1.199004975124378,0.26210613598673366,3.916355721393035,7.462604433830708,891.1783730079455,55.698648312996596,0.9203980099502488,0.3676255321317779,crmf,crmf,0.8232241631334404,36.0,16,0.0021875,0.0,0.0,0.0,0.5,0.922964136262014,0.0035568768602353127,0.5746268656716418,0.0,0.0003125,1,0.0012062726176115801,0.0011115026928957105,0.006120348789697618,1.42300269999987,21002,16,200,0.03602611424646094,4.467039800995025
0.0,7.5,1.0,0.000625,0.025304548651790607,0.012345679012345678,240,0.9998137505321414,41.0,0.0,1.0,2.5625,2.5625,1.0,1.0,1.0,0.17083333333333334,1.0,0.22725398442758546,0.0,18.0,1.0,0.0015093390751450692,0.0015093390740802198,0.07956486225588476,0.04648144784620804,2.486007462686567,3.602922885572139,14.156405472636816,39.776119402985074,0.04415422885572139,176.04516054751772,2.486007462686567,0.9558457711442786,0.9508706467661692,0.7412935323383084,0.7412935323383084,1.492537313432836,0.1657338308457714,2.397077114427861,7.484981700754366,896.5906402734004,56.03691501708752,0.7412935323383084,0.1691620069860267,crmf,crmf,1.8134174287994451,36.0,16,0.000625,0.0,0.0,0.0,0.5,0.9675326929085146,0.0015093390751450692,0.75,0.0,0.0,0,0.0,0.0015093390740802198,0.011068176589179681,1.3425373999998556,21003,16,200,0.020505844790270438,2.718283582089552
0.0,7.5,1.0,0.000625,0.03192342050603518,0.012345679012345678,240,0.9997383568812139,48.0,0.0,1.0,3.0,3.0,1.0,1.0,1.0,0.2,1.0,0.1709533268618769,0.0,18.0,1.0,0.0,0.0,0.24277864409296798,0.0,2.7742537313432836,3.2960199004975124,12.038557213930348,44.38805970149254,0.09359452736318408,176.71458676442586,2.7742537313432836,0.9064054726368159,0.9064054726368159,0.9253731343283582,0.9253731343283582,1.5671641791044777,0.18495024875621907,2.7039800995024876,7.5,900.0,56.25,0.7860696517412935,0.12964275082021454,crmf,crmf,1.9009519549071987,36.0,16,0.0003125,0.0,0.0,0.0,0.5,0.930024058076019,0.0,1.0,0.0,0.0,0,0.0,0.0,0.0,1.3651138000000174,21004,16,200,0.017658752821554317,3.262437810945274
0.0,7.5,1.0,0.000625,0.02112641435704629,0.012345679012345678,240,0.999790619765494,44.0,0.0,1.0,2.75,2.75,1.0,1.0,1.0,0.18333333333333332,1.0,0.14555909983844642,0.0,18.0,1.0,0.0001786864905389035,0.00017868649041283936,0.17407675552585333,0.005502810420519796,2.6256218905472637,3.3824626865671643,12.654228855721392,42.00995024875622,0.0740049751243781,176.63248264926216,2.6256218905472637,0.9259950248756219,0.9259950248756219,0.9353233830845771,0.9353233830845771,1.3582089552238805,0.1750414593698175,2.6175373134328357,7.498222024970889,899.5818471751523,56.22386544844702,0.7910447761194029,0.11495495364469775,crmf,crmf,0.673106222202849,36.0,16,0.000625,0.0,0.0,0.0,0.5,0.8831222090765876,0.0001786864905389035,0.9375,0.0,0.0,0,0.0,0.00017868649041283936,0.0023189421145671635,1.3458285000001524,21005,16,200,0.02155460683496304,3.1007462686567164
0.0,7.5,1.0,0.0,0.013231746050006828,0.012345679012345678,240,1.0,40.0,0.0,1.0,2.5,2.5,1.0,1.0,1.0,0.16666666666666666,1.0,0.18283827330863306,0.0,18.0,1.0,0.0,0.0,0.06978168857206506,0.0,2.4421641791044775,3.5771144278606966,14.666666666666666,39.07462686567164,0.043843283582089554,176.71458676442586,2.4421641791044775,0.9561567164179104,0.9561567164179104,0.8656716417910447,0.8656716417910447,1.3980099502487562,0.16281094527363224,2.4228855721393034,7.5,900.0,56.25,0.8308457711442786,0.15197752959170877,crmf,crmf,1.4110320928289972,36.0,16,0.0,0.0,0.0,0.0,0.5,0.9707137629412066,0.0,1.0,0.0,0.0,0,0.0,0.0,0.0,1.3259894000002532,21006,16,200,0.015289414725277633,2.7860696517412937
0.0,7.5,1.0,0.000625,0.010712661464007366,0.012345679012345678,240,0.999791340636411,38.0,0.0,1.0,2.375,2.375,1.0,1.0,1.0,0.15833333333333333,1.0,0.08635124680075357,0.0,18.0,1.0,0.0,0.0,0.08097262443998911,0.0,2.343283582089552,3.716417910447761,14.732587064676617,37.492537313432834,0.058768656716417914,176.71458676442586,2.343283582089552,0.941231343283582,0.941231343283582,0.9751243781094527,0.9751243781094527,1.1940298507462686,0.15621890547263764,2.283582089552239,7.5,900.0,56.25,0.8308457711442786,0.07166946785789093,crmf,crmf,2.418630477183995,36.0,16,0.000625,0.0,0.0,0.0,0.5,0.9668269039411297,0.0,1.0,0.0,0.0,0,0.0,0.0,0.0,1.3789154999999482,21007,16,200,0.010353496264161753,2.53544776119403
0.0,7.5,1.0,0.0,0.008400233879071498,0.012345679012345678,240,1.0,46.0,0.0,1.0,2.875,2.875,1.0,1.0,1.0,0.19166666666666668,1.0,0.25479694325609403,0.0,18.0,1.0,0.000714745962155614,0.0007147459616513574,0.1905676839682186,0.022011241682079186,2.6694651741293534,3.33613184079602,13.134639303482587,42.711442786069654,0.07649253731343283,176.38617030377088,2.6694651741293534,0.9235074626865671,0.9235074626865671,0.263681592039801,0.263681592039801,1.9900497512437811,0.1779643449419573,2.66386815920398,7.492888099883567,898.3273887006085,56.14546179378803,0.263681592039801,0.06948583927355545,crmf,crmf,1.0811946079838228,36.0,16,0.0,0.0,0.0,0.0,0.5,0.9719949516718667,0.000714745962155614,0.75,0.0,0.0,0,0.0,0.0007147459616513574,0.004637884229134322,1.3871217000000797,21008,16,200,0.017822862225807444,3.14863184079602
0.0,7.5,1.0,0.0,0.020034687551636145,0.012345679012345678,240,1.0,56.0,0.0,1.0,3.5,3.5,1.0,1.0,1.0,0.23333333333333334,1.0,0.1659756409888231,0.0,18.0,1.0,0.0,0.0,0.379012895720403,0.0,3.1355721393034828,2.904850746268657,9.396144278606965,50.169154228855724,0.20242537313432835,176.71458676442586,3.1355721393034828,0.7975746268656716,0.7975746268656716,0.9253731343283582,0.9253731343283582,1.9950248756218905,0.20903814262023224,3.095149253731343,7.5,900.0,56.25,0.3681592039800995,0.06097861305334508,crmf,crmf,1.1119145973482563,36.0,16,0.0,0.0,0.0,0.0,0.5,0.594801431216505,0.0,1.0,0.0,0.0,0,0.0,0.0,0.0,1.2774341999997887,21009,16,200,0.037385532505676625,3.3606965174129355
0.0,7.5,1.0,0.000625,0.040700472631830395,0.012345679012345678,240,0.999788023317435,42.0,0.0,1.0,2.625,2.625,1.0,1.0,1.0,0.175,1.0,0.16454221844209474,0.0,18.0,1.0,0.0,0.0,0.1903913269473528,0.0,2.326492537313433,3.80907960199005,15.438432835820896,37.223880597014926,0.23818407960199006,176.71458676442586,2.326492537313433,0.7618159203980099,0.7618159203980099,0.7313432835820896,0.7313432835820896,2.0597014925373136,0.15509950248756263,2.19092039800995,7.5,900.0,56.25,0.3283582089552239,0.049703332701349925,crmf,crmf,1.1909115865246187,36.0,16,0.000625,0.0,0.0,0.0,0.5,0.6063383595492692,0.0,1.0,0.0,0.0,0,0.0,0.0,0.0,1.2969742999998743,21010,16,200,0.028070082053917374,2.671641791044776
0.0,7.5,1.0,0.00125,0.012095322658644497,0.012345679012345678,240,0.9992888748419722,44.0,0.0,1.0,2.75,2.75,1.0,1.0,1.0,0.18333333333333332,1.0,0.1285961627904265,0.0,18.0,1.0,0.0,0.0,0.14503663275661494,0.0,2.623134328358209,3.4116915422885574,12.901119402985074,41.97014925373134,0.07773631840796019,176.71458676442586,2.623134328358209,0.9222636815920398,0.9222636815920398,0.835820895522388,0.835820895522388,1.4129353233830846,0.17487562189054717,2.5883084577114426,7.5,900.0,56.25,0.8109452736318408,0.10346016487175906,crmf,crmf,2.0022003586590387,36.0,16,0.0009375,0.0,0.0,0.0,0.5,0.8562935262034305,0.0,1.0,0.0,0.0,0,0.0,0.0,0.0,1.305255500000385,21011,16,200,0.013297177783666785,3.0441542288557213
0.0,7.5,1.0,0.0,0.02081450450320561,0.012345679012345678,240,1.0,54.0,0.0,1.0,3.375,3.375,1.0,1.0,1.0,0.225,1.0,0.4003105791264891,0.0,18.0,1.0,0.0005360594716167105,0.000536059471238518,0.37810326477067396,0.01650843126155939,3.129353233830846,2.8759328358208953,10.44931592039801,50.069651741293534,0.11598258706467662,176.46827441893487,3.129353233830846,0.8840174129353234,0.8840174129353234,0.6268656716417911,0.6268656716417911,1.7213930348258706,0.20862354892205714,3.1240671641791047,7.494666074912675,898.7455415254576,56.1715963453411,0.6268656716417911,0.25153329768030375,crmf,crmf,0.3284770887410736,36.0,16,0.0,0.0,0.0,0.0,0.5,0.9427070581306349,0.0005360594716167105,0.8125,0.0,0.0,0,0.0,0.000536059471238518,0.004016525562241537,1.3650515999997879,21012,16,200,0.02563232835487637,3.3855721393034828
0.0,7.5,1.0,0.000625,0.02303124530207716,0.012345679012345678,240,0.9998166771422585,44.0,0.0,1.0,2.75,2.75,1.0,1.0,1.0,0.18333333333333332,1.0,0.23027846565784355,0.0,18.0,1.0,0.0001786864905389035,0.00017868649041283936,0.04892824435038737,0.005502810420519796,2.7154850746268657,3.2978855721393034,11.769278606965175,43.44776119402985,0.013992537313432836,176.63248264926216,2.7154850746268657,0.9860074626865671,0.9860074626865671,0.9104477611940298,0.9104477611940298,1.1492537313432836,0.18103233830845747,2.7021144278606966,7.498222024970889,899.5818471751523,56.22386544844702,0.9104477611940298,0.20987205474194648,crmf,crmf,2.326844076614802,36.0,16,0.000625,0.0,0.0,0.0,0.5,0.9779863505617467,0.0001786864905389035,0.9375,0.0,0.0,0,0.0,0.00017868649041283936,0.0023189421145671635,1.3300223999999616,21013,16,200,0.01078281797962088,3.1902985074626864
0.0,7.5,1.0,0.001875,0.02910753810924735,0.012345679012345678,240,0.9992335342002325,44.0,0.0,1.0,2.75,2.75,1.0,1.0,1.0,0.18333333333333332,1.0,0.2646137148718365,0.0,18.0,1.0,0.0001786864905389035,0.00017868649041283936,0.4317993366500829,0.005502810420519796,2.5320273631840795,3.484141791044776,13.64707711442786,40.51243781094527,0.08675373134328358,176.63248264926216,2.5320273631840795,0.9132462686567164,0.9129353233830846,0.8656716417910447,0.8656716417910447,1.462686567164179,0.16880182421227197,2.515858208955224,7.498222024970889,899.5818471751523,56.22386544844702,0.8059701492537313,0.18498605440211444,crmf,crmf,1.9700655228765345,36.0,16,0.001875,0.0,0.0,0.0,0.5,0.9508021845568289,0.0001786864905389035,0.9375,0.0,0.0,0,0.0,0.00017868649041283936,0.0023189421145671635,1.3773432000002686,21014,16,200,0.025266558791269437,2.781716417910448
0.0,7.5,1.0,0.0,0.009290453715988299,0.012345679012345678,240,1.0,54.0,0.0,1.0,3.375,3.375,1.0,1.0,1.0,0.225,1.0,0.3583668587640189,0.0,18.0,1.0,0.0009333560281114381,0.0009333560274529493,0.36486411227444865,0.028743534343623818,3.1246890547263684,2.9107587064676617,10.884639303482587,49.995024875621894,0.07773631840796019,176.29776954080788,3.1246890547263684,0.9222636815920398,0.9222636815920398,0.8507462686567164,0.8507462686567164,1.4825870646766168,0.20831260364842535,3.0892412935323383,7.490712875348067,897.8771673118515,56.11732295699072,0.746268656716418,0.240433157010717,crmf,crmf,3.135792035017482,36.0,16,0.0,0.0,0.0,0.0,0.5,0.8238380353347019,0.0009333560281114381,0.8125,0.0,0.0,0,0.0,0.0009333560274529493,0.008162705374772867,1.3712304000000586,21015,16,200,0.028237750020036624,3.5945273631840795
0.0,7.5,1.0,0.0,0.03082718960551882,0.012345679012345678,240,1.0,44.0,0.0,1.0,2.75,2.75,1.0,1.0,1.0,0.18333333333333332,1.0,0.2286350248680647,0.0,18.0,1.0,0.0001786864905389035,0.00017868649041283936,0.16661097497586694,0.005502810420519796,2.5180348258706466,3.5111940298507465,13.600746268656716,40.288557213930346,0.13246268656716417,176.63248264926216,2.5180348258706466,0.8675373134328358,0.8666044776119403,0.9054726368159204,0.9054726368159204,1.6119402985074627,0.16786898839137637,2.4888059701492535,7.498222024970889,899.5818471751523,56.22386544844702,0.5074626865671642,0.11183487446480463,crmf,crmf,1.3373894555014036,36.0,16,0.0,0.0,0.0,0.0,0.5,0.7888190197604245,0.0001786864905389035,0.9375,0.0,0.0,0,0.0,0.00017868649041283936,0.0023189421145671635,1.2780007000001206,21016,16,200,0.018536685744925837,2.743781094527363
0.0,7.5,1.0,0.000625,0.01594348811053581,0.012345679012345678,240,0.9997628083491461,52.0,0.0,1.0,3.25,3.25,1.0,1.0,1.0,0.21666666666666667,1.0,0.22827704266703291,0.0,18.0,1.0,0.000357372981077807,0.0003573729808256787,0.18014714982302418,0.011005620841039593,3.1156716417910446,2.8939676616915424,10.791977611940299,49.850746268656714,0.08146766169154229,176.5503785340985,3.1156716417910446,0.9185323383084577,0.9154228855721394,0.8308457711442786,0.8308457711442786,1.6666666666666667,0.20771144278606954,3.1060323383084576,7.496444049941788,899.1636943503049,56.19773089689406,0.6318407960199005,0.14435313017317492,crmf,crmf,0.7418547058252827,36.0,16,0.000625,0.0,0.0,0.0,0.5,0.8546751569360637,0.000357372981077807,0.875,0.0,0.0,0,0.0,0.0003573729808256787,0.0032794793887790264,1.288641600000119,21017,16,200,0.024756366781631317,3.5329601990049753
0.0,7.5,1.0,0.000625,0.00902679107974445,0.012345679012345678,240,0.9998148148148147,54.0,0.0,1.0,3.375,3.375,1.0,1.0,1.0,0.225,1.0,0.32787844276799605,0.0,18.0,1.0,0.0014694154997281486,0.0014694154986914674,0.1773378134204599,0.04525196560518321,3.1772388059701493,2.9458955223880596,9.739427860696518,50.83582089552239,0.1044776119402985,176.0514571953169,3.1772388059701493,0.8955223880597015,0.8955223880597015,0.7512437810945274,0.7512437810945274,1.527363184079602,0.21181592039801078,3.0541044776119404,7.485378950260744,896.6227088373092,56.03891930233183,0.7213930348258707,0.20348353458485843,crmf,crmf,1.1520928404050428,36.0,16,0.000625,0.0,0.0,0.0,0.5,0.9189700430416301,0.0014694154997281486,0.625,0.0,0.0,0,0.0,0.0014694154986914674,0.009097375260342155,1.3486057999998593,21018,16,200,0.011659247212945612,3.5522388059701493
0.0,7.5,1.0,0.0003125,0.013937635817704717,0.012345679012345678,240,0.9998937752283834,36.0,0.0,1.0,2.25,2.25,1.0,1.0,1.0,0.15,1.0,0.14409418057372408,0.0,18.0,1.0,0.0001786864905389035,0.00017868649041283936,0.08839508923046459,0.005502810420519796,2.1710199004975124,3.833644278606965,15.58426616915423,34.7363184079602,0.03171641791044776,176.63248264926216,2.1710199004975124,0.9682835820895522,0.9682835820895522,0.8905472636815921,0.8905472636815921,1.373134328358209,0.144734660033167,2.166355721393035,7.498222024970889,899.5818471751523,56.22386544844702,0.8905472636815921,0.12714543702018646,crmf,crmf,1.8822051541619411,36.0,16,0.0003125,0.0,0.0,0.0,0.5,0.9462335179885004,0.0001786864905389035,0.9375,0.0,0.0,0,0.0,0.00017868649041283936,0.0023189421145671635,1.2934770000001663,21019,16,200,0.018176152453438548,2.442786069651741
0.0,7.6,1.0,0.000625,0.013568844321691016,0.012345679012345678,240,0.9997229609929078,62.0,0.0,1.0,3.875,3.875,1.0,1.0,1.0,0.25833333333333336,1.0,0.39316134533708796,0.0,18.0,1.0,0.002845165042462705,0.0024055243738549605,0.3362849929457192,0.08543912202981216,3.522077114427861,2.4856965174129355,9.342661691542288,56.353233830845774,0.08830845771144279,179.92916163794868,3.522077114427861,0.9116915422885572,0.9116915422885572,0.0945273631840796,0.0945273631840796,2.0696517412935322,0.23480514096185728,3.5143034825870645,7.565676681405565,916.3716953939252,57.27323096212032,0.0945273631840796,0.03887405896451832,crmf,crmf,1.3111209246851816,36.0,16,0.000625,0.0,0.0,0.0,0.5,0.8984880351279484,0.002845165042462705,0.75,0.0,0.0,0,0.0,0.0024055243738549605,0.0140854699564092,1.3373713999999381,21000,16,200,0.027356214494706668,3.6324626865671643
0.0,7.6,1.0,0.0,0.02339988406030323,0.012345679012345678,240,1.0,67.0,0.0,1.0,4.1875,4.1875,1.0,1.0,1.0,0.2791666666666667,1.0,0.17824676155698282,0.0,18.0,1.0,0.009175268340052934,0.0006003818397672236,0.24441226702309346,0.017699740778305936,3.9670398009950247,2.1694651741293534,8.284514925373134,63.472636815920396,0.15049751243781095,175.03922798443224,3.9670398009950247,0.849502487562189,0.849502487562189,0.9253731343283582,0.9253731343283582,1.6069651741293531,0.2644693200663354,3.8448383084577116,7.459083362102856,891.4674677987715,55.71671673742322,0.527363184079602,0.09037796146765405,crmf,crmf,0.7423888683715184,36.0,16,0.0,0.0,0.0,0.0,0.5,0.7447319185071144,0.009175268340052934,0.7798507462686567,0.0,0.004375,14,0.6086956521739131,0.0006003818397672236,0.005769854961007404,1.3850873999999749,21001,16,200,0.01868769406431834,4.567164179104478
0.0,7.6,1.0,0.001875,0.010033007706867936,0.012345679012345678,240,0.9993833017077799,65.0,0.0,1.0,4.0625,4.0625,1.0,1.0,1.0,0.2708333333333333,1.0,0.4155540675318959,0.0,18.0,1.0,0.0029708441643416057,0.0012023386144594211,0.330926214697656,0.038510779756674864,3.9371890547263684,2.0814676616915424,7.365671641791045,62.995024875621894,0.012437810945273632,179.58272344243312,3.9371890547263684,0.9875621890547264,0.9875621890547264,0.945273631840796,0.9502487562189055,1.1940298507462686,0.2624792703150919,3.9203980099502487,7.5600522708600595,914.6073001525767,57.162956259536045,0.9203980099502488,0.3645252977418692,crmf,crmf,0.8232241631334404,36.0,16,0.001875,0.0,0.0,0.0,0.5,0.9226098703480552,0.0029708441643416057,0.5771144278606966,0.0,0.0003125,1,0.0012195121951219512,0.0012023386144594211,0.006797069329116587,1.3630554000001212,21002,16,200,0.03541351809793923,4.462686567164179
0.0,7.6,1.0,0.000625,0.025748271504898283,0.012345679012345678,240,0.9998138099797852,41.0,0.0,1.0,2.5625,2.5625,1.0,1.0,1.0,0.17083333333333334,1.0,0.22725398442758546,0.0,18.0,1.0,0.0016343390751450686,0.0016343390739920294,0.07793433330858147,0.05033093473517459,2.49657960199005,3.575870646766169,13.949626865671641,39.9452736318408,0.043843283582089554,180.7253080011677,2.49657960199005,0.9561567164179104,0.951181592039801,0.7412935323383084,0.7412935323383084,1.4875621890547264,0.16643864013267023,2.424129353233831,7.5837379196606225,920.4264355261153,57.5266522203822,0.7412935323383084,0.16922234886887394,crmf,crmf,1.8134174287994451,36.0,16,0.000625,0.0,0.0,0.0,0.5,0.9683348127506798,0.0016343390751450686,0.75,0.0,0.0,0,0.0,0.0016343390739920294,0.01179195520193645,1.3333486999999877,21003,16,200,0.020328719335100148,2.898009950248756
0.0,7.6,1.0,0.00125,0.028547500799771468,0.012345679012345678,240,0.9994508942579228,44.0,0.0,1.0,2.75,2.75,1.0,1.0,1.0,0.18333333333333332,1.0,0.12413827784579826,0.0,18.0,1.0,0.0,0.0,0.15821699957921834,0.0,2.554726368159204,3.490049751243781,13.301616915422885,40.875621890547265,0.15702736318407962,181.45839167134702,2.554726368159204,0.8429726368159204,0.8429726368159204,0.9353233830845771,0.9353233830845771,2.009950248756219,0.1703150912106138,2.509950248756219,7.59999999999998,924.1600000000028,57.760000000000176,0.20398009950248755,0.014859594297520248,crmf,crmf,1.9431067467724012,36.0,16,0.00125,0.0,0.0,0.0,0.5,0.9219137561572034,0.0,1.0,0.0,0.0,0,0.0,0.0,0.0,1.2602160000001277,21004,16,200,0.012853736514310952,2.7686567164179103
0.0,7.6,1.0,0.00125,0.021819389150791835,0.012345679012345678,240,0.9993980318257956,44.0,0.0,1.0,2.75,2.75,1.0,1.0,1.0,0.18333333333333332,1.0,0.14555909983844642,0.0,18.0,1.0,0.0002099364905389034,0.00020993649039079132,0.18299980198509938,0.006465182142761435,2.6181592039800994,3.390547263681592,12.702114427860696,41.89054726368159,0.07680348258706468,181.36096147751948,2.6181592039800994,0.9231965174129353,0.9231965174129353,0.9303482587064676,0.9303482587064676,1.3681592039800996,0.17454394693200648,2.609452736318408,7.597911079697458,923.6637920974732,57.728987006092076,0.7810945273631841,0.10841099243822103,crmf,crmf,0.673106222202849,36.0,16,0.00125,0.0,0.0,0.0,0.5,0.8833918422938297,0.0002099364905389034,0.9375,0.0,0.0,0,0.0,0.00020993649039079132,0.0027244956673940605,1.2086270999998305,21005,16,200,0.01982576723159442,2.9222636815920398
0.0,7.6,1.0,0.0,0.013368814052308562,0.012345679012345678,240,1.0,42.0,0.0,1.0,2.625,2.625,1.0,1.0,1.0,0.175,1.0,0.18276018240875133,0.0,18.0,1.0,0.0,0.0,0.10499121308878494,0.0,2.542910447761194,3.470149253731343,13.82960199004975,40.6865671641791,0.04322139303482587,181.45839167134702,2.542910447761194,0.9567786069651741,0.9567786069651741,0.8656716417910447,0.8656716417910447,1.3880597014925373,0.1695273631840799,2.529850746268657,7.59999999999998,924.1600000000028,57.760000000000176,0.835820895522388,0.15281542177358667,crmf,crmf,1.4110320928289972,36.0,16,0.0,0.0,0.0,0.0,0.5,0.9708558174480717,0.0,1.0,0.0,0.0,0,0.0,0.0,0.0,1.3130667000000358,21006,16,200,0.015001337222606093,2.697139303482587
0.0,7.6,1.0,0.000625,0.010917138805213292,0.012345679012345678,240,0.999791340636411,38.0,0.0,1.0,2.375,2.375,1.0,1.0,1.0,0.15833333333333333,1.0,0.08617600284245354,0.0,18.0,1.0,0.0,0.0,0.03414519442588055,0.0,2.3837064676616917,3.8078358208955225,15.457711442786069,38.13930348258707,0.00404228855721393,181.45839167134702,2.3837064676616917,0.9959577114427861,0.9959577114427861,0.9751243781094527,0.9751243781094527,1.044776119402985,0.15891376451078024,2.1921641791044775,7.59999999999998,924.1600000000028,57.760000000000176,0.9751243781094527,0.08501784617166185,crmf,crmf,2.418630477183995,36.0,16,0.000625,0.0,0.0,0.0,0.5,0.9696885096994391,0.0,1.0,0.0,0.0,0,0.0,0.0,0.0,1.2232593000003362,21007,16,200,0.009992165807499327,2.601990049751244
0.0,7.6,1.0,0.0,0.008390082508510368,0.012345679012345678,240,1.0,46.0,0.0,1.0,2.875,2.875,1.0,1.0,1.0,0.19166666666666668,1.0,0.25479694325609403,0.0,18.0,1.0,0.0008397459621556136,0.0008397459615631653,0.18541620256924335,0.02586072857104574,2.6731965174129355,3.331778606965174,13.125310945273633,42.77114427860697,0.07649253731343283,181.06867089603836,2.6731965174129355,0.9235074626865671,0.9225746268656716,0.24875621890547264,0.24875621890547264,2.0049751243781095,0.17821310116086278,2.668221393034826,7.591644318789826,922.1751683898916,57.635948024368226,0.24875621890547264,0.0657574461321849,crmf,crmf,1.0811946079838228,36.0,16,0.0,0.0,0.0,0.0,0.5,0.9721105344105581,0.0008397459621556136,0.75,0.0,0.0,0,0.0,0.0008397459615631653,0.005448991334788115,1.1979999000000134,21008,16,200,0.01773093222056246,3.203358208955224
0.0,7.6,1.0,0.00125,0.0197585797021275,0.012345679012345678,240,0.9996060510557832,50.0,0.0,1.0,3.125,3.125,1.0,1.0,1.0,0.20833333333333334,1.0,0.12375064927224567,0.0,18.0,1.0,0.0,0.0,0.2221727184970669,0.0,2.8507462686567164,3.165422885572139,10.861940298507463,45.61194029850746,0.26616915422885573,181.45839167134702,2.8507462686567164,0.7338308457711443,0.7338308457711443,0.9253731343283582,0.9253731343283582,2.2786069651741294,0.1900497512437811,2.834577114427861,7.59999999999998,924.1600000000028,57.760000000000176,0.1890547263681592,0.023437725928302705,crmf,crmf,1.1119145973482563,36.0,16,0.0009375,0.0,0.0,0.0,0.5,0.5336239577274852,0.0,1.0,0.0,0.0,0,0.0,0.0,0.0,1.2543437999997877,21009,16,200,0.03519707193380944,3.166044776119403
0.0,7.6,1.0,0.00125,0.040384874309801394,0.012345679012345678,240,0.9995761813943632,42.0,0.0,1.0,2.625,2.625,1.0,1.0,1.0,0.175,1.0,0.18097372178998536,0.0,18.0,1.0,0.0,0.0,0.20066953788272568,0.0,2.3725124378109452,3.7394278606965172,14.86318407960199,37.960199004975124,0.22014925373134328,181.45839167134702,2.3725124378109452,0.7798507462686567,0.7798507462686567,0.7313432835820896,0.7313432835820896,1.9950248756218905,0.15816749585406348,2.2605721393034828,7.59999999999998,924.1600000000028,57.760000000000176,0.3781094527363184,0.06080213463981995,crmf,crmf,1.1909115865246187,36.0,16,0.00125,0.0,0.0,0.0,0.5,0.6457993555404811,0.0,1.0,0.0,0.0,0,0.0,0.0,0.0,1.1839936000001217,21010,16,200,0.028899140356006176,2.8781094527363185
0.0,7.6,1.0,0.001875,0.010452925632055137,0.012345679012345678,240,0.9990248787687119,46.0,0.0,1.0,2.875,2.875,1.0,1.0,1.0,0.19166666666666668,1.0,0.15025719037551927,0.0,18.0,1.0,0.0,0.0,0.18652694240241577,0.0,2.691542288557214,3.322139303482587,12.228855721393035,43.06467661691542,0.07369402985074627,181.45839167134702,2.691542288557214,0.9263059701492538,0.9263059701492538,0.8258706467661692,0.8258706467661692,1.407960199004975,0.1794361525704813,2.677860696517413,7.59999999999998,924.1600000000028,57.760000000000176,0.8258706467661692,0.11535942221000813,crmf,crmf,2.0022003586590387,36.0,16,0.0015625,0.0,0.0,0.0,0.5,0.8592688109657842,0.0,1.0,0.0,0.0,0,0.0,0.0,0.0,1.2666299000002255,21011,16,200,0.013184874481921623,3.0752487562189055
0.0,7.6,1.0,0.0,0.019798913125927176,0.012345679012345678,240,1.0,54.0,0.0,1.0,3.375,3.375,1.0,1.0,1.0,0.225,1.0,0.4003105791264891,0.0,18.0,1.0,0.0006298094716167101,0.000629809471172374,0.3661388331971981,0.019395546428284307,3.136504975124378,2.868781094527363,10.3886815920398,50.18407960199005,0.11536069651741293,181.16610108986515,3.136504975124378,0.884639303482587,0.884639303482587,0.6716417910447762,0.6716417910447762,1.671641791044776,0.20910033167495928,3.131218905472637,7.593733239092369,922.6713762924174,57.66696101827609,0.6716417910447762,0.2691838626612357,crmf,crmf,0.3284770887410736,36.0,16,0.0,0.0,0.0,0.0,0.5,0.9469925651064612,0.0006298094716167101,0.8125,0.0,0.0,0,0.0,0.000629809471172374,0.004718964920927787,1.322139899999911,21012,16,200,0.02554930274181515,3.4421641791044775
0.0,7.6,1.0,0.000625,0.021253104052983224,0.012345679012345678,240,0.9998166771422585,44.0,0.0,1.0,2.75,2.75,1.0,1.0,1.0,0.18333333333333332,1.0,0.23027846565784355,0.0,18.0,1.0,0.0002099364905389034,0.00020993649039079132,0.042644365238484194,0.006465182142761435,2.719216417910448,3.2898009950248754,11.70584577114428,43.507462686567166,0.012748756218905472,181.36096147751948,2.719216417910448,0.9872512437810945,0.9872512437810945,0.9104477611940298,0.9104477611940298,1.1393034825870647,0.18128109452736293,2.7101990049751246,7.597911079697458,923.6637920974732,57.728987006092076,0.9104477611940298,0.20994047771294405,crmf,crmf,2.326844076614802,36.0,16,0.000625,0.0,0.0,0.0,0.5,0.9792238688215255,0.0002099364905389034,0.9375,0.0,0.0,0,0.0,0.00020993649039079132,0.0027244956673940605,1.2771883000000344,21013,16,200,0.010559196022178544,3.1865671641791047
0.0,7.6,1.0,0.001875,0.02806462158789004,0.012345679012345678,240,0.99923426277989,42.0,0.0,1.0,2.625,2.625,1.0,1.0,1.0,0.175,1.0,0.24343929487498744,0.0,18.0,1.0,0.0002099364905389034,0.00020993649039079132,0.326300710378456,0.006465182142761435,2.4300373134328357,3.683768656716418,15.061256218905474,38.88059701492537,0.11411691542288557,181.36096147751948,2.4300373134328357,0.8858830845771144,0.8849502487562189,0.8756218905472637,0.8756218905472637,1.537313432835821,0.1620024875621895,2.316231343283582,7.597911079697458,923.6637920974732,57.728987006092076,0.746268656716418,0.16109534795980654,crmf,crmf,1.9700655228765345,36.0,16,0.001875,0.0,0.0,0.0,0.5,0.9538794416821494,0.0002099364905389034,0.9375,0.0,0.0,0,0.0,0.00020993649039079132,0.0027244956673940605,1.2866807999998855,21014,16,200,0.02276952831549829,2.470149253731343
0.0,7.6,1.0,0.0,0.009454986370993436,0.012345679012345678,240,1.0,54.0,0.0,1.0,3.375,3.375,1.0,1.0,1.0,0.225,1.0,0.3583668587640189,0.0,18.0,1.0,0.0010271060281114377,0.001027106027386806,0.3578469592336823,0.03163064951034873,3.112873134328358,2.894278606965174,10.7363184079602,49.80597014925373,0.07493781094527363,180.99441964243007,3.112873134328358,0.9250621890547264,0.9250621890547264,0.8557213930348259,0.8557213930348259,1.4676616915422886,0.20752487562189117,3.105721393034826,7.589780039527766,921.7970098605307,57.61231311628317,0.7562189054726368,0.23492335879575998,crmf,crmf,3.122830740363929,36.0,16,0.0,0.0,0.0,0.0,0.5,0.8264086431300289,0.0010271060281114377,0.8125,0.0,0.0,0,0.0,0.001027106027386806,0.008771999793883208,1.3311290999999983,21015,16,200,0.02777311958887014,3.58271144278607
0.0,7.6,1.0,0.0,0.012319758456920038,0.012345679012345678,240,1.0,46.0,0.0,1.0,2.875,2.875,1.0,1.0,1.0,0.19166666666666668,1.0,0.2585997185981849,0.0,18.0,1.0,0.0002099364905389034,0.00020993649039079132,0.1526261726194896,0.006465182142761435,2.603233830845771,3.4116915422885574,13.01865671641791,41.65174129353234,0.13743781094527363,181.36096147751942,2.603233830845771,0.8625621890547264,0.8616293532338308,0.9154228855721394,0.9154228855721394,1.6218905472636815,0.17354892205638497,2.5883084577114426,7.597911079697458,923.6637920974729,57.728987006092055,0.48258706467661694,0.09292599634097168,crmf,crmf,1.3373894555014036,36.0,16,0.0,0.0,0.0,0.0,0.5,0.7736763860655255,0.0002099364905389034,0.9375,0.0,0.0,0,0.0,0.00020993649039079132,0.0027244956673940605,1.2848144999998112,21016,16,200,0.016907083011406882,2.7332089552238807
0.0,7.6,1.0,0.000625,0.012074047166738806,0.012345679012345678,240,0.9997629582806574,52.0,0.0,1.0,3.25,3.25,1.0,1.0,1.0,0.21666666666666667,1.0,0.22827704266703291,0.0,18.0,1.0,0.0004198729810778068,0.00041987298078158264,0.1742314546669637,0.01293036428552287,3.1240671641791047,2.887437810945274,10.748756218905474,49.985074626865675,0.07369402985074627,181.26353128369237,3.1240671641791047,0.9263059701492538,0.9231965174129353,0.835820895522388,0.835820895522388,1.6069651741293531,0.20827114427860685,3.112562189054726,7.595822159394914,923.1675841949457,57.697974012184105,0.6517412935323383,0.14888707825631434,crmf,crmf,0.7418547058252827,36.0,16,0.000625,0.0,0.0,0.0,0.5,0.8564001013324444,0.0004198729810778068,0.875,0.0,0.0,0,0.0,0.00041987298078158264,0.0038530187234554216,1.3717818999998599,21017,16,200,0.02286916976543079,3.540422885572139
0.0,7.6,1.0,0.000625,0.009060294627550763,0.012345679012345678,240,0.999814932318105,54.0,0.0,1.0,3.375,3.375,1.0,1.0,1.0,0.225,1.0,0.32787844276799605,0.0,18.0,1.0,0.0016569154997281479,0.00165691549855918,0.16077262939036163,0.051026195938633036,3.1940298507462686,2.8973880597014925,9.468283582089553,51.1044776119403,0.09701492537313433,180.7021290609489,3.1940298507462686,0.9029850746268657,0.9029850746268657,0.7611940298507462,0.7611940298507462,1.4975124378109452,0.21293532338308538,3.1026119402985075,7.583513278620139,920.3083861529487,57.519274134559296,0.7412935323383084,0.20594486067390633,crmf,crmf,1.1520928404050428,36.0,16,0.000625,0.0,0.0,0.0,0.5,0.9183699985676538,0.0016569154997281479,0.625,0.0,0.0,0,0.0,0.00165691549855918,0.009960753501057735,1.423251700000037,21018,16,200,0.01152837750541056,3.493781094527363
0.0,7.6,1.0,0.0003125,0.0162927072918136,0.012345679012345678,240,0.9998938428874734,36.0,0.0,1.0,2.25,2.25,1.0,1.0,1.0,0.15,1.0,0.14409418057372408,0.0,18.0,1.0,0.0002099364905389034,0.00020993649039079132,0.0799608920571273,0.006465182142761435,2.1784825870646767,3.8268034825870645,15.535758706467663,34.85572139303483,0.03140547263681592,181.36096147751942,2.1784825870646767,0.9685945273631841,0.9685945273631841,0.8905472636815921,0.8905472636815921,1.36318407960199,0.14523217247097797,2.1731965174129355,7.597911079697458,923.6637920974729,57.728987006092055,0.8905472636815921,0.12818896593951382,crmf,crmf,1.8784012911596335,36.0,16,0.0003125,0.0,0.0,0.0,0.5,0.9556452732928657,0.0002099364905389034,0.9375,0.0,0.0,0,0.0,0.00020993649039079132,0.0027244956673940605,1.3477883000000475,21019,16,200,0.017825994188238454,2.633084577114428
0.0,7.7,1.0,0.000625,0.014044342559614594,0.012345679012345678,240,0.9997231450719822,60.0,0.0,1.0,3.75,3.75,1.0,1.0,1.0,0.25,1.0,0.2984864115269959,0.0,18.0,1.0,0.0031576002626046065,0.0025282183428579747,0.2522245736491671,0.09126423870350817,3.457089552238806,2.5513059701492535,9.596703980099502,55.3134328358209,0.08644278606965174,184.58640813241385,3.457089552238806,0.9135572139303483,0.9135572139303483,0.09950248756218906,0.09950248756218906,2.054726368159204,0.23047263681592056,3.4486940298507465,7.662699312812142,940.0908570192543,58.75567856370339,0.09950248756218906,0.030281241875687204,crmf,crmf,1.3111209246851816,36.0,16,0.000625,0.0,0.0,0.0,0.5,0.9000316594614732,0.0031576002626046065,0.75,0.0,0.000625,2,0.004098360655737705,0.0025282183428579747,0.014592944072671553,1.3618418999999449,21000,16,200,0.026852877602096717,3.6274875621890548
0.0,7.7,1.0,0.0,0.03759009008073715,0.012345679012345678,240,1.0,69.0,0.0,1.0,4.3125,4.3125,1.0,1.0,1.0,0.2875,1.0,0.3919309850052544,0.0,18.0,1.0,0.0130488214863896,0.0008470807295651952,0.21712333853122448,0.02098162828827231,4.148320895522388,2.1243781094527363,8.110074626865671,66.3731343283582,0.06965174129353234,178.1298879418676,4.148320895522388,0.9303482587064676,0.9303482587064676,0.9751243781094527,0.9751243781094527,1.3134328358208955,0.27655472636816014,3.896144278606965,7.521873033490061,907.2080697073162,56.70050435670726,0.7313432835820896,0.2792846086966955,crmf,crmf,0.7423888683715184,36.0,16,0.0,0.0,0.0,0.0,0.5,0.8603172961307535,0.0130488214863896,0.7680348258706468,0.0,0.0075,24,0.6666666666666666,0.0008470807295651952,0.006998482662978321,1.3853318999999829,21001,16,200,0.020841264128844007,4.773009950248756
0.0,7.7,1.0,0.001875,0.00994988014877933,0.012345679012345678,240,0.9993834966803667,65.0,0.0,1.0,4.0625,4.0625,1.0,1.0,1.0,0.2708333333333333,1.0,0.4155540675318959,0.0,18.0,1.0,0.0034630779725507354,0.0013831776962494493,0.31628548798297074,0.04455994949833235,3.9440298507462686,2.0752487562189055,7.333333333333333,63.1044776119403,0.012126865671641791,183.9224272927194,3.9440298507462686,0.9878731343283582,0.9878731343283582,0.9601990049751243,0.9651741293532339,1.1890547263681592,0.26293532338308523,3.9272388059701493,7.650639363921301,936.7092303710724,58.544326898192026,0.9253731343283582,0.36881221512760803,crmf,crmf,0.8232241631334404,36.0,16,0.001875,0.0,0.0,0.0,0.5,0.9249313663071925,0.0034630779725507354,0.5752487562189055,0.0,0.0003125,1,0.0012224938875305623,0.0013831776962494493,0.0077905495557540555,1.3442362000000685,21002,16,200,0.035074492997723285,4.36318407960199
0.0,7.7,1.0,0.0009375,0.013546135767696062,0.012345679012345678,240,0.9996534442311794,40.0,0.0,1.0,2.5,2.5,1.0,1.0,1.0,0.16666666666666666,1.0,0.04269896580907643,0.0,18.0,1.0,0.0017593390751450694,0.0017593390739038372,0.11370386871612088,0.054180421624141176,2.449626865671642,3.689365671641791,15.097325870646767,39.19402985074627,0.025497512437810944,185.46713563737075,2.449626865671642,0.974502487562189,0.9698383084577115,0.6915422885572139,0.6915422885572139,1.4328358208955223,0.1633084577114432,2.310634328358209,7.682494138566886,944.5763653690424,59.03602283556515,0.6915422885572139,0.02991011306634811,crmf,crmf,1.8134174287994451,36.0,16,0.0009375,0.0,0.0,0.0,0.5,0.9774519525813178,0.0017593390751450694,0.75,0.0,0.0,0,0.0,0.0017593390739038372,0.012526438896724461,1.3303851000000577,21003,16,200,0.01147612687500948,2.56592039800995
0.0,7.7,2.0,0.00125,0.026244083586534538,0.012345679012345678,240,0.9994512386328003,42.0,0.125,0.875,2.625,2.625,1.0,1.0,2.0,0.175,0.0,0.0003789943178768944,0.125,18.0,0.875,0.0,0.0,0.15869966089948268,0.0,2.5634328358208953,3.468905472636816,13.181592039800995,41.014925373134325,0.14832089552238806,186.2650284313396,2.5634328358208953,0.851679104477612,0.851679104477612,0.945273631840796,0.945273631840796,1.945273631840796,0.17089552238806,2.531094527363184,7.700000000000028,948.640000000004,59.29000000000025,0.23383084577114427,0.015547925758471245,crmf,crmf,1.9929345815133581,36.0,16,0.00125,0.0,0.0,0.0,0.5,0.9310600152776969,0.0,1.0,0.0,0.0,0,0.0,0.0,0.0,1.2663118000000395,21004,16,200,0.011082338337751062,2.728855721393035
0.0,7.7,1.0,0.00125,0.021491287180413106,0.012345679012345678,240,0.9991344035253383,46.0,0.0,1.0,2.875,2.875,1.0,1.0,1.0,0.19166666666666668,1.0,0.17029353156755034,0.0,18.0,1.0,0.00024118649053890356,0.00024118649036874355,0.16482574688745327,0.007427553865003085,2.779850746268657,3.236318407960199,12.112562189054726,44.47761194029851,0.048507462686567165,186.15198424121866,2.779850746268657,0.9514925373134329,0.9514925373134329,0.8955223880597015,0.8955223880597015,1.318407960199005,0.18532338308457744,2.763681592039801,7.6976001344240235,948.0642706673457,59.254016916709105,0.8656716417910447,0.14530109332069388,crmf,crmf,0.673106222202849,36.0,16,0.00125,0.0,0.0,0.0,0.5,0.9069520438856958,0.00024118649053890356,0.9375,0.0,0.0,0,0.0,0.00024118649036874355,0.003130049220220956,1.3371668999998292,21005,16,200,0.017426513552111392,3.004353233830846
0.0,7.7,1.0,0.0,0.013018205412119822,0.012345679012345678,240,1.0,42.0,0.0,1.0,2.625,2.625,1.0,1.0,1.0,0.175,1.0,0.18276018240875133,0.0,18.0,1.0,0.0,0.0,0.10155070419049034,0.0,2.546641791044776,3.4608208955223883,13.77176616915423,40.74626865671642,0.04259950248756219,186.2650284313396,2.546641791044776,0.9574004975124378,0.9574004975124378,0.8706467661691543,0.8706467661691543,1.3781094527363185,0.16977611940298537,2.5391791044776117,7.700000000000028,948.640000000004,59.29000000000025,0.835820895522388,0.152823845296326,crmf,crmf,1.4110320928289972,36.0,16,0.0,0.0,0.0,0.0,0.5,0.9713353731629117,0.0,1.0,0.0,0.0,0,0.0,0.0,0.0,1.2919246999999814,21006,16,200,0.014588046770701002,2.6983830845771144
0.0,7.7,1.0,0.000625,0.010642840748972792,0.012345679012345678,240,0.9997392574050898,38.0,0.0,1.0,2.375,2.375,1.0,1.0,1.0,0.15833333333333333,1.0,0.08617600284245354,0.0,18.0,1.0,0.0,0.0,0.013403133585802331,0.0,2.3662935323383083,3.718905472636816,14.679726368159203,37.86069651741293,0.0024875621890547263,186.2650284313396,2.3662935323383083,0.9975124378109452,0.9975124378109452,0.9800995024875622,0.9800995024875622,1.0298507462686568,0.157752902155888,2.281094527363184,7.700000000000028,948.640000000004,59.29000000000025,0.9800995024875622,0.08447660116229667,crmf,crmf,2.418630477183995,36.0,16,0.000625,0.0,0.0,0.0,0.5,0.9685013954894456,0.0,1.0,0.0,0.0,0,0.0,0.0,0.0,1.334546600000067,21007,16,200,0.008980609794433934,2.552860696517413
0.0,7.7,1.0,0.0,0.008067997908349597,0.012345679012345678,240,1.0,46.0,0.0,1.0,2.875,2.875,1.0,1.0,1.0,0.19166666666666668,1.0,0.25479694325609403,0.0,18.0,1.0,0.0009647459621556142,0.0009647459614749742,0.18299670800227716,0.02971021546001234,2.6806592039800994,3.32431592039801,13.073072139303482,42.89054726368159,0.07431592039800995,185.8128516708586,2.6806592039800994,0.9256840796019901,0.9256840796019901,0.27860696517412936,0.27860696517412936,1.9651741293532339,0.17871061359867374,2.67568407960199,7.690400537696087,946.3370826693854,59.146067666836586,0.27860696517412936,0.07325873775210646,crmf,crmf,1.0811946079838228,36.0,16,0.0,0.0,0.0,0.0,0.5,0.972818587525606,0.0009647459621556142,0.75,0.0,0.0,0,0.0,0.0009647459614749742,0.006260098440441923,1.2952884000001177,21008,16,200,0.01736160813943405,3.1411691542288556
0.0,7.7,1.0,0.00125,0.019358425821133243,0.012345679012345678,240,0.9996324301617306,50.0,0.0,1.0,3.125,3.125,1.0,1.0,1.0,0.20833333333333334,1.0,0.12186588803614141,0.0,18.0,1.0,0.0,0.0,0.2637805994901116,0.0,2.7898009950248754,3.2213930348258706,11.171641791044776,44.63681592039801,0.2568407960199005,186.2650284313396,2.7898009950248754,0.7431592039800995,0.7431592039800995,0.9253731343283582,0.9253731343283582,2.283582089552239,0.18598673300165855,2.7786069651741294,7.700000000000028,948.640000000004,59.29000000000025,0.36318407960199006,0.043945020120160494,crmf,crmf,1.0946599357998892,36.0,16,0.0009375,0.0,0.0,0.0,0.5,0.5229187295897034,0.0,1.0,0.0,0.0,0,0.0,0.0,0.0,1.2857914999999593,21009,16,200,0.03023776103048125,2.9328358208955225
0.0,7.7,1.0,0.000625,0.028178223890621593,0.012345679012345678,240,0.9997875504567666,44.0,0.0,1.0,2.75,2.75,1.0,1.0,1.0,0.18333333333333332,1.0,0.18789121010187818,0.0,18.0,1.0,0.0,0.0,0.21183262790524987,0.0,2.4912935323383083,3.6803482587064678,14.519278606965175,39.86069651741293,0.17288557213930347,186.2650284313396,2.4912935323383083,0.8271144278606966,0.8271144278606966,0.6915422885572139,0.6915422885572139,1.8805970149253732,0.16608623548922052,2.3196517412935322,7.700000000000028,948.640000000004,59.29000000000025,0.5174129353233831,0.09421108337117992,crmf,crmf,1.1909115865246187,36.0,16,0.000625,0.0,0.0,0.0,0.5,0.7202105746384063,0.0,1.0,0.0,0.0,0,0.0,0.0,0.0,1.339209700000083,21010,16,200,0.028318998921077386,2.7425373134328357
0.0,7.7,1.0,0.001875,0.012119894333213345,0.012345679012345678,240,0.9990781710914455,48.0,0.0,1.0,3.0,3.0,1.0,1.0,1.0,0.2,1.0,0.17327590779084262,0.0,18.0,1.0,0.0,0.0,0.2373610801712829,0.0,2.824004975124378,3.1896766169154227,11.503109452736318,45.18407960199005,0.05845771144278607,186.2650284313396,2.824004975124378,0.9415422885572139,0.9415422885572139,0.8308457711442786,0.8308457711442786,1.3482587064676617,0.18826699834162525,2.8103233830845773,7.700000000000028,948.640000000004,59.29000000000025,0.8308457711442786,0.13211376001997313,crmf,crmf,2.0022003586590387,36.0,16,0.001875,0.0,0.0,0.0,0.5,0.8738569148004672,0.0,1.0,0.0,0.0,0,0.0,0.0,0.0,1.2997480999997606,21011,16,200,0.014203350277145237,3.101990049751244
0.0,7.7,1.0,0.0,0.020781922841787613,0.012345679012345678,240,1.0,56.0,0.0,1.0,3.5,3.5,1.0,1.0,1.0,0.23333333333333334,1.0,0.38169629301497277,0.0,18.0,1.0,0.0007235594716167107,0.0007235594711062307,0.39887007747332986,0.022282661595009252,3.2338308457711444,2.771455223880597,9.971082089552239,51.74129353233831,0.10199004975124377,185.92589586097859,3.2338308457711444,0.8980099502487562,0.8980099502487562,0.6716417910447762,0.6716417910447762,1.63681592039801,0.21558872305141008,3.228544776119403,7.692800403272069,946.9128120020385,59.18205075012741,0.6716417910447762,0.2573445980694805,crmf,crmf,0.3284770887410736,36.0,16,0.0,0.0,0.0,0.0,0.5,0.9427262319714393,0.0007235594716167107,0.8125,0.0,0.0,0,0.0,0.0007235594711062307,0.005421404279614045,1.271826499999861,21012,16,200,0.02448282844230243,3.3893034825870645
0.0,7.7,1.0,0.000625,0.02061549579775195,0.012345679012345678,240,0.9997643732327992,44.0,0.0,1.0,2.75,2.75,1.0,1.0,1.0,0.18333333333333332,1.0,0.23027846565784355,0.0,18.0,1.0,0.00024118649053890356,0.00024118649036874355,0.042477290166084994,0.007427553865003085,2.720771144278607,3.2879353233830844,11.689676616915422,43.53233830845771,0.011504975124378109,186.15198424121866,2.720771144278607,0.9884950248756219,0.9884950248756219,0.9154228855721394,0.9154228855721394,1.1293532338308458,0.1813847429519069,2.7120646766169156,7.697600134424022,948.0642706673457,59.254016916709105,0.9154228855721394,0.21106164632397123,crmf,crmf,2.326844076614802,36.0,16,0.000625,0.0,0.0,0.0,0.5,0.9810637413648212,0.00024118649053890356,0.9375,0.0,0.0,0,0.0,0.00024118649036874355,0.003130049220220956,1.3191240999999536,21013,16,200,0.010105358290458026,3.1865671641791047
0.0,7.7,1.0,0.0025,0.025853094907765207,0.012345679012345678,240,0.9987996158770807,42.0,0.0,1.0,2.625,2.625,1.0,1.0,1.0,0.175,1.0,0.24343929487498744,0.0,18.0,1.0,0.00024118649053890356,0.00024118649036874355,0.34752543253879853,0.007427553865003085,2.4088930348258706,3.6141169154228856,14.417599502487562,38.54228855721393,0.11038557213930349,186.15198424121866,2.4088930348258706,0.8896144278606966,0.888681592039801,0.7064676616915423,0.7164179104477612,1.681592039800995,0.16059286898839178,2.3858830845771144,7.6976001344240235,948.0642706673457,59.254016916709105,0.7014925373134329,0.14317006697239465,crmf,crmf,1.9700655228765345,36.0,16,0.0025,0.0,0.0,0.0,0.5,0.957382584264451,0.00024118649053890356,0.9375,0.0,0.0,0,0.0,0.00024118649036874355,0.003130049220220956,1.2707329999998365,21014,16,200,0.02166118938519053,2.468905472636816
0.0,7.7,1.0,0.0,0.009163063089938084,0.012345679012345678,240,1.0,54.0,0.0,1.0,3.375,3.375,1.0,1.0,1.0,0.225,1.0,0.3583668587640189,0.0,18.0,1.0,0.0011208560281114382,0.0011208560273206622,0.34844125145417193,0.03451776467707367,3.0973258706467663,2.9098258706467663,10.845149253731343,49.55721393034826,0.07338308457711443,185.75303784423483,3.0973258706467663,0.9266169154228856,0.9266169154228856,0.8557213930348259,0.8557213930348259,1.4577114427860696,0.2064883913764513,3.0901741293532337,7.688847203707466,946.032453351868,59.12702833449175,0.7611940298507462,0.22354084695909934,crmf,crmf,3.123566809642739,36.0,16,0.0,0.0,0.0,0.0,0.5,0.8293179747369877,0.0011208560281114382,0.8125,0.0,0.0,0,0.0,0.0011208560273206622,0.009394309119764539,1.343909000000167,21015,16,200,0.027305184169122677,3.582089552238806
0.0,7.7,1.0,0.000625,0.012411181340321311,0.012345679012345678,240,0.9996846420687481,44.0,0.0,1.0,2.75,2.75,1.0,1.0,1.0,0.18333333333333332,1.0,0.23172987189916805,0.0,18.0,1.0,0.00024118649053890356,0.00024118649036874355,0.1395602831613079,0.007427553865003085,2.5848880597014925,3.422574626865672,13.079912935323383,41.35820895522388,0.11940298507462686,186.15198424121863,2.5848880597014925,0.8805970149253731,0.8805970149253731,0.8557213930348259,0.8557213930348259,1.5870646766169154,0.172325870646766,2.577425373134328,7.697600134424022,948.0642706673456,59.2540169167091,0.5621890547263682,0.11239621189062524,crmf,crmf,1.3373894555014036,36.0,16,0.000625,0.0,0.0,0.0,0.5,0.7926436526081051,0.00024118649053890356,0.9375,0.0,0.0,0,0.0,0.00024118649036874355,0.003130049220220956,1.2152349000002687,21016,16,200,0.016474377515919715,2.9291044776119404
0.0,7.7,1.0,0.0,0.011294075736039355,0.012345679012345678,240,1.0,54.0,0.0,1.0,3.375,3.375,1.0,1.0,1.0,0.225,1.0,0.23309645185112238,0.0,18.0,1.0,0.0004823729810778071,0.0004823729807374871,0.14150639835647633,0.01485510773000617,3.2758084577114426,2.8550995024875623,10.743159203980099,52.41293532338308,0.033271144278606966,186.03894005109868,3.2758084577114426,0.966728855721393,0.9651741293532339,0.8407960199004975,0.8407960199004975,1.2835820895522387,0.21838723051409697,3.1449004975124377,7.695200268848044,947.4885413346925,59.21803383341828,0.8407960199004975,0.19625524868528815,crmf,crmf,0.7418547058252827,36.0,16,0.0,0.0,0.0,0.0,0.5,0.8739480344007259,0.0004823729810778071,0.875,0.0,0.0,0,0.0,0.0004823729807374871,0.00442655805813181,1.3610658999996303,21017,16,200,0.01931278968900149,3.5646766169154227
0.0,7.7,1.0,0.000625,0.00907289212194209,0.012345679012345678,240,0.9998149910138493,54.0,0.0,1.0,3.375,3.375,1.0,1.0,1.0,0.225,1.0,0.32787844276799605,0.0,18.0,1.0,0.001844415499728149,0.001844415498426893,0.15070480928689883,0.05680042627208293,3.1980721393034828,2.8930348258706466,9.448383084577115,51.169154228855724,0.09328358208955224,185.41390527387443,3.1980721393034828,0.9067164179104478,0.9067164179104478,0.7661691542288557,0.7661691542288557,1.4825870646766168,0.2132048092868996,3.1069651741293534,7.681647606979533,944.3052653539058,59.019079084619115,0.7512437810945274,0.20498426710456233,crmf,crmf,1.1520928404050428,36.0,16,0.000625,0.0,0.0,0.0,0.5,0.9218523280455598,0.001844415499728149,0.625,0.0,0.0,0,0.0,0.001844415498426893,0.010846412688106067,1.3659920999998576,21018,16,200,0.011325561181515006,3.486940298507463
0.0,7.7,1.0,0.000625,0.02118918075180896,0.012345679012345678,240,0.9995755067388304,41.0,0.0,1.0,2.5625,2.5625,1.0,1.0,1.0,0.17083333333333334,1.0,0.29297284723520145,0.0,18.0,1.0,0.00024118649053890356,0.00024118649036874355,0.24812814039256453,0.007427553865003085,2.370957711442786,3.6958955223880596,14.678482587064677,37.93532338308458,0.05534825870646766,186.15198424121863,2.370957711442786,0.9446517412935324,0.9446517412935324,0.8905472636815921,0.8905472636815921,1.4975124378109452,0.15806384742951932,2.3041044776119404,7.697600134424022,948.0642706673456,59.2540169167091,0.7960199004975125,0.22305751251909695,crmf,crmf,1.8376217037164904,36.0,16,0.000625,0.0,0.0,0.0,0.5,0.9290379405751134,0.00024118649053890356,0.9375,0.0,0.0,0,0.0,0.00024118649036874355,0.003130049220220956,1.1845299999999952,21019,16,200,0.02291508723242539,2.902363184079602
0.0,7.8,1.0,0.000625,0.013512316757205092,0.012345679012345678,240,0.9997224997224997,60.0,0.0,1.0,3.75,3.75,1.0,1.0,1.0,0.25,1.0,0.2984864115269959,0.0,18.0,1.0,0.003570190965402229,0.0026444212832291004,0.23875956040692062,0.09707843802060172,3.4766791044776117,2.531405472636816,9.474813432835822,55.62686567164179,0.08737562189054726,189.24631742601215,3.4766791044776117,0.9126243781094527,0.9126243781094527,0.06467661691542288,0.06467661691542288,2.084577114427861,0.23177860696517438,3.468594527363184,7.758520233332659,963.8235801692073,60.238973760575455,0.06467661691542288,0.019856029608490176,crmf,crmf,1.3111209246851816,36.0,16,0.000625,0.0,0.0,0.0,0.5,0.8993740685197429,0.003570190965402229,0.75,0.0,0.0,0,0.0,0.0026444212832291004,0.01503116252222004,1.4232990000000427,21000,16,200,0.026576950930569592,3.6106965174129355
0.0,7.8,1.0,0.0,0.03615213078483514,0.012345679012345678,240,1.0,69.0,0.0,1.0,4.3125,4.3125,1.0,1.0,1.0,0.2875,1.0,0.3919309850052544,0.0,18.0,1.0,0.0074897756766457955,0.0005569852422451015,0.21526385485507785,0.018566936596458184,4.148009950248756,2.033271144278607,7.58613184079602,66.3681592039801,0.06840796019900497,182.23692334853175,4.148009950248756,0.931592039800995,0.931592039800995,0.9751243781094527,0.9751243781094527,1.308457711442786,0.27653399668325135,3.9810323383084576,7.60683291582559,928.1250292728852,58.00781432955532,0.736318407960199,0.28264910738205207,crmf,crmf,0.7423888683715184,36.0,16,0.0,0.0,0.0,0.0,0.5,0.8632932816161433,0.0074897756766457955,0.7680348258706468,0.0,0.003125,10,0.45454545454545453,0.0005569852422451015,0.005727577541856491,1.431919999999991,21001,16,200,0.02046883824808278,4.689054726368159
0.0,7.8,1.0,0.001875,0.010427666057090999,0.012345679012345678,240,0.9993850520340587,60.0,0.0,1.0,3.75,3.75,1.0,1.0,1.0,0.25,1.0,0.3266211861226441,0.0,18.0,1.0,0.0024072037683657887,0.0014509543176192906,0.20876649092844238,0.0427986299350719,3.677860696517413,2.3429726368159205,9.03886815920398,58.84577114427861,0.009017412935323384,188.76182934061814,3.677860696517413,0.9909825870646766,0.9909825870646766,0.9253731343283582,0.9253731343283582,1.144278606965174,0.24519071310116086,3.6570273631840795,7.7504026624938405,961.3561026121005,60.08475641325628,0.9253731343283582,0.30130218282313925,crmf,crmf,0.8229351495410339,36.0,16,0.001875,0.0,0.0,0.0,0.5,0.9370438523673413,0.0024072037683657887,0.625,0.0,0.0,0,0.0,0.0014509543176192906,0.008424068044640194,1.3706034000001637,21002,16,200,0.03021998080976567,3.8208955223880596
0.0,7.8,1.0,0.0,0.012997296612225106,0.012345679012345678,240,1.0,43.0,0.0,1.0,2.6875,2.6875,1.0,1.0,1.0,0.17916666666666667,1.0,0.1910918613513895,0.0,18.0,1.0,0.0018843390751450688,0.0018843390738156557,0.07165664216232272,0.058029908513108006,2.605721393034826,3.6626243781094527,14.876554726368159,41.691542288557216,0.024564676616915422,190.27064345612703,2.605721393034826,0.9754353233830846,0.970771144278607,0.7064676616915423,0.7064676616915423,1.4179104477611941,0.17371475953565532,2.3373756218905473,7.781250357473151,969.0404298021826,60.565026862636415,0.7064676616915423,0.13563338883141185,crmf,crmf,1.8134174287994451,36.0,16,0.0,0.0,0.0,0.0,0.5,0.9780833673747131,0.0018843390751450688,0.75,0.0,0.0,0,0.0,0.0018843390738156557,0.013269850219800927,1.3489931000003708,21003,16,200,0.011288128138005733,2.7767412935323383
0.0,7.8,1.0,0.00125,0.022829373274151635,0.012345679012345678,240,0.9994512386328003,44.0,0.0,1.0,2.75,2.75,1.0,1.0,1.0,0.18333333333333332,1.0,0.09660861084336578,0.0,18.0,1.0,0.0,4.440892098500626e-18,0.12324261775698621,6.264727544357014e-17,2.66044776119403,3.4465174129353233,13.044776119402986,42.56716417910448,0.0640547263681592,191.13449704440336,2.66044776119403,0.9359452736318408,0.9359452736318408,0.945273631840796,0.945273631840796,1.2985074626865671,0.1773631840796018,2.5534825870646767,7.799999999999972,973.4400000000018,60.84000000000011,0.8706467661691543,0.07969569189252687,crmf,crmf,1.9821096333449346,36.0,16,0.00125,0.0,0.0,0.0,0.5,0.9371301845954758,0.0,1.0,0.0,0.0,0,0.0,4.440892098500626e-18,6.2803698347351e-17,1.3170541999998022,21004,16,200,0.010469579478325636,2.7972636815920398
0.0,7.8,1.0,0.0025,0.021168047604854245,0.012345679012345678,240,0.9988717464315702,46.0,0.0,1.0,2.875,2.875,1.0,1.0,1.0,0.19166666666666668,1.0,0.17029353156755034,0.0,18.0,1.0,0.0002724364905389035,0.00027243649034670164,0.15960619786638944,0.008389925587244837,2.783271144278607,3.275186567164179,12.263992537313433,44.53233830845771,0.04757462686567164,191.00555094036017,2.783271144278607,0.9524253731343284,0.9524253731343284,0.8805970149253731,0.8805970149253731,1.318407960199005,0.1855514096185741,2.724813432835821,7.797289189150585,972.7832828847725,60.79895518029828,0.8606965174129353,0.14509378440975626,crmf,crmf,0.673106222202849,36.0,16,0.0021875,0.0,0.0,0.0,0.5,0.9020105890504242,0.0002724364905389035,0.9375,0.0,0.0,0,0.0,0.00027243649034670164,0.0035356027730478736,1.31718439999986,21005,16,200,0.01590660690585951,2.9079601990049753
0.0,7.8,1.0,0.000625,0.011471321468867176,0.012345679012345678,240,0.9998421717171717,42.0,0.0,1.0,2.625,2.625,1.0,1.0,1.0,0.175,1.0,0.18276018240875133,0.0,18.0,1.0,0.0,4.440892098500626e-18,0.08955842677161456,6.264727544357014e-17,2.5615671641791047,3.4477611940298507,13.666044776119403,40.985074626865675,0.04228855721393035,191.13449704440336,2.5615671641791047,0.9577114427860697,0.9577114427860697,0.8656716417910447,0.8656716417910447,1.373134328358209,0.17077114427860723,2.5522388059701493,7.799999999999972,973.4400000000018,60.84000000000011,0.8407960199004975,0.15370698269676547,crmf,crmf,1.4110320928289972,36.0,16,0.000625,0.0,0.0,0.0,0.5,0.9718313240778126,0.0,1.0,0.0,0.0,0,0.0,4.440892098500626e-18,6.2803698347351e-17,1.3287885999998252,21006,16,200,0.014299382904004891,2.9141791044776117
0.0,7.8,1.0,0.000625,0.010658753831805695,0.012345679012345678,240,0.9997393389636118,40.0,0.0,1.0,2.5,2.5,1.0,1.0,1.0,0.16666666666666666,1.0,0.14383795976998998,0.0,18.0,1.0,0.0,4.440892098500626e-18,0.03960916808989876,6.264727544357014e-17,2.406716417910448,3.7220149253731343,14.782960199004975,38.507462686567166,0.001554726368159204,191.13449704440336,2.406716417910448,0.9984452736318408,0.9984452736318408,0.9850746268656716,0.9850746268656716,1.0199004975124377,0.16044776119403045,2.2779850746268657,7.799999999999972,973.4400000000018,60.84000000000011,0.9850746268656716,0.10297641475964414,crmf,crmf,2.418630477183995,36.0,16,0.000625,0.0,0.0,0.0,0.5,0.9656968008360803,0.0,1.0,0.0,0.0,0,0.0,4.440892098500626e-18,6.2803698347351e-17,1.3288198000000193,21007,16,200,0.008817212000061119,2.5553482587064678
0.0,7.8,1.0,0.0,0.008030818480927026,0.012345679012345678,240,1.0,48.0,0.0,1.0,3.0,3.0,1.0,1.0,1.0,0.2,1.0,0.26053267229845006,0.0,18.0,1.0,0.0010897459621556141,0.0010897459613867933,0.20342318259449024,0.03355970234897916,2.785136815920398,3.220149253731343,12.651119402985074,44.56218905472637,0.07338308457711443,190.6187126282321,2.785136815920398,0.9266169154228856,0.9256840796019901,0.2736318407960199,0.2736318407960199,1.9651741293532339,0.1856757877280267,2.779850746268657,7.789156756602353,970.8131315390922,60.67582072119326,0.2736318407960199,0.07325919132197856,crmf,crmf,1.079451920934315,36.0,16,0.0,0.0,0.0,0.0,0.5,0.9734092321177652,0.0010897459621556141,0.75,0.0,0.0,0,0.0,0.0010897459613867933,0.007071205546095721,1.3007677999999032,21008,16,200,0.01702112420069335,3.1256218905472637
0.0,7.8,1.0,0.0,0.019072751968685263,0.012345679012345678,240,1.0,50.0,0.0,1.0,3.125,3.125,1.0,1.0,1.0,0.20833333333333334,1.0,0.19791029426161663,0.0,18.0,1.0,0.0,4.440892098500626e-18,0.16409556694141234,6.264727544357014e-17,2.933457711442786,3.2394278606965172,11.496890547263682,46.93532338308458,0.14614427860696516,191.13449704440336,2.933457711442786,0.8538557213930348,0.8538557213930348,0.9253731343283582,0.9253731343283582,1.7213930348258706,0.1955638474295191,2.7605721393034828,7.799999999999972,973.4400000000018,60.84000000000011,0.44776119402985076,0.08684986781491306,crmf,crmf,1.120909982539086,36.0,16,0.0,0.0,0.0,0.0,0.5,0.7119807740063752,0.0,1.0,0.0,0.0,0,0.0,4.440892098500626e-18,6.2803698347351e-17,1.3087139999997817,21009,16,200,0.029012212795590898,3.021144278606965
0.0,7.8,1.0,0.00125,0.02378650677926767,0.012345679012345678,240,0.999461670973299,46.0,0.0,1.0,2.875,2.875,1.0,1.0,1.0,0.19166666666666668,1.0,0.24460974216332979,0.0,18.0,1.0,0.0,4.440892098500626e-18,0.29004541966783,6.264727544357014e-17,2.52363184079602,3.6529850746268657,14.412313432835822,40.37810945273632,0.1638681592039801,191.13449704440336,2.52363184079602,0.8361318407960199,0.8361318407960199,0.48258706467661694,0.48258706467661694,2.044776119402985,0.16824212271973485,2.3470149253731343,7.799999999999972,973.4400000000018,60.84000000000011,0.48258706467661694,0.11878989417678516,crmf,crmf,1.1909115865246187,36.0,16,0.0009375,0.0,0.0,0.0,0.5,0.7375868655581443,0.0,1.0,0.0,0.0,0,0.0,4.440892098500626e-18,6.2803698347351e-17,1.3299121999998533,21010,16,200,0.031002809356164607,2.8128109452736316
0.0,7.8,1.0,0.0025,0.014875860243554582,0.012345679012345678,240,0.9986997262581596,42.0,0.0,1.0,2.625,2.625,1.0,1.0,1.0,0.175,1.0,0.09395825130502848,0.0,18.0,1.0,0.0,4.440892098500626e-18,0.11491361599960398,6.264727544357014e-17,2.5360696517412937,3.4800995024875623,13.444651741293532,40.5771144278607,0.05037313432835821,191.13449704440336,2.5360696517412937,0.9496268656716418,0.9496268656716418,0.845771144278607,0.845771144278607,1.318407960199005,0.16907131011608656,2.5199004975124377,7.799999999999972,973.4400000000018,60.84000000000011,0.8407960199004975,0.08240849002510979,crmf,crmf,2.0022003586590387,36.0,16,0.0025,0.0,0.0,0.0,0.5,0.8678673536199193,0.0,1.0,0.0,0.0,0,0.0,4.440892098500626e-18,6.2803698347351e-17,1.3495731999996678,21011,16,200,0.013530414802740138,2.986940298507463
0.0,7.8,1.0,0.0,0.01990981264567518,0.012345679012345678,240,1.0,56.0,0.0,1.0,3.5,3.5,1.0,1.0,1.0,0.23333333333333334,1.0,0.38169629301497277,0.0,18.0,1.0,0.000817309471616711,0.000817309471040096,0.38345894903591493,0.025169776761734385,3.245957711442786,2.7593283582089554,9.906716417910447,51.93532338308458,0.09950248756218906,190.7476587322746,3.245957711442786,0.900497512437811,0.900497512437811,0.6766169154228856,0.6766169154228856,1.626865671641791,0.2163971807628529,3.2406716417910446,7.7918675674517655,971.4698486543181,60.71686554089488,0.6766169154228856,0.25868793427012343,crmf,crmf,0.3284770887410736,36.0,16,0.0,0.0,0.0,0.0,0.5,0.9438567382699504,0.000817309471616711,0.8125,0.0,0.0,0,0.0,0.000817309471040096,0.006123843638300325,1.3427340999996886,21012,16,200,0.024133333183871758,3.370646766169154
0.0,7.8,1.0,0.0009375,0.0198000177371846,0.012345679012345678,240,0.9997382747068677,44.0,0.0,1.0,2.75,2.75,1.0,1.0,1.0,0.18333333333333332,1.0,0.23027846565784355,0.0,18.0,1.0,0.0002724364905389035,0.00027243649034670164,0.039070815078834684,0.008389925587244837,2.7238805970149254,3.28544776119403,11.671019900497512,43.582089552238806,0.009950248756218905,191.00555094036017,2.7238805970149254,0.9900497512437811,0.9900497512437811,0.9203980099502488,0.9203980099502488,1.1144278606965174,0.18159203980099478,2.71455223880597,7.797289189150585,972.7832828847725,60.79895518029828,0.9203980099502488,0.21226083539770962,crmf,crmf,2.3146874882014266,36.0,16,0.0009375,0.0,0.0,0.0,0.5,0.9819649585058451,0.0002724364905389035,0.9375,0.0,0.0,0,0.0,0.00027243649034670164,0.0035356027730478736,1.2818661999999676,21013,16,200,0.009664571724320661,3.1828358208955225
0.0,7.8,1.0,0.001875,0.02529645485044932,0.012345679012345678,240,0.999287072243346,42.0,0.0,1.0,2.625,2.625,1.0,1.0,1.0,0.175,1.0,0.20971911286153924,0.0,18.0,1.0,0.0002724364905389035,0.00027243649034670164,0.31281403925645407,0.008389925587244837,2.4353233830845773,3.675062189054726,14.974191542288557,38.96517412935324,0.08799751243781094,191.00555094036017,2.4353233830845773,0.912002487562189,0.910136815920398,0.8756218905472637,0.8756218905472637,1.472636815920398,0.1623548922056388,2.324937810945274,7.797289189150585,972.7832828847725,60.79895518029828,0.7944651741293532,0.1395956681459486,crmf,crmf,1.9700655228765345,36.0,16,0.001875,0.0,0.0,0.0,0.5,0.9578350015690376,0.0002724364905389035,0.9375,0.0,0.0,0,0.0,0.00027243649034670164,0.0035356027730478736,1.3457891000002746,21014,16,200,0.02115453236737577,2.558457711442786
0.0,7.8,1.0,0.0,0.009140158940438098,0.012345679012345678,240,1.0,52.0,0.0,1.0,3.25,3.25,1.0,1.0,1.0,0.21666666666666667,1.0,0.29917022574662183,0.0,18.0,1.0,0.0012146060281114381,0.0012146060272545272,0.3141042300933145,0.03740487984379881,3.041355721393035,2.9651741293532337,11.302860696517413,48.66169154228856,0.07027363184079602,190.57362414622224,3.041355721393035,0.929726368159204,0.929726368159204,0.8606965174129353,0.8606965174129353,1.4378109452736318,0.20275704809286868,3.0348258706467663,7.787914367887156,970.5834977858641,60.661468611616506,0.7711442786069652,0.2053450916074157,crmf,crmf,3.110444692227169,36.0,16,0.0,0.0,0.0,0.0,0.5,0.8328325221174466,0.0012146060281114381,0.8125,0.0,0.0,0,0.0,0.0012146060272545272,0.010027210449410118,1.3802026000003025,21015,16,200,0.02659605936725318,3.572139303482587
0.0,7.8,1.0,0.000625,0.011037314341596955,0.012345679012345678,240,0.9997372845733502,46.0,0.0,1.0,2.875,2.875,1.0,1.0,1.0,0.19166666666666668,1.0,0.2359364828424447,0.0,18.0,1.0,0.0002724364905389035,0.00027243649034670164,0.19327491893765006,0.008389925587244837,2.6707089552238807,3.3373756218905473,12.398942786069652,42.73134328358209,0.09701492537313433,191.00555094036017,2.6707089552238807,0.9029850746268657,0.9020522388059702,0.8606965174129353,0.8606965174129353,1.4975124378109452,0.17804726368159232,2.6626243781094527,7.797289189150585,972.7832828847725,60.79895518029828,0.6467661691542289,0.12502822946603717,crmf,crmf,1.3373894555014036,36.0,16,0.000625,0.0,0.0,0.0,0.5,0.7850172077750052,0.0002724364905389035,0.9375,0.0,0.0,0,0.0,0.00027243649034670164,0.0035356027730478736,1.3646659999999429,21016,16,200,0.016547970790986175,2.8998756218905473
0.0,7.8,1.0,0.00125,0.011249991424575105,0.012345679012345678,240,0.9995166036149643,54.0,0.0,1.0,3.375,3.375,1.0,1.0,1.0,0.225,1.0,0.23309645185112238,0.0,18.0,1.0,0.0005448729810778072,0.0005448729806933988,0.14201071755649614,0.016779851174489612,3.300373134328358,2.8491915422885574,10.697450248756219,52.80597014925373,0.029228855721393034,190.87660483631745,3.300373134328358,0.970771144278607,0.970771144278607,0.8606965174129353,0.8606965174129353,1.2388059701492538,0.22002487562189138,3.1508084577114426,7.794578378301172,972.1265657695456,60.7579103605966,0.8606965174129353,0.20087549397031754,crmf,crmf,0.7418547058252827,36.0,16,0.00125,0.0,0.0,0.0,0.5,0.8958933428666466,0.0005448729810778072,0.875,0.0,0.0,0,0.0,0.0005448729806933988,0.005000097392808221,1.364402699999573,21017,16,200,0.016386010223454678,3.5559701492537314
0.0,7.8,1.0,0.0003125,0.008997951371846485,0.012345679012345678,240,0.9999207104345068,57.0,0.0,1.0,3.5625,3.5625,1.0,1.0,1.0,0.2375,1.0,0.35955909707513967,0.0,18.0,1.0,0.002031915499728148,0.0020319154982946187,0.14697346600331676,0.06257465660553313,3.402363184079602,2.7671019900497513,8.691231343283581,54.43781094527363,0.0830223880597015,190.1867858340939,3.402363184079602,0.9169776119402985,0.9169776119402985,0.7661691542288557,0.7661691542288557,1.4527363184079602,0.2268242122719729,3.2328980099502487,7.779781935338925,968.6133464401826,60.53833415251141,0.7661691542288557,0.24689885902047293,crmf,crmf,1.1520928404050428,36.0,16,0.0003125,0.0,0.0,0.0,0.5,0.9034734342600369,0.002031915499728148,0.625,0.0,0.0,0,0.0,0.0020319154982946187,0.01174931531209845,1.3303485999999793,21018,16,200,0.012258536329304657,3.6144278606965172
0.0,7.8,1.0,0.000625,0.011565944410239608,0.012345679012345678,240,0.9995761813943632,34.0,0.0,1.0,2.125,2.125,1.0,1.0,1.0,0.14166666666666666,1.0,0.12863699377589313,0.0,18.0,1.0,0.0002724364905389035,0.00027243649034670164,0.05487797331749214,0.008389925587244837,2.074626865671642,4.021766169154229,17.31405472636816,33.19402985074627,0.030783582089552237,191.00555094036017,2.074626865671642,0.9692164179104478,0.9692164179104478,0.8905472636815921,0.8905472636815921,1.3482587064676617,0.13830845771144262,1.9782338308457712,7.797289189150585,972.7832828847725,60.79895518029828,0.8905472636815921,0.1145951563608361,crmf,crmf,1.8976360589616197,36.0,16,0.000625,0.0,0.0,0.0,0.5,0.9481756770891246,0.0002724364905389035,0.9375,0.0,0.0,0,0.0,0.00027243649034670164,0.0035356027730478736,1.3542977000001883,21019,16,200,0.015573863546884172,2.320273631840796
0.0,7.9,1.0,0.0,0.012801576591959393,0.012345679012345678,240,1.0,58.0,0.0,1.0,3.625,3.625,1.0,1.0,1.0,0.24166666666666667,1.0,0.16134845733449854,0.0,18.0,1.0,0.003846870052238085,0.0027595800810240973,0.16018477265414222,0.1027173848261443,3.4014303482587063,2.621268656716418,10.113805970149254,54.4228855721393,0.08893034825870647,193.9565674526032,3.4014303482587063,0.9110696517412935,0.9110696517412935,0.03980099502487562,0.03980099502487562,2.109452736318408,0.2267620232172475,3.378731343283582,7.854168937335526,987.8126865669894,61.73829291043684,0.03980099502487562,0.0073003240439711466,crmf,crmf,1.3111209246851816,36.0,16,0.0,0.0,0.0,0.0,0.5,0.899517272026708,0.003846870052238085,0.75,0.0,0.0,0,0.0,0.0027595800810240973,0.015511092279676663,1.34193200000027,21000,16,200,0.025216561217462588,3.575870646766169
0.0,7.9,1.0,0.0,0.035267287301358995,0.012345679012345678,240,1.0,69.0,0.0,1.0,4.3125,4.3125,1.0,1.0,1.0,0.2875,1.0,0.39837164754898563,0.0,18.0,1.0,0.013374729147211294,0.0008023425028982589,0.2127236949580456,0.017342716464884927,4.155161691542289,1.9878731343283582,7.520833333333333,66.48258706467662,0.06716417910447761,186.31437642680598,4.155161691542289,0.9328358208955224,0.9328358208955224,0.9751243781094527,0.9751243781094527,1.3034825870646767,0.2770107794361535,4.030783582089552,7.690103184981762,948.8913272771288,59.30570795482055,0.736318407960199,0.29097318654711557,crmf,crmf,0.7423888683715184,36.0,16,0.0,0.0,0.0,0.0,0.5,0.8680894416330999,0.013374729147211294,0.7217039800995025,0.0,0.006875,22,0.7333333333333333,0.0008023425028982589,0.00706474487620833,1.3937826000001223,21001,16,200,0.020086067061113027,4.687189054726368
0.0,7.9,1.0,0.001875,0.010312869963943695,0.012345679012345678,240,0.9993955639651003,60.0,0.0,1.0,3.75,3.75,1.0,1.0,1.0,0.25,1.0,0.3266211861226441,0.0,18.0,1.0,0.002566409884471263,0.0015790109352047694,0.20656976312467515,0.046668758555436896,3.6850124378109452,2.335509950248756,8.997823383084578,58.960199004975124,0.009017412935323384,193.04493304228697,3.6850124378109452,0.9909825870646766,0.9909825870646766,0.9253731343283582,0.9253731343283582,1.144278606965174,0.245667495854063,3.664490049751244,7.8373737211854815,983.1697706407657,61.44811066504786,0.9253731343283582,0.30213618142648807,crmf,crmf,0.8554884249093377,36.0,16,0.001875,0.0,0.0,0.0,0.5,0.9376344422072517,0.002566409884471263,0.625,0.0,0.0,0,0.0,0.0015790109352047694,0.00922713100649805,1.3853846000001795,21002,16,200,0.029691363327876016,3.913557213930348
0.0,7.9,1.0,0.000625,0.013267952337502107,0.012345679012345678,240,0.9996818326439707,41.0,0.0,1.0,2.5625,2.5625,1.0,1.0,1.0,0.17083333333333334,1.0,0.08051812170772962,0.0,18.0,1.0,0.0020093390751450696,0.002009339073727467,0.06304299398529739,0.061879395402074676,2.50342039800995,3.5699626865671643,14.228544776119403,40.0547263681592,0.03762437810945274,195.13583145743624,2.50342039800995,0.9623756218905473,0.9580223880597015,0.7661691542288557,0.7661691542288557,1.4378109452736318,0.16689469320066364,2.4300373134328357,7.880006576379411,993.8186288255342,62.11366430159589,0.7661691542288557,0.06186473671928596,crmf,crmf,1.8134174287994451,36.0,16,0.000625,0.0,0.0,0.0,0.5,0.9783150276038632,0.0020093390751450696,0.75,0.0,0.0,0,0.0,0.002009339073727467,0.014020769156940553,1.2688792999997531,21003,16,200,0.011848036170102402,2.601990049751244
0.0,7.9,1.0,0.00125,0.028385107447139544,0.012345679012345678,240,0.9994514106583072,44.0,0.0,1.0,2.75,2.75,1.0,1.0,1.0,0.18333333333333332,1.0,0.09660861084336578,0.0,18.0,1.0,0.0,0.0,0.11062535580802456,0.0,2.6766169154228856,3.427860696517413,12.926616915422885,42.82587064676617,0.061567164179104475,196.06679751053863,2.6766169154228856,0.9384328358208955,0.9384328358208955,0.9502487562189055,0.9502487562189055,1.2736318407960199,0.17844112769485884,2.572139303482587,7.900000000000022,998.5599999999981,62.40999999999988,0.8706467661691543,0.08261940328134014,crmf,crmf,2.0060540180782844,36.0,16,0.00125,0.0,0.0,0.0,0.5,0.9359555538196275,0.0,1.0,0.0,0.0,0,0.0,0.0,0.0,1.321003500000188,21004,16,200,0.009975305178892764,2.7997512437810945
0.0,7.9,1.0,0.0025,0.023673697268787767,0.012345679012345678,240,0.9988930659983292,48.0,0.0,1.0,3.0,3.0,1.0,1.0,1.0,0.2,1.0,0.14233958030567845,0.0,18.0,1.0,0.0003036864905389036,0.00030368649032465084,0.23081111853666988,0.00935229730948646,2.8016169154228856,3.2157960199004973,12.385572139303482,44.82587064676617,0.08955223880597014,195.92166157494384,2.8016169154228856,0.9104477611940298,0.9104477611940298,0.9601990049751243,0.9601990049751243,1.4228855721393034,0.18677446102819242,2.7842039800995027,7.896978243877154,997.8208287497525,62.36380179685953,0.6666666666666666,0.0970453663698097,crmf,crmf,0.673106222202849,36.0,16,0.0025,0.0,0.0,0.0,0.5,0.8569008115831811,0.0003036864905389036,0.9375,0.0,0.0,0,0.0,0.00030368649032465084,0.00394115632587479,1.3028801000000385,21005,16,200,0.017606357463414695,2.8992537313432836
0.0,7.9,1.0,0.000625,0.011135727569836232,0.012345679012345678,240,0.9998422712933754,44.0,0.0,1.0,2.75,2.75,1.0,1.0,1.0,0.18333333333333332,1.0,0.18991909797778722,0.0,18.0,1.0,0.0,0.0,0.08877255513477389,0.0,2.689054726368159,3.347636815920398,13.16044776119403,43.024875621890544,0.041666666666666664,196.06679751053863,2.689054726368159,0.9583333333333334,0.9583333333333334,0.8756218905472637,0.8756218905472637,1.36318407960199,0.17927031509121039,2.652363184079602,7.900000000000022,998.5599999999981,62.40999999999988,0.8407960199004975,0.1596991247058907,crmf,crmf,1.4110320928289972,36.0,16,0.000625,0.0,0.0,0.0,0.5,0.9715433920384782,0.0,1.0,0.0,0.0,0,0.0,0.0,0.0,1.2800010999999358,21006,16,200,0.014167871037659065,2.916044776119403
0.0,7.9,1.0,0.00125,0.010313869451758636,0.012345679012345678,240,0.9995308101345011,40.0,0.0,1.0,2.5,2.5,1.0,1.0,1.0,0.16666666666666666,1.0,0.14383795976998998,0.0,18.0,1.0,0.0,0.0,0.04640355436746615,0.0,2.4247512437810945,3.7133084577114426,14.720771144278608,38.79601990049751,0.0009328358208955224,196.06679751053863,2.4247512437810945,0.9990671641791045,0.9990671641791045,0.9850746268656716,0.9850746268656716,1.0149253731343284,0.1616500829187403,2.2866915422885574,7.900000000000022,998.5599999999981,62.40999999999988,0.9850746268656716,0.10014902555865726,crmf,crmf,2.418630477183995,36.0,16,0.00125,0.0,0.0,0.0,0.5,0.9648056541348734,0.0,1.0,0.0,0.0,0,0.0,0.0,0.0,1.231876800000009,21007,16,200,0.008908066109573664,2.566542288557214
0.0,7.9,1.0,0.0,0.008242458597765791,0.012345679012345678,240,1.0,48.0,0.0,1.0,3.0,3.0,1.0,1.0,1.0,0.2,1.0,0.26053267229845006,0.0,18.0,1.0,0.0012147459621556144,0.0012147459612986034,0.15152162075196157,0.03740918923794584,2.7997512437810945,3.205223880597015,12.603855721393035,44.79601990049751,0.07182835820895522,195.48625376815832,2.7997512437810945,0.9281716417910447,0.9272388059701493,0.24378109452736318,0.24378109452736318,1.9701492537313432,0.18665008291873983,2.794776119402985,7.887912975508614,995.6033149990096,62.2252071874381,0.24378109452736318,0.06559676011490949,crmf,crmf,1.0700662942337593,36.0,16,0.0,0.0,0.0,0.0,0.5,0.975899977143931,0.0012147459621556144,0.75,0.0,0.0,0,0.0,0.0012147459612986034,0.00788231265174957,1.3025596000002224,21008,16,200,0.015623405896837327,2.9328358208955225
0.0,7.9,1.0,0.0,0.018687493362412034,0.012345679012345678,240,1.0,50.0,0.0,1.0,3.125,3.125,1.0,1.0,1.0,0.20833333333333334,1.0,0.19791029426161663,0.0,18.0,1.0,0.0,0.0,0.14788309695304572,0.0,2.9054726368159205,3.2786069651741294,11.707711442786069,46.48756218905473,0.17786069651741293,196.06679751053863,2.9054726368159205,0.822139303482587,0.822139303482587,0.9303482587064676,0.9303482587064676,1.8407960199004976,0.19369817578772816,2.7213930348258706,7.900000000000022,998.5599999999981,62.40999999999988,0.31840796019900497,0.06191216840656563,crmf,crmf,1.1649488117556681,36.0,16,0.0,0.0,0.0,0.0,0.5,0.6452919460368048,0.0,1.0,0.0,0.0,0,0.0,0.0,0.0,1.2663210000000618,21009,16,200,0.029152004311950138,3.031094527363184
0.0,7.9,1.0,0.00125,0.020372713074560705,0.012345679012345678,240,0.9994671781756181,44.0,0.0,1.0,2.75,2.75,1.0,1.0,1.0,0.18333333333333332,1.0,0.1146700446508182,0.0,18.0,1.0,0.0,0.0,0.176966535481795,0.0,2.5391791044776117,3.5715174129353233,13.963308457711443,40.62686567164179,0.11162935323383084,196.06679751053863,2.5391791044776117,0.8883706467661692,0.8883706467661692,0.6417910447761194,0.6417910447761194,1.7164179104477613,0.16927860696517408,2.4284825870646767,7.900000000000022,998.5599999999981,62.40999999999988,0.6417910447761194,0.0737252538863771,crmf,crmf,1.1909115865246187,36.0,16,0.0009375,0.0,0.0,0.0,0.5,0.7845570859680483,0.0,1.0,0.0,0.0,0,0.0,0.0,0.0,1.3014296000001195,21010,16,200,0.02531882647074417,2.9079601990049753
0.0,7.9,1.0,0.0025,0.012064193950157254,0.012345679012345678,240,0.9988165357766142,42.0,0.0,1.0,2.625,2.625,1.0,1.0,1.0,0.175,1.0,0.13997015956587866,0.0,18.0,1.0,0.0,0.0,0.12217209970050245,0.0,2.476990049751244,3.5435323383084576,14.026119402985074,39.6318407960199,0.08830845771144279,196.06679751053863,2.476990049751244,0.9116915422885572,0.9116915422885572,0.2835820895522388,0.2835820895522388,1.8706467661691542,0.16513266998341647,2.4564676616915424,7.900000000000022,998.5599999999981,62.40999999999988,0.2736318407960199,0.0388872164119334,crmf,crmf,2.0022003586590387,36.0,16,0.0025,0.0,0.0,0.0,0.5,0.8645482514085593,0.0,1.0,0.0,0.0,0,0.0,0.0,0.0,1.2416762000002564,21011,16,200,0.00998143704083596,2.6243781094527363
0.0,7.9,1.0,0.0,0.016621971933092512,0.012345679012345678,240,1.0,56.0,0.0,1.0,3.5,3.5,1.0,1.0,1.0,0.23333333333333334,1.0,0.38169629301497277,0.0,18.0,1.0,0.0009110594716167108,0.0009110594709739525,0.3512072720972253,0.02805689192845938,3.2571517412935322,2.7493781094527363,9.827114427860696,52.114427860696516,0.09483830845771145,195.63138970375337,3.2571517412935322,0.9051616915422885,0.9051616915422885,0.6766169154228856,0.6766169154228856,1.6069651741293531,0.21714344941956928,3.2506218905472637,7.890934731631462,996.3424862492566,62.271405390578536,0.6766169154228856,0.25873587417222005,crmf,crmf,0.3284770887410736,36.0,16,0.0,0.0,0.0,0.0,0.5,0.9493059467717401,0.0009110594716167108,0.8125,0.0,0.0,0,0.0,0.0009110594709739525,0.006826282996986608,1.3240521000002445,21012,16,200,0.022428516598058792,3.4968905472636815
0.0,7.9,1.0,0.00125,0.018390944656181428,0.012345679012345678,240,0.9996754606365159,44.0,0.0,1.0,2.75,2.75,1.0,1.0,1.0,0.18333333333333332,1.0,0.23027846565784355,0.0,18.0,1.0,0.0003036864905389036,0.00030368649032465084,0.035624118214895674,0.00935229730948646,2.726990049751244,3.2829601990049753,11.651119402985074,43.6318407960199,0.009950248756218905,195.92166157494387,2.726990049751244,0.9900497512437811,0.9900497512437811,0.9203980099502488,0.9203980099502488,1.1144278606965174,0.1817993366500827,2.7170398009950247,7.896978243877154,997.8208287497526,62.36380179685954,0.9203980099502488,0.21222421338624403,crmf,crmf,2.3146874882014266,36.0,16,0.00125,0.0,0.0,0.0,0.5,0.9832580832980251,0.0003036864905389036,0.9375,0.0,0.0,0,0.0,0.00030368649032465084,0.00394115632587479,1.3096454999999878,21013,16,200,0.009453963926700755,3.0696517412935322
0.0,7.9,1.0,0.0025,0.021746672823540304,0.012345679012345678,240,0.9991558510077028,42.0,0.0,1.0,2.625,2.625,1.0,1.0,1.0,0.175,1.0,0.20971911286153924,0.0,18.0,1.0,0.0003036864905389036,0.00030368649032465084,0.3077244375139229,0.00935229730948646,2.4440298507462686,3.6675995024875623,14.924440298507463,39.1044776119403,0.08737562189054726,195.92166157494384,2.4440298507462686,0.9126243781094527,0.9113805970149254,0.8805970149253731,0.8805970149253731,1.4577114427860696,0.1629353233830849,2.3324004975124377,7.896978243877154,997.8208287497525,62.36380179685953,0.8009950248756219,0.14139525108527,crmf,crmf,1.9700655228765345,36.0,16,0.0025,0.0,0.0,0.0,0.5,0.9622501617591162,0.0003036864905389036,0.9375,0.0,0.0,0,0.0,0.00030368649032465084,0.00394115632587479,1.3152254000001449,21014,16,200,0.0199178506653103,2.5982587064676617
0.0,7.9,1.0,0.0009375,0.009177037897630323,0.012345679012345678,240,0.9996041798606713,48.0,0.0,1.0,3.0,3.0,1.0,1.0,1.0,0.2,1.0,0.1859213991299101,0.0,18.0,1.0,0.0013083560281114384,0.0013083560271883842,0.14411153189277492,0.0402919950105238,2.878731343283582,3.1417910447761193,12.307835820895523,46.059701492537314,0.05534825870646766,195.45617854839244,2.878731343283582,0.9446517412935324,0.9446517412935324,0.8606965174129353,0.8606965174129353,1.3781094527363185,0.19191542288557228,2.8582089552238807,7.886981532066862,995.4501431625195,62.215633947657466,0.8308457711442786,0.1385250844221344,crmf,crmf,3.1437846844678012,36.0,16,0.0009375,0.0,0.0,0.0,0.5,0.8772974764577931,0.0013083560281114384,0.8125,0.0,0.0,0,0.0,0.0013083560271883842,0.010668818915938657,1.3416630000001533,21015,16,200,0.022564102059481634,3.251865671641791
0.0,7.9,1.0,0.000625,0.010821730720551774,0.012345679012345678,240,0.9997373673705222,50.0,0.0,1.0,3.125,3.125,1.0,1.0,1.0,0.20833333333333334,1.0,0.2853093422273896,0.0,18.0,1.0,0.0003036864905389036,0.00030368649032465084,0.27805623623177644,0.00935229730948646,2.8152985074626864,3.1958955223880596,11.737562189054726,45.04477611940298,0.11038557213930349,195.92166157494384,2.8152985074626864,0.8896144278606966,0.888681592039801,0.8656716417910447,0.8656716417910447,1.5472636815920398,0.18768656716417922,2.8041044776119404,7.896978243877154,997.8208287497525,62.36380179685953,0.5920398009950248,0.14121750504926997,crmf,crmf,1.3373894555014036,36.0,16,0.000625,0.0,0.0,0.0,0.5,0.7730577952245957,0.0003036864905389036,0.9375,0.0,0.0,0,0.0,0.00030368649032465084,0.00394115632587479,1.3946097000002737,21016,16,200,0.015839371543874447,2.917910447761194
0.0,7.9,1.0,0.000625,0.011019147801239354,0.012345679012345678,240,0.9997372845733502,58.0,0.0,1.0,3.625,3.625,1.0,1.0,1.0,0.24166666666666667,1.0,0.33639562656634797,0.0,18.0,1.0,0.0006073729810778072,0.0006073729806493017,0.16084069701245018,0.01870459461897292,3.494092039800995,2.636504975124378,9.464241293532337,55.90547263681592,0.026741293532338308,195.77652563934862,3.494092039800995,0.9732587064676617,0.9717039800995025,0.8606965174129353,0.8606965174129353,1.2338308457711442,0.2329394693200665,3.363495024875622,7.893956487754308,997.0816574995047,62.31760359371904,0.8606965174129353,0.2718199186116777,crmf,crmf,0.7418547058252827,36.0,16,0.000625,0.0,0.0,0.0,0.5,0.8920225715340522,0.0006073729810778072,0.875,0.0,0.0,0,0.0,0.0006073729806493017,0.005573636727484641,1.4259398000003785,21017,16,200,0.01610588717988044,3.6648009950248754
0.0,7.9,1.0,0.0003125,0.009012763525691119,0.012345679012345678,240,0.9999207355738744,59.0,0.0,1.0,3.6875,3.6875,1.0,1.0,1.0,0.24583333333333332,1.0,0.37867899789213655,0.0,18.0,1.0,0.0022194154997281492,0.0022194154981623367,0.1533316007029529,0.06834888693898318,3.5167910447761193,2.6731965174129355,8.282649253731343,56.26865671641791,0.07804726368159204,195.02077074160692,3.5167910447761193,0.9219527363184079,0.9219527363184079,0.7711442786069652,0.7711442786069652,1.4328358208955223,0.23445273631840696,3.3268034825870645,7.877916263698321,993.2326294117765,62.077039338236034,0.7711442786069652,0.2674107217070783,crmf,crmf,1.1520928404050428,36.0,16,0.0003125,0.0,0.0,0.0,0.5,0.895686015060666,0.0022194154997281492,0.625,0.0,0.0,0,0.0,0.0022194154981623367,0.012665774220948327,1.3989025999999285,21018,16,200,0.012721350545360447,3.620646766169154
0.0,7.9,1.0,0.000625,0.011650258696475305,0.012345679012345678,240,0.9995767195767196,42.0,0.0,1.0,2.625,2.625,1.0,1.0,1.0,0.175,1.0,0.26473818210275324,0.0,18.0,1.0,0.0003036864905389036,0.00030368649032465084,0.18012549194326874,0.00935229730948646,2.453047263681592,3.642723880597015,14.729788557213931,39.24875621890547,0.03793532338308458,195.92166157494384,2.453047263681592,0.9620646766169154,0.9620646766169154,0.8905472636815921,0.8905472636815921,1.373134328358209,0.16353648424543973,2.357276119402985,7.896978243877154,997.8208287497525,62.36380179685953,0.8756218905472637,0.19200816094006787,crmf,crmf,1.800596016321234,36.0,16,0.0003125,0.0,0.0,0.0,0.5,0.9316788826201549,0.0003036864905389036,0.9375,0.0,0.0,0,0.0,0.00030368649032465084,0.00394115632587479,1.3131604000000152,21019,16,200,0.017931350620861104,2.6616915422885574
0.0,8.0,1.0,0.0,0.012364733257860196,0.012345679012345678,240,1.0,58.0,0.0,1.0,3.625,3.625,1.0,1.0,1.0,0.24166666666666667,1.0,0.16134845733449854,0.0,18.0,1.0,0.004072797126408463,0.0028797364709280265,0.15352342763792975,0.10883789056868506,3.406094527363184,2.615360696517413,10.07431592039801,54.49751243781095,0.08675373134328358,198.7564049314853,3.406094527363184,0.9132462686567164,0.9132462686567164,0.04975124378109453,0.04975124378109453,2.08955223880597,0.22707296849087935,3.384639303482587,7.950424083882299,1012.258058112648,63.2661286320405,0.04975124378109453,0.008888238826897637,crmf,crmf,1.3111209246851816,36.0,16,0.0,0.0,0.0,0.0,0.5,0.9006129328840203,0.004072797126408463,0.75,0.0,0.0,0,0.0,0.0028797364709280265,0.015964759467076484,1.4043379999998251,21000,16,200,0.024594731539845992,3.4931592039800994
0.0,8.0,1.0,0.0,0.01653206494405933,0.012345679012345678,240,1.0,71.0,0.0,1.0,4.4375,4.4375,1.0,1.0,1.0,0.29583333333333334,1.0,0.19412274244037303,0.0,18.0,1.0,0.020406885586804768,0.0014796311477184405,0.2097967872082374,0.03864211786219926,4.277985074626866,2.0973258706467663,8.4511815920398,68.44776119402985,0.07835820895522388,188.76468502293912,4.277985074626866,0.9216417910447762,0.9216417910447762,0.9751243781094527,0.9751243781094527,1.3432835820895523,0.28519900497512507,3.9381218905472637,7.737477554263197,961.3706464827336,60.08566540517085,0.6865671641791045,0.13184418985235877,crmf,crmf,0.7423888683715184,36.0,16,0.0,0.0,0.0,0.0,0.5,0.8416900396633494,0.020406885586804768,0.6691542288557214,0.0,0.0128125,41,0.6119402985074627,0.0014796311477184405,0.009398566373108227,1.4379628000001503,21001,16,200,0.018010839508434122,4.482587064676617
0.0,8.0,1.0,0.001875,0.010314268900457915,0.012345679012345678,240,0.9993955639651003,62.0,0.0,1.0,3.875,3.875,1.0,1.0,1.0,0.25833333333333336,1.0,0.3687121871214796,0.0,18.0,1.0,0.003174166153569722,0.0017414236516256772,0.2408015890695775,0.051898665796812696,3.7941542288557213,2.227922885572139,8.454912935323383,60.70646766169154,0.009017412935323384,197.68775767497894,3.7941542288557213,0.9909825870646766,0.9909825870646766,0.9253731343283582,0.9253731343283582,1.144278606965174,0.2529436152570477,3.772077114427861,7.9307446313304615,1006.8154823272214,62.92596764545134,0.9253731343283582,0.3386261483258151,crmf,crmf,0.8563139641866843,36.0,16,0.001875,0.0,0.0,0.0,0.5,0.9386981460994086,0.003174166153569722,0.625,0.0,0.0,0,0.0,0.0017414236516256772,0.01008590856876852,1.4391891000000214,21002,16,200,0.02946853219846087,3.8233830845771144
0.0,8.0,1.0,0.000625,0.014429565849593111,0.012345679012345678,240,0.9996815286624203,41.0,0.0,1.0,2.5625,2.5625,1.0,1.0,1.0,0.17083333333333334,1.0,0.08051812170772962,0.0,18.0,1.0,0.0021343390751450693,0.0021343390736392755,0.0625386747852776,0.06572888229104125,2.511504975124378,3.5575248756218905,14.138992537313433,40.18407960199005,0.025186567164179104,200.06269964129834,2.511504975124378,0.9748134328358209,0.9704601990049752,0.7512437810945274,0.7512437810945274,1.3781094527363185,0.16743366500829213,2.4424751243781095,7.978762795285674,1018.9109624390973,63.68193515244358,0.7512437810945274,0.06079077627052162,crmf,crmf,1.8134174287994451,36.0,16,0.000625,0.0,0.0,0.0,0.5,0.98042542191507,0.0021343390751450693,0.75,0.0,0.0,0,0.0,0.0021343390736392755,0.014778051296506015,1.405069100000219,21003,16,200,0.009967803878715773,2.6828358208955225
0.0,8.0,1.0,0.001875,0.020508004610793783,0.012345679012345678,240,0.9992687767679933,44.0,0.0,1.0,2.75,2.75,1.0,1.0,1.0,0.18333333333333332,1.0,0.09660861084336578,0.0,18.0,1.0,0.0,0.0,0.10160020791564565,0.0,2.6853233830845773,3.3252487562189055,12.027363184079602,42.96517412935324,0.06063432835820896,201.06192982974676,2.6853233830845773,0.9393656716417911,0.9393656716417911,0.9552238805970149,0.9552238805970149,1.263681592039801,0.17902155887230492,2.6747512437810945,8.0,1024.0,64.0,0.8656716417910447,0.0836318649970002,crmf,crmf,2.018509471776935,36.0,16,0.001875,0.0,0.0,0.0,0.5,0.9397457507301488,0.0,1.0,0.0,0.0,0,0.0,0.0,0.0,1.376021000000037,21004,16,200,0.009070630409844606,2.7170398009950247
0.0,8.0,1.0,0.0025,0.023131073041376383,0.012345679012345678,240,0.998944949336676,48.0,0.0,1.0,3.0,3.0,1.0,1.0,1.0,0.2,1.0,0.14233958030567845,0.0,18.0,1.0,0.00033493649053890353,0.0003349364903026031,0.24372230885374124,0.0103146690317281,2.7935323383084576,3.2232587064676617,12.42039800995025,44.69651741293532,0.09483830845771145,200.9003161449695,2.7935323383084576,0.9051616915422885,0.9051616915422885,0.9552238805970149,0.9552238805970149,1.4477611940298507,0.1862354892205639,2.7767412935323383,7.99666729860372,1023.176908262285,63.94855676639281,0.6368159203980099,0.09263284525978678,crmf,crmf,0.673106222202849,36.0,16,0.0025,0.0,0.0,0.0,0.5,0.8648051094033545,0.00033493649053890353,0.9375,0.0,0.0,0,0.0,0.0003349364903026031,0.004346709878701689,1.3519054000003052,21005,16,200,0.016783044252043938,2.8781094527363185
0.0,8.0,1.0,0.000625,0.01073526528005639,0.012345679012345678,240,0.9998422712933754,44.0,0.0,1.0,2.75,2.75,1.0,1.0,1.0,0.18333333333333332,1.0,0.18991909797778722,0.0,18.0,1.0,0.0,0.0,0.08708942847949308,0.0,2.691542288557214,3.325870646766169,13.034203980099502,43.06467661691542,0.04042288557213931,201.06192982974676,2.691542288557214,0.9595771144278606,0.9595771144278606,0.8756218905472637,0.8756218905472637,1.3582089552238805,0.1794361525704807,2.674129353233831,8.0,1024.0,64.0,0.8407960199004975,0.1596991247058907,crmf,crmf,1.4110320928289972,36.0,16,0.000625,0.0,0.0,0.0,0.5,0.9721207722980497,0.0,1.0,0.0,0.0,0,0.0,0.0,0.0,1.2855067000000417,21006,16,200,0.013807576187300653,2.8103233830845773
0.0,8.0,1.0,0.00125,0.010415875358860086,0.012345679012345678,240,0.9995309568480301,40.0,0.0,1.0,2.5,2.5,1.0,1.0,1.0,0.16666666666666666,1.0,0.183497307816141,0.0,18.0,1.0,0.0,0.0,0.0706851315561496,0.0,2.4266169154228856,3.60136815920398,14.113805970149254,38.82587064676617,0.0006218905472636816,201.06192982974676,2.4266169154228856,0.9993781094527363,0.9993781094527363,0.9900497512437811,0.9900497512437811,1.0099502487562189,0.16177446102819287,2.39863184079602,8.0,1024.0,64.0,0.9900497512437811,0.13549180182881623,crmf,crmf,2.418630477183995,36.0,16,0.00125,0.0,0.0,0.0,0.5,0.9646344036640331,0.0,1.0,0.0,0.0,0,0.0,0.0,0.0,1.316056000000117,21007,16,200,0.008853779154620964,2.466417910447761
0.0,8.0,1.0,0.0003125,0.008057430626262737,0.012345679012345678,240,0.999933708982433,48.0,0.0,1.0,3.0,3.0,1.0,1.0,1.0,0.2,1.0,0.26053267229845006,0.0,18.0,1.0,0.0013397459621556141,0.0013397459612104123,0.14150639835647633,0.0412586761269124,2.795087064676617,3.21113184079602,12.650808457711443,44.72139303482587,0.07276119402985075,200.41547509063767,2.795087064676617,0.9272388059701493,0.9263059701492538,0.20398009950248755,0.20398009950248755,2.0,0.18633913764510804,2.78886815920398,7.986669194414879,1020.7076330491394,63.794227065571214,0.20398009950248755,0.05538281890424994,crmf,crmf,1.0665792382998172,36.0,16,0.0003125,0.0,0.0,0.0,0.5,0.9770983012550516,0.0013397459621556141,0.75,0.0,0.0,0,0.0,0.0013397459612104123,0.008693419757403387,1.2852139999999963,21008,16,200,0.015177593283912869,2.9210199004975124
0.0,8.0,1.0,0.0,0.017634812888343177,0.012345679012345678,240,1.0,52.0,0.0,1.0,3.25,3.25,1.0,1.0,1.0,0.21666666666666667,1.0,0.23777652168793037,0.0,18.0,1.0,0.0,0.0,0.17762245984010297,0.0,3.009950248756219,3.1181592039800994,10.867537313432836,48.159203980099505,0.1654228855721393,201.06192982974676,3.009950248756219,0.8345771144278606,0.8345771144278606,0.9303482587064676,0.9303482587064676,1.7860696517412935,0.20066334991708107,2.8818407960199006,8.0,1024.0,64.0,0.3681592039800995,0.0824517119959124,crmf,crmf,1.1318033017182492,36.0,16,0.0,0.0,0.0,0.0,0.5,0.7393350301482396,0.0,1.0,0.0,0.0,0,0.0,0.0,0.0,1.274420800000371,21009,16,200,0.02504488089491341,3.037313432835821
0.0,8.0,1.0,0.000625,0.013756594437762802,0.012345679012345678,240,0.9996824388694824,44.0,0.0,1.0,2.75,2.75,1.0,1.0,1.0,0.18333333333333332,1.0,0.1146700446508182,0.0,18.0,1.0,0.0,0.0,0.133220712358605,0.0,2.6175373134328357,3.4110696517412937,12.876243781094526,41.88059701492537,0.04415422885572139,201.06192982974676,2.6175373134328357,0.9558457711442786,0.9558457711442786,0.746268656716418,0.746268656716418,1.3681592039800996,0.17450248756218892,2.5889303482587063,8.0,1024.0,64.0,0.746268656716418,0.08607588191081393,crmf,crmf,1.1909115865246187,36.0,16,0.0003125,0.0,0.0,0.0,0.5,0.83626924300642,0.0,1.0,0.0,0.0,0,0.0,0.0,0.0,1.225376100000176,21010,16,200,0.02045998129396722,2.8992537313432836
0.0,8.0,1.0,0.0025,0.009417632330874774,0.012345679012345678,240,0.9988188547790114,42.0,0.0,1.0,2.625,2.625,1.0,1.0,1.0,0.175,1.0,0.13997015956587866,0.0,18.0,1.0,0.0,0.0,0.10217878270339843,0.0,2.5024875621890548,3.521766169154229,13.850746268656716,40.039800995024876,0.07835820895522388,201.06192982974676,2.5024875621890548,0.9216417910447762,0.9216417910447762,0.31343283582089554,0.31343283582089554,1.8109452736318408,0.16683250414593714,2.478233830845771,8.0,1024.0,64.0,0.3034825870646766,0.04322316047621436,crmf,crmf,2.0022003586590387,36.0,16,0.0025,0.0,0.0,0.0,0.5,0.8596955405037451,0.0,1.0,0.0,0.0,0,0.0,0.0,0.0,1.217178800000056,21011,16,200,0.00917840932016684,2.6256218905472637
0.0,8.0,1.0,0.0,0.015991038934930688,0.012345679012345678,240,1.0,56.0,0.0,1.0,3.5,3.5,1.0,1.0,1.0,0.23333333333333334,1.0,0.38169629301497277,0.0,18.0,1.0,0.0010048094716167105,0.0010048094709078092,0.35249436895126357,0.0309440070951843,3.2555970149253732,2.7512437810945274,9.841417910447761,52.08955223880597,0.09950248756218906,200.57708877541484,3.2555970149253732,0.900497512437811,0.900497512437811,0.6716417910447762,0.6716417910447762,1.6169154228855722,0.21703980099502537,3.2487562189054726,7.9900018958111545,1021.530724786854,63.84567029917837,0.6716417910447762,0.256881115219653,crmf,crmf,0.3284770887410736,36.0,16,0.0,0.0,0.0,0.0,0.5,0.9528726293615885,0.0010048094716167105,0.8125,0.0,0.0,0,0.0,0.0010048094709078092,0.0075287223556728825,1.239951099999871,21012,16,200,0.022402041360763004,3.383084577114428
0.0,8.0,1.0,0.00125,0.018016857371346583,0.012345679012345678,240,0.9996755625327054,46.0,0.0,1.0,2.875,2.875,1.0,1.0,1.0,0.19166666666666668,1.0,0.272409479195927,0.0,18.0,1.0,0.00033493649053890353,0.0003349364903026031,0.05709326501819262,0.0103146690317281,2.8227611940298507,3.1871890547263684,11.263059701492537,45.16417910447761,0.009639303482587064,200.9003161449695,2.8227611940298507,0.990360696517413,0.990360696517413,0.9253731343283582,0.9253731343283582,1.109452736318408,0.1881840796019904,2.8128109452736316,7.99666729860372,1023.176908262285,63.94855676639281,0.9253731343283582,0.24542285031721683,crmf,crmf,2.3146874882014266,36.0,16,0.00125,0.0,0.0,0.0,0.5,0.983741057256507,0.00033493649053890353,0.9375,0.0,0.0,0,0.0,0.0003349364903026031,0.004346709878701689,1.2936970000000656,21013,16,200,0.009156746912796929,3.066542288557214
0.0,8.0,1.0,0.001875,0.01743096644946032,0.012345679012345678,240,0.999340717299578,42.0,0.0,1.0,2.625,2.625,1.0,1.0,1.0,0.175,1.0,0.2109950850248319,0.0,18.0,1.0,0.00033493649053890353,0.0003349364903026031,0.25876525333531347,0.0103146690317281,2.4773009950248754,3.6598258706467663,14.503109452736318,39.63681592039801,0.0929726368159204,200.9003161449695,2.4773009950248754,0.9070273631840796,0.9048507462686567,0.8855721393034826,0.8855721393034826,1.492537313432836,0.1651533996683253,2.3401741293532337,7.99666729860372,1023.176908262285,63.94855676639281,0.7810945273631841,0.1390540128414446,crmf,crmf,1.9700655228765345,36.0,16,0.001875,0.0,0.0,0.0,0.5,0.9653650373327042,0.00033493649053890353,0.9375,0.0,0.0,0,0.0,0.0003349364903026031,0.004346709878701689,1.1847960000000057,21014,16,200,0.018453709906823837,2.5889303482587063
0.0,8.0,1.0,0.0003125,0.009117933640765252,0.012345679012345678,240,0.9998417220639443,50.0,0.0,1.0,3.125,3.125,1.0,1.0,1.0,0.20833333333333334,1.0,0.24441029004755405,0.0,18.0,1.0,0.0014283086631661404,0.0014021060271189683,0.12323024182569738,0.043187517380571985,2.9810323383084576,3.119713930348259,12.204912935323383,47.69651741293532,0.04259950248756219,200.40007440227768,2.9810323383084576,0.9574004975124378,0.9574004975124378,0.8606965174129353,0.8606965174129353,1.3233830845771144,0.1987354892205638,2.880286069651741,7.986035660109737,1020.6291979873951,63.78932487421219,0.8606965174129353,0.18722233683740072,crmf,crmf,3.132802566863246,36.0,16,0.0003125,0.0,0.0,0.0,0.5,0.8881186755264542,0.0014283086631661404,0.8125,0.0,0.0,0,0.0,0.0014021060271189683,0.011313428472237623,1.2968793000000005,21015,16,200,0.02122136338255032,3.256218905472637
0.0,8.0,1.0,0.000625,0.010964505521297354,0.012345679012345678,240,0.9997373673705222,48.0,0.0,1.0,3.0,3.0,1.0,1.0,1.0,0.2,1.0,0.2613897740068527,0.0,18.0,1.0,0.00033493649053890353,0.0003349364903026031,0.2101247493873914,0.0103146690317281,2.7879353233830844,3.2195273631840795,11.876243781094526,44.60696517412935,0.10789800995024876,200.9003161449695,2.7879353233830844,0.8921019900497512,0.8911691542288557,0.8656716417910447,0.8656716417910447,1.537313432835821,0.18586235489220584,2.7804726368159205,7.99666729860372,1023.176908262285,63.94855676639281,0.6019900497512438,0.13400907327275677,crmf,crmf,1.3373894555014036,36.0,16,0.000625,0.0,0.0,0.0,0.5,0.7708228323114922,0.00033493649053890353,0.9375,0.0,0.0,0,0.0,0.0003349364903026031,0.004346709878701689,1.2829204999998183,21016,16,200,0.015577020295109033,2.8774875621890548
0.0,8.0,1.0,0.000625,0.011107357895438595,0.012345679012345678,240,0.9997373673705221,58.0,0.0,1.0,3.625,3.625,1.0,1.0,1.0,0.24166666666666667,1.0,0.33639562656634797,0.0,18.0,1.0,0.0006698729810778071,0.0006698729806052062,0.14915472389297296,0.0206293380634562,3.5003109452736316,2.620646766169154,9.368781094527364,56.004975124378106,0.02394278606965174,200.73870246019217,3.5003109452736316,0.9760572139303483,0.9760572139303483,0.8656716417910447,0.8656716417910447,1.2139303482587065,0.23335406301824227,3.379353233830846,7.993334597207442,1022.3538165245695,63.897113532785596,0.8656716417910447,0.2726701518007827,crmf,crmf,0.7418547058252827,36.0,16,0.000625,0.0,0.0,0.0,0.5,0.8967358997471324,0.0006698729810778071,0.875,0.0,0.0,0,0.0,0.0006698729806052062,0.006147176062161038,1.3073287000001983,21017,16,200,0.015431400683419617,3.66044776119403
0.0,8.0,1.0,0.0009375,0.008774140290267143,0.012345679012345678,240,0.9997516381314733,58.0,0.0,1.0,3.625,3.625,1.0,1.0,1.0,0.24166666666666667,1.0,0.38571790373398307,0.0,18.0,1.0,0.0024069154997281485,0.00240691549803005,0.2062294250142323,0.07412311727243302,3.5090174129353233,2.55907960199005,7.818407960199005,56.14427860696517,0.08271144278606965,199.91585999641345,3.5090174129353233,0.9172885572139303,0.9172885572139303,0.7711442786069652,0.7711442786069652,1.4477611940298507,0.23393449419568837,3.44092039800995,7.976050592057713,1018.1631142686879,63.63519464179299,0.7711442786069652,0.2689300958016336,crmf,crmf,1.1520928404050428,36.0,16,0.0009375,0.0,0.0,0.0,0.5,0.8957148505770416,0.0024069154997281485,0.625,0.0,0.0,0,0.0,0.00240691549803005,0.013593047750210132,1.1807564000000639,21018,16,200,0.012531639985002011,3.554726368159204
0.0,8.0,1.0,0.000625,0.011136738084398214,0.012345679012345678,240,0.999576853908812,40.0,0.0,1.0,2.5,2.5,1.0,1.0,1.0,0.16666666666666666,1.0,0.15668993152444527,0.0,18.0,1.0,0.00033493649053890353,0.0003349364903026031,0.11896363951387341,0.0103146690317281,2.3805970149253732,3.700870646766169,15.205223880597014,38.08955223880597,0.03575870646766169,200.9003161449695,2.3805970149253732,0.9642412935323383,0.9642412935323383,0.8905472636815921,0.8905472636815921,1.3582089552238805,0.158706467661692,2.299129353233831,7.99666729860372,1023.176908262285,63.94855676639281,0.8855721393034826,0.12721610172415151,crmf,crmf,1.8003351605488596,36.0,16,0.0003125,0.0,0.0,0.0,0.5,0.9349714816683038,0.00033493649053890353,0.9375,0.0,0.0,0,0.0,0.0003349364903026031,0.004346709878701689,1.2397016999998414,21019,16,200,0.017278876217633795,2.567786069651741
