agent_collision_rate,components,contact_break_rate,density,edge_persistence,final_edge_count,final_fragmentation,final_largest_scc_fraction,final_mean_in_degree,final_mean_out_degree,final_min_in_degree,final_min_out_degree,final_n_scc,final_normalized_comm_cost,final_rooted_fraction,final_sym_lambda2,fragmentation,half_width,largest_component_fraction,mean_degree,mean_edge_count,mean_fragmentation,mean_interaction_out_degree,mean_largest_component_fraction,mean_largest_scc_fraction,mean_min_in_degree,mean_min_out_degree,mean_n_scc,mean_normalized_comm_cost,mean_radius,mean_radius_footprint,mean_radius_sq,mean_rooted_fraction,mean_sym_lambda2,method,minimum_agent_distance,minimum_obstacle_clearance,n_agents,neighbor_loss_rate,obstacle_collision_rate,obstacle_proximity_rate,polar_order,radius_max_saturation_fraction,radius_temporal_variation,rollout_wall_s,seed,stardisplay_nc,steps,velocity_dispersion
0.0,1.0,0.000625,0.012345679012345678,0.999681224099458,44.0,0.0,1.0,2.75,2.75,1.0,1.0,1.0,0.18333333333333332,1.0,0.04768890249291613,0.0,18.0,1.0,2.685634328358209,42.97014925373134,0.08364427860696518,2.685634328358209,0.9163557213930348,0.9163557213930348,0.6915422885572139,0.6915422885572139,1.462686567164179,0.1790422885572139,7.928268862414817,1007.00592329695,62.93787020605937,0.6666666666666666,0.0319603660004802,alf,2.4812295154348547,36.0,16,0.000625,0.0,0.0,0.9615714956506645,0.9375,0.00040524248727473314,0.5861721000001126,20000,15.0,200,0.007792220580326426
0.0,1.0,0.00125,0.012345679012345678,0.999270149098113,46.0,0.0,1.0,2.875,2.875,1.0,1.0,1.0,0.19166666666666668,1.0,0.12243924293679653,0.0,18.0,1.0,2.71455223880597,43.43283582089552,0.09079601990049752,2.71455223880597,0.9092039800995025,0.9092039800995025,0.9900497512437811,0.9900497512437811,1.4477611940298507,0.18097014925373134,7.936345403288501,1008.7689480622689,63.04805925389181,0.7512437810945274,0.09461706709492812,alf,0.7176342221850609,36.0,16,0.00125,0.0,0.0,0.9267226643567825,0.9378109452736318,0.00033493649030260335,0.5473000000001775,20001,15.0,200,0.01617724432647138
0.0,1.0,0.0021875,0.012345679012345678,0.9991145833333335,44.0,0.0,1.0,2.75,2.75,1.0,1.0,1.0,0.18333333333333332,1.0,0.2826125330131555,0.0,18.0,1.0,2.6532960199004973,42.45273631840796,0.03513681592039801,2.6532960199004973,0.964863184079602,0.964863184079602,1.0,1.0,1.228855721393035,0.17688640132669983,7.93301270189225,1008.0,63.0,0.8706467661691543,0.23488786530199252,alf,2.499943761388224,36.0,16,0.0021875,0.0,0.0,0.92490191076033,0.9375,0.0,0.5760021999994933,20002,15.0,200,0.018502759014513634
0.0,1.0,0.000625,0.012345679012345678,0.9997916666666665,40.0,0.0,1.0,2.5,2.5,1.0,1.0,1.0,0.16666666666666666,1.0,0.05335998989453361,0.0,18.0,1.0,2.4944029850746268,39.91044776119403,0.008706467661691543,2.4944029850746268,0.9912935323383084,0.9912935323383084,1.0,1.0,1.064676616915423,0.16629353233830843,7.936345403288501,1008.7689480622689,63.04805925389181,0.9402985074626866,0.05021495447230147,alf,1.2188851760989892,36.0,16,0.000625,0.0,0.0,0.8804347489403666,0.9378109452736318,0.00033493649030260335,0.5728842000007717,20003,15.0,200,0.010002752239814132
0.0,1.0,0.0015625,0.012345679012345678,0.999632,50.0,0.0,0.75,3.125,3.125,0.0,1.0,4.0,0.20833333333333334,0.0,0.25903311962341646,0.0,18.0,1.0,3.1085199004975124,49.7363184079602,0.04042288557213931,3.1085199004975124,0.9595771144278606,0.6940298507462687,0.0,0.8208955223880597,4.358208955223881,0.2072346600331675,6.937759787631364,785.1153310903685,49.06970819314803,0.0,0.2003835437758091,alf,1.0788719612403586,36.0,16,0.0015625,0.0,0.0,0.9512774800197008,0.37531094527363185,0.0009690689100768279,0.5495248000006541,20004,15.0,200,0.011818378031838935
0.0,1.0,0.0,0.012345679012345678,1.0,58.0,0.0,1.0,3.625,3.625,1.0,2.0,1.0,0.24166666666666667,1.0,0.5610301016369172,0.0,18.0,1.0,3.447139303482587,55.15422885572139,0.04477611940298507,3.447139303482587,0.9552238805970149,0.9524253731343284,0.9701492537313433,1.855721393034826,1.1592039800995024,0.22980928689883914,7.598076211353353,928.0,58.0,0.8855721393034826,0.46095390897188077,alf,0.7149506591574097,36.0,16,0.0,0.0,0.0,0.8717126210155358,0.625,0.0,0.5904623999995238,20005,15.0,200,0.02226661735481339
0.0,1.0,0.0021875,0.012345679012345678,0.999517857142857,58.0,0.0,1.0,3.625,3.625,2.0,2.0,1.0,0.24166666666666667,1.0,0.40771624856506156,0.0,18.0,1.0,3.3504353233830844,53.60696517412935,0.0945273631840796,3.3504353233830844,0.9054726368159204,0.8815298507462687,1.1492537313432836,1.5820895522388059,1.771144278606965,0.22336235489220566,7.532568203807816,915.0647730837643,57.19154831773527,0.5845771144278606,0.23991405593890314,alf,2.325855101908343,36.0,16,0.0021875,0.0,0.0,0.9939782616030114,0.6259328358208955,0.0014021060271222421,0.5541331000003993,20006,15.0,200,0.011077055522149786
0.0,1.0,0.0,0.012345679012345678,1.0,34.0,0.0,1.0,2.125,2.125,1.0,1.0,1.0,0.14166666666666666,1.0,0.20181924610034935,0.0,18.0,1.0,2.08955223880597,33.43283582089552,0.013059701492537313,2.08955223880597,0.9869402985074627,0.9869402985074627,0.8756218905472637,0.8756218905472637,1.208955223880597,0.13930348258706468,8.0,1024.0,64.0,0.8756218905472637,0.1770646098390748,alf,2.172833530170501,36.0,16,0.0,0.0,0.0,0.9203396002218095,1.0,0.0,0.5037793999999849,20007,15.0,200,0.013578114045732266
0.0,1.0,0.0,0.012345679012345678,1.0,46.0,0.0,1.0,2.875,2.875,1.0,1.0,1.0,0.19166666666666668,1.0,0.184074618175703,0.0,18.0,1.0,2.6940298507462686,43.1044776119403,0.12779850746268656,2.6940298507462686,0.8722014925373134,0.8722014925373134,0.9701492537313433,0.9701492537313433,1.4328358208955223,0.17960199004975125,8.0,1024.0,64.0,0.6716417910447762,0.10053312607785156,alf,3.1102345686625315,36.0,16,0.0,0.0,0.0,0.9605633649558837,1.0,0.0,0.6404739999998128,20008,15.0,200,0.010428342639031352
0.0,1.0,0.0015625,0.012345679012345678,0.9994670846394985,60.0,0.0,1.0,3.75,3.75,1.0,1.0,1.0,0.25,1.0,0.2899662718876377,0.0,18.0,1.0,3.5559701492537314,56.8955223880597,0.15858208955223882,3.5559701492537314,0.8414179104477612,0.8414179104477612,0.9502487562189055,0.9502487562189055,1.462686567164179,0.2370646766169154,7.564850433903659,924.7379486241398,57.79612178900874,0.5920398009950248,0.14550596194803858,alf,1.829017574320574,36.0,16,0.0015625,0.0,0.0,0.9566751416594869,0.7058457711442786,0.0017994023952406777,0.630019700000048,20009,15.0,200,0.020794652302087067
0.0,1.0,0.0,0.012345679012345678,1.0,44.0,0.0,1.0,2.75,2.75,1.0,1.0,1.0,0.18333333333333332,1.0,0.30266995184827306,0.0,18.0,1.0,2.730410447761194,43.6865671641791,0.00404228855721393,2.730410447761194,0.9959577114427861,0.9931592039800995,0.9950248756218906,0.9950248756218906,1.0497512437810945,0.18202736318407958,7.99666729860372,1023.176908262285,63.94855676639281,0.9701492537313433,0.2921743042914596,alf,1.0096277344388476,36.0,16,0.0,0.0,0.0,0.9644902730519718,0.9375,0.0003349364903026031,0.6050061000005371,20010,15.0,200,0.008136700415338611
0.0,1.0,0.00125,0.012345679012345678,0.9996354166666667,45.0,0.0,1.0,2.8125,2.8125,2.0,2.0,1.0,0.1875,1.0,0.19273533019949632,0.0,18.0,1.0,2.787313432835821,44.59701492537314,0.014303482587064677,2.787313432835821,0.9856965174129353,0.9800995024875622,1.900497512437811,1.900497512437811,1.1194029850746268,0.18582089552238806,7.9933345972074425,1022.3538165245695,63.897113532785596,0.900497512437811,0.1738531880067617,alf,1.7928516567870276,36.0,16,0.00125,0.0,0.0,0.9527402446932719,0.875,0.0006698729806052062,0.630505399998583,20011,15.0,200,0.011687568934935486
0.0,1.0,0.0,0.012345679012345678,1.0,60.0,0.0,1.0,3.75,3.75,1.0,1.0,1.0,0.25,1.0,0.29724028634103256,0.0,18.0,1.0,3.6896766169154227,59.03482587064676,0.021144278606965175,3.6896766169154227,0.9788557213930348,0.9788557213930348,0.7611940298507462,0.7611940298507462,1.3383084577114428,0.24597844112769487,8.0,1024.0,64.0,0.7611940298507462,0.2264281880942236,alf,0.7635186805074293,36.0,16,0.0,0.0,0.0,0.9504758970217371,1.0,0.0,0.5346048999999766,20012,15.0,200,0.012805793273957988
0.0,1.0,0.0009375,0.012345679012345678,0.999738192480888,47.0,0.0,1.0,2.9375,2.9375,1.0,1.0,1.0,0.19583333333333333,1.0,0.31565684832559227,0.0,18.0,1.0,2.8799751243781095,46.07960199004975,0.0724502487562189,2.8799751243781095,0.9275497512437811,0.9275497512437811,0.9154228855721394,0.9154228855721394,1.263681592039801,0.19199834162520732,7.93301270189225,1008.0,63.0,0.8208955223880597,0.25481565213028723,alf,2.3173123712854506,36.0,16,0.0009375,0.0,0.0,0.8654004406687649,0.9375,0.0,0.5401956000005157,20013,15.0,200,0.010553956520068717
0.0,1.0,0.00125,0.012345679012345678,0.9995000526260394,44.0,0.0,1.0,2.75,2.75,1.0,1.0,1.0,0.18333333333333332,1.0,0.08039881169911856,0.0,18.0,1.0,2.628731343283582,42.059701492537314,0.08426616915422885,2.628731343283582,0.9157338308457711,0.9157338308457711,0.9154228855721394,0.9154228855721394,1.4577114427860696,0.17524875621890545,8.0,1024.0,64.0,0.6318407960199005,0.0509349889695225,alf,1.1334217008247711,36.0,16,0.00125,0.0,0.0,0.9827749483593716,1.0,0.0,0.5194752999996126,20014,15.0,200,0.013048306526423692
0.0,1.0,0.0009375,0.012345679012345678,0.9997551318120246,58.0,0.0,0.625,3.625,3.625,1.0,1.0,3.0,0.24166666666666667,0.0,0.15502144998460293,0.0,18.0,1.0,3.4608208955223883,55.37313432835821,0.08519900497512438,3.4608208955223883,0.9148009950248757,0.6536069651741293,0.9950248756218906,0.9950248756218906,2.771144278606965,0.23072139303482586,7.288145365286733,865.5158577939142,54.094741112119635,0.029228855721393034,0.107827507634531,alf,0.2752829029723815,36.0,16,0.000625,0.0,0.0,0.9060751426366468,0.625,0.0007945931124288641,0.5408843999994133,20015,15.0,200,0.017524322833744107
0.0,1.0,0.000625,0.012345679012345678,0.9998307952622674,46.0,0.0,1.0,2.875,2.875,2.0,2.0,1.0,0.19166666666666668,1.0,0.05298736763378512,0.0,18.0,1.0,2.6884328358208953,43.014925373134325,0.2885572139303483,2.6884328358208953,0.7114427860696517,0.7114427860696517,1.1144278606965174,1.1144278606965174,2.0049751243781095,0.17922885572139302,8.0,1024.0,64.0,0.25870646766169153,0.013755990163170218,alf,2.7837897639576417,36.0,16,0.000625,0.0,0.0,0.9350528685956347,1.0,0.0,0.5046301999991556,20016,15.0,200,0.020210357775619726
0.0,1.0,0.001875,0.012345679012345678,0.9992414731115297,38.0,0.0,1.0,2.375,2.375,1.0,1.0,1.0,0.15833333333333333,1.0,0.09944655900463023,0.0,18.0,1.0,2.343905472636816,37.50248756218905,0.07307213930348258,2.343905472636816,0.9269278606965174,0.9269278606965174,0.9502487562189055,0.9502487562189055,1.3333333333333333,0.1562603648424544,8.0,1024.0,64.0,0.8059701492537313,0.08099018029227335,alf,2.6997856404968417,36.0,16,0.001875,0.0,0.0,0.9790858981633853,1.0,0.0,0.4849966999991011,20017,15.0,200,0.017413813290979897
0.0,1.0,0.0009375,0.012345679012345678,0.9997674172745532,50.0,0.0,1.0,3.125,3.125,1.0,1.0,1.0,0.20833333333333334,1.0,0.14278622691553353,0.0,18.0,1.0,2.9993781094527363,47.99004975124378,0.08022388059701492,2.9993781094527363,0.9197761194029851,0.9197761194029851,0.7761194029850746,0.7761194029850746,1.5870646766169154,0.19995854063018242,7.937678483842841,1009.0726705198721,63.067041907492005,0.7661691542288557,0.10334806969380048,alf,1.5343103138582503,36.0,16,0.0009375,0.0,0.0,0.8769787521408431,0.9375,0.0005166275286881511,0.5287770999984787,20018,15.0,200,0.016411356234831892
0.0,1.0,0.0,0.012345679012345678,1.0,51.0,0.0,1.0,3.1875,3.1875,2.0,2.0,1.0,0.2125,1.0,0.4024622275551676,0.0,18.0,1.0,2.990049751243781,47.840796019900495,0.08582089552238806,2.990049751243781,0.914179104477612,0.914179104477612,1.4975124378109452,1.626865671641791,1.4029850746268657,0.19933665008291873,7.7195787943777,960.0,60.0,0.8109452736318408,0.2925209689947972,alf,2.130206656093064,36.0,16,0.0,0.0,0.0,0.9448884064517499,0.8125,0.0,0.5170025999996142,20019,15.0,200,0.012352956930159968
0.0,2.0,0.0,0.012345679012345678,1.0,42.0,0.0625,0.9375,2.625,2.625,0.0,0.0,2.0,0.175,0.0,0.0017395220462664031,0.0625,18.0,0.9375,2.567786069651741,41.08457711442786,0.08768656716417911,2.567786069651741,0.9123134328358209,0.9123134328358209,0.0,0.0,2.263681592039801,0.17118573797678274,7.795705404280377,975.1769082622848,60.9485567663928,0.0,0.0014571203029233595,alf,2.080669739529604,36.0,16,0.0,0.0,0.0,0.9666508216259027,0.75,0.0003349364903026031,0.5368313999988459,20020,15.0,200,0.027217918463425392
0.0,1.0,0.0,0.012345679012345678,1.0,50.0,0.0,1.0,3.125,3.125,1.0,1.0,1.0,0.20833333333333334,1.0,0.21835705115531504,0.0,18.0,1.0,3.012437810945274,48.19900497512438,0.026741293532338308,3.012437810945274,0.9732587064676617,0.9732587064676617,1.0,1.0,1.1343283582089552,0.20082918739635158,8.0,1024.0,64.0,0.9203980099502488,0.18337471073903241,alf,1.3250342646664928,36.0,16,0.0,0.0,0.0,0.9415094390463561,1.0,0.0,0.5609860999993543,20021,15.0,200,0.012992209358203726
0.0,1.0,0.000625,0.012345679012345678,0.9998330202462952,52.0,0.0,1.0,3.25,3.25,2.0,2.0,1.0,0.21666666666666667,1.0,0.15008145012254598,0.0,18.0,1.0,3.1162935323383083,49.86069651741293,0.038868159203980096,3.1162935323383083,0.9611318407960199,0.9611318407960199,1.7014925373134329,1.7014925373134329,1.2039800995024876,0.20775290215588724,7.936678673428079,1008.8480086155056,63.0530005384691,0.9054726368159204,0.1242702752237941,alf,0.619560265242839,36.0,16,0.000625,0.0,0.0,0.9078929363319616,0.9378109452736318,0.0003416352200842082,0.5604229000000487,20022,15.0,200,0.039258958296900695
0.0,1.0,0.0,0.012345679012345678,1.0,56.0,0.0,1.0,3.5,3.5,1.0,1.0,1.0,0.23333333333333334,1.0,0.3643281380091506,0.0,18.0,1.0,3.2667910447761193,52.26865671641791,0.04477611940298507,3.2667910447761193,0.9552238805970149,0.9552238805970149,0.9950248756218906,0.9950248756218906,1.2587064676616915,0.2177860696517413,8.0,1024.0,64.0,0.8855721393034826,0.297524091464895,alf,0.8189286163701148,36.0,16,0.0,0.0,0.0,0.9359332415211369,1.0,0.0,0.5576428999993368,20023,15.0,200,0.030475408794780355
0.0,1.0,0.00125,0.012345679012345678,0.9993897909370688,52.0,0.0,1.0,3.25,3.25,1.0,1.0,1.0,0.21666666666666667,1.0,0.4252888860247338,0.0,18.0,1.0,3.1259328358208953,50.014925373134325,0.041355721393034825,3.1259328358208953,0.9586442786069652,0.9586442786069652,0.7064676616915423,0.7064676616915423,1.4029850746268657,0.20839552238805972,7.795705404280377,975.1769082622848,60.9485567663928,0.7014925373134329,0.29576531411380946,alf,0.7363585267821777,36.0,16,0.00125,0.0,0.0,0.828376155795279,0.75,0.0003349364903026031,0.5176441000003251,20024,15.0,200,0.013801347660021522
0.0,1.0,0.000625,0.012345679012345678,0.99984375,42.0,0.0,1.0,2.625,2.625,1.0,1.0,1.0,0.175,1.0,0.06790838452361393,0.0,18.0,1.0,2.6181592039800994,41.89054726368159,0.003109452736318408,2.6181592039800994,0.9968905472636815,0.9968905472636815,1.0,1.0,1.0248756218905473,0.17454394693200662,8.0,1024.0,64.0,0.9751243781094527,0.07092349054565382,alf,1.9516825794647386,36.0,16,0.000625,0.0,0.0,0.9360257102739223,1.0,0.0,0.5028898999989906,20025,15.0,200,0.012939851658893813
0.0,1.0,0.000625,0.012345679012345678,0.9997395833333332,46.0,0.0,1.0,2.875,2.875,1.0,1.0,1.0,0.19166666666666668,1.0,0.1942055283619446,0.0,18.0,1.0,2.814054726368159,45.024875621890544,0.026741293532338308,2.814054726368159,0.9732587064676617,0.9732587064676617,1.0,1.0,1.1393034825870647,0.18760364842454397,8.0,1024.0,64.0,0.8706467661691543,0.16927856296147764,alf,0.7656753810954865,36.0,16,0.000625,0.0,0.0,0.9215238245625683,1.0,0.0,0.5024947999991127,20026,15.0,200,0.021224571667685068
0.0,1.0,0.00125,0.012345679012345678,0.9993760055332521,50.0,0.0,1.0,3.125,3.125,1.0,1.0,1.0,0.20833333333333334,1.0,0.17768604636211022,0.0,18.0,1.0,3.1007462686567164,49.61194029850746,0.014614427860696517,3.1007462686567164,0.9853855721393034,0.9853855721393034,0.9054726368159204,0.9054726368159204,1.199004975124378,0.2067164179104478,8.0,1024.0,64.0,0.9054726368159204,0.16100316458878647,alf,1.0014213330458848,36.0,16,0.00125,0.0,0.0,0.957662352801125,1.0,0.0,0.5262610999998287,20027,15.0,200,0.018015923910074783
0.0,1.0,0.0015625,0.012345679012345678,0.9993999165101232,45.0,0.0,1.0,2.8125,2.8125,1.0,1.0,1.0,0.1875,1.0,0.07337952456751759,0.0,18.0,1.0,2.764925373134328,44.23880597014925,0.05037313432835821,2.764925373134328,0.9496268656716418,0.8560323383084577,0.9900497512437811,0.9900497512437811,1.3781094527363185,0.1843283582089552,7.7195787943777,960.0,60.0,0.7602611940298507,0.0669801207681794,alf,1.159959065221675,36.0,16,0.0015625,0.0,0.0,0.9768506369639766,0.8125,0.0,0.5509598999997252,20028,15.0,200,0.011261894116373038
0.0,1.0,0.0,0.012345679012345678,1.0,50.0,0.0,1.0,3.125,3.125,1.0,1.0,1.0,0.20833333333333334,1.0,0.15372969575016124,0.0,18.0,1.0,3.0982587064676617,49.57213930348259,0.007462686567164179,3.0982587064676617,0.9925373134328358,0.9925373134328358,0.8805970149253731,0.8805970149253731,1.1194029850746268,0.20655058043117744,7.93301270189225,1008.0,63.0,0.8805970149253731,0.1354955262438372,alf,1.5421437688437314,36.0,16,0.0,0.0,0.0,0.9410530126150256,0.9375,0.0,0.5659006999994745,20029,15.0,200,0.006778094237690663
0.0,1.0,0.0009375,0.012345679012345678,0.9997552083333333,55.0,0.0,1.0,3.4375,3.4375,2.0,2.0,1.0,0.22916666666666666,1.0,0.4189225298120764,0.0,18.0,1.0,3.2412935323383083,51.86069651741293,0.1302860696517413,3.2412935323383083,0.8697139303482587,0.869092039800995,1.5621890547263682,1.5621890547263682,1.6666666666666667,0.21608623548922054,7.732384077708481,959.971314639105,59.99820716494406,0.5870646766169154,0.2400332999040213,alf,0.4574418660564373,36.0,16,0.0009375,0.0,0.0,0.8379545011287576,0.6259328358208955,0.0013397459611841573,0.5978447999987111,20030,15.0,200,0.01731535630398486
0.0,1.0,0.000625,0.012345679012345678,0.9997395833333335,65.0,0.0,0.9375,4.0625,4.0625,0.0,1.0,2.0,0.2708333333333333,0.0625,0.6602985128741874,0.0,18.0,1.0,3.730721393034826,59.691542288557216,0.027052238805970148,3.730721393034826,0.9729477611940298,0.9048507462686567,0.0,1.0,2.174129353233831,0.24871475953565506,7.7320508075688545,960.0,60.0,0.05783582089552239,0.5446504929727117,alf,1.0147619727322035,36.0,16,0.000625,0.0,0.0,0.8916593401597451,0.75,0.0,0.5930845000002591,20031,15.0,200,0.05096325491800173
0.0,2.0,0.0021875,0.012345679012345678,0.9993125,37.0,0.375,0.625,2.3125,2.3125,1.0,1.0,2.0,0.15416666666666667,0.0,2.0353910824122707e-05,0.375,18.0,0.625,2.3037935323383083,36.86069651741293,0.3199626865671642,2.3037935323383083,0.6800373134328358,0.6800373134328358,1.0,1.0,1.9800995024875623,0.15358623548922057,7.8693581051807175,992.7689480622689,62.04805925389181,0.21890547263681592,0.026093873649166644,alf,2.449357422914469,36.0,16,0.0021875,0.0,0.0,0.8992058484751707,0.8753109452736318,0.00033493649030260335,0.5396154999998544,20032,15.0,200,0.01659033681001104
0.0,1.0,0.0,0.012345679012345678,1.0,53.0,0.0,1.0,3.3125,3.3125,1.0,1.0,1.0,0.22083333333333333,1.0,0.245900586738939,0.0,18.0,1.0,3.226057213930348,51.61691542288557,0.025808457711442787,3.226057213930348,0.9741915422885572,0.9645522388059702,0.9203980099502488,0.9203980099502488,1.2139303482587065,0.21507048092868988,7.7320508075688545,960.0,60.0,0.9203980099502488,0.22164228388166857,alf,0.34269012018321937,36.0,16,0.0,0.0,0.0,0.982875026364069,0.75,0.0,0.5854503999998997,20033,15.0,200,0.006480272389362405
0.0,1.0,0.0,0.012345679012345678,1.0,63.0,0.0,1.0,3.9375,3.9375,2.0,2.0,1.0,0.2625,1.0,0.46055214356153246,0.0,18.0,1.0,3.3407960199004973,53.45273631840796,0.26119402985074625,3.3407960199004973,0.7388059701492538,0.7325870646766169,1.3482587064676617,1.3980099502487562,1.8656716417910448,0.22271973466003317,7.7195787943777,960.0,60.0,0.472636815920398,0.19745179711436847,alf,0.02194428686356834,36.0,16,0.0,0.0,0.0,0.8518695807613187,0.8125,0.0,0.5539396999993187,20034,15.0,200,0.028664616877763484
0.0,1.0,0.0,0.012345679012345678,1.0,59.0,0.0,1.0,3.6875,3.6875,1.0,1.0,1.0,0.24583333333333332,1.0,0.39903799367625664,0.0,18.0,1.0,3.386504975124378,54.18407960199005,0.09048507462686567,3.386504975124378,0.9095149253731343,0.9095149253731343,0.9751243781094527,0.9751243781094527,1.36318407960199,0.2257669983416252,7.93301270189225,1008.0,63.0,0.7860696517412935,0.2876144791177603,alf,1.5267140541753104,36.0,16,0.0,0.0,0.0,0.8861227417231681,0.9375,0.0,0.5781831999993301,20035,15.0,200,0.031181843500982673
0.0,1.0,0.00125,0.012345679012345678,0.9993716619541313,59.0,0.0,1.0,3.6875,3.6875,1.0,1.0,1.0,0.24583333333333332,1.0,0.32033126015836866,0.0,18.0,1.0,3.441853233830846,55.069651741293534,0.02394278606965174,3.441853233830846,0.9760572139303483,0.9698383084577115,0.9154228855721394,0.9154228855721394,1.1791044776119404,0.2294568822553897,7.524808014424834,916.430639545302,57.27691497158138,0.8694029850746269,0.2428207811400296,alf,0.08124413949907883,36.0,16,0.00125,0.0,0.0,0.9589669420990893,0.7021144278606966,0.0003349364604567506,0.5959935999999288,20036,15.0,200,0.024101708046567288
0.0,1.0,0.001875,0.012345679012345678,0.9991988193126713,54.0,0.0,1.0,3.375,3.375,1.0,1.0,1.0,0.225,1.0,0.3908516991507206,0.0,18.0,1.0,3.273009950248756,52.3681592039801,0.020211442786069653,3.273009950248756,0.9797885572139303,0.9797885572139303,0.8109452736318408,0.8109452736318408,1.2338308457711442,0.21820066334991708,8.0,1024.0,64.0,0.8059701492537313,0.3155773280095951,alf,2.908938666627301,36.0,16,0.0015625,0.0,0.0,0.9792274952145271,1.0,0.0,0.5492548000001989,20037,15.0,200,0.012528574647888289
0.0,1.0,0.001875,0.012345679012345678,0.9993224932249322,50.0,0.0,1.0,3.125,3.125,1.0,1.0,1.0,0.20833333333333334,1.0,0.1325747638800535,0.0,18.0,1.0,3.0814676616915424,49.30348258706468,0.006218905472636816,3.0814676616915424,0.9937810945273632,0.9937810945273632,0.9900497512437811,0.9900497512437811,1.0398009950248757,0.20543117744610284,8.0,1024.0,64.0,0.9651741293532339,0.12499612535692574,alf,0.6460168638123486,36.0,16,0.001875,0.0,0.0,0.9739138258738361,1.0,0.0,0.5406818000010389,20038,15.0,200,0.009445500088105302
0.0,1.0,0.000625,0.012345679012345678,0.9997894293535482,38.0,0.0,1.0,2.375,2.375,1.0,1.0,1.0,0.15833333333333333,1.0,0.16079557423488622,0.0,18.0,1.0,2.28544776119403,36.56716417910448,0.023009950248756218,2.28544776119403,0.9769900497512438,0.9769900497512438,0.8308457711442786,0.8308457711442786,1.208955223880597,0.15236318407960198,8.0,1024.0,64.0,0.8308457711442786,0.1203048764252324,alf,3.038700211861645,36.0,16,0.000625,0.0,0.0,0.9274328073228825,1.0,0.0,0.5133132000009937,20039,15.0,200,0.010627752545445466
0.0,1.0,0.0021875,0.012345679012345678,0.9984383414108777,46.0,0.0,0.9375,2.875,2.875,0.0,1.0,2.0,0.19166666666666668,0.0625,0.2207387381956354,0.0,18.0,1.0,2.653917910447761,42.46268656716418,0.07960199004975124,2.653917910447761,0.9203980099502488,0.8582089552238806,0.004975124378109453,0.5124378109452736,2.8507462686567164,0.17692786069651742,7.799038105676643,976.0,61.0,0.03171641791044776,0.11249155928017734,alf,1.01651858432253,36.0,16,0.001875,0.0,0.0,0.9150628506392917,0.8125,0.0,0.49661440000090806,20040,15.0,200,0.03755564962433996
0.0,1.0,0.00125,0.012345679012345678,0.9994270833333334,41.0,0.0,0.8125,2.5625,2.5625,1.0,1.0,2.0,0.17083333333333334,0.1875,0.2075214838515618,0.0,18.0,1.0,2.4828980099502487,39.72636815920398,0.08364427860696518,2.4828980099502487,0.9163557213930348,0.7527985074626866,0.900497512437811,1.0,2.2935323383084576,0.16552653399668327,7.799038105676643,976.0,61.0,0.15485074626865672,0.1707155754729983,alf,0.7887174923050905,36.0,16,0.00125,0.0,0.0,0.8779828305352075,0.8125,0.0,0.45898879999913333,20041,15.0,200,0.026824600760117664
0.0,1.0,0.0,0.012345679012345678,1.0,52.0,0.0,0.9375,3.25,3.25,0.0,1.0,2.0,0.21666666666666667,0.0625,0.3495194388554146,0.0,18.0,1.0,3.13681592039801,50.18905472636816,0.026119402985074626,3.13681592039801,0.9738805970149254,0.9107587064676617,0.0,0.9651741293532339,2.1641791044776117,0.20912106135986733,7.732384077708482,960.0741876224454,60.004636726402836,0.05814676616915423,0.3025046518521659,alf,0.6514802580119576,36.0,16,0.0,0.0,0.0,0.9388150151041581,0.75,6.69872980815256e-05,0.5212214000002859,20042,15.0,200,0.018064313823719994
0.0,2.0,0.001875,0.012345679012345678,0.9995838956365274,55.0,0.0625,0.6875,3.4375,3.4375,0.0,0.0,3.0,0.22916666666666666,0.0,0.0003137637782875836,0.0625,18.0,0.9375,3.379353233830846,54.069651741293534,0.22046019900497513,3.379353233830846,0.7795398009950248,0.6763059701492538,0.0,0.0,3.1791044776119404,0.22529021558872303,7.130459655354528,831.046582580769,51.940411411298065,0.0,9.7721527709372e-05,alf,0.3943240824031282,36.0,16,0.001875,0.0,0.0,0.7636885394251077,0.43781094527363185,0.001799402583336673,0.5608372999995481,20043,15.0,200,0.026416161667813378
0.0,1.0,0.0,0.012345679012345678,1.0,52.0,0.0,1.0,3.25,3.25,1.0,1.0,1.0,0.21666666666666667,1.0,0.2975661426256162,0.0,18.0,1.0,2.9776119402985075,47.64179104477612,0.12531094527363185,2.9776119402985075,0.8746890547263682,0.8746890547263682,1.0,1.0,1.681592039800995,0.19850746268656716,8.0,1024.0,64.0,0.6069651741293532,0.1801607983466044,alf,0.402514794913711,36.0,16,0.0,0.0,0.0,0.920098098936379,1.0,0.0,0.586431800000355,20044,15.0,200,0.018626151805402173
0.0,1.0,0.000625,0.012345679012345678,0.9998177083333334,54.0,0.0,1.0,3.375,3.375,2.0,2.0,1.0,0.225,1.0,0.3019290274317937,0.0,18.0,1.0,3.1529850746268657,50.44776119402985,0.08208955223880597,3.1529850746268657,0.917910447761194,0.917910447761194,1.472636815920398,1.472636815920398,1.164179104477612,0.21019900497512436,8.0,1024.0,64.0,0.835820895522388,0.17723408645433358,alf,1.9918806663355406,36.0,16,0.000625,0.0,0.0,0.9879782748661444,1.0,0.0,0.5753760999996302,20045,15.0,200,0.005633339756516002
0.0,1.0,0.0015625,0.012345679012345678,0.9995974487662066,46.0,0.0,0.6875,2.875,2.875,1.0,2.0,2.0,0.19166666666666668,0.6875,0.07100036982721036,0.0,18.0,1.0,2.743781094527363,43.90049751243781,0.19869402985074627,2.743781094527363,0.8013059701492538,0.5842661691542289,0.6318407960199005,1.5621890547263682,2.6318407960199006,0.18291873963515753,7.652591496269911,944.0,59.0,0.43097014925373134,0.04446345784289998,alf,1.0957815066688448,36.0,16,0.0015625,0.0,0.0,0.9735527755902679,0.75,0.0,0.5517241000015929,20046,15.0,200,0.016870595311095252
0.0,1.0,0.000625,0.012345679012345678,0.999685336689742,38.0,0.0,1.0,2.375,2.375,1.0,1.0,1.0,0.15833333333333333,1.0,0.0874651128381006,0.0,18.0,1.0,2.343905472636816,37.50248756218905,0.018656716417910446,2.343905472636816,0.9813432835820896,0.9813432835820896,0.8905472636815921,0.8905472636815921,1.1691542288557213,0.1562603648424544,8.0,1024.0,64.0,0.8905472636815921,0.07810189495846734,alf,2.6149718596573646,36.0,16,0.0003125,0.0,0.0,0.9505132676555367,1.0,0.0,0.5437175999995816,20047,15.0,200,0.012550210381614125
0.0,1.0,0.0,0.012345679012345678,1.0,59.0,0.0,1.0,3.6875,3.6875,2.0,2.0,1.0,0.24583333333333332,1.0,0.5692966193557562,0.0,18.0,1.0,3.505907960199005,56.09452736318408,0.05037313432835821,3.505907960199005,0.9496268656716418,0.9458955223880597,1.7164179104477613,1.7164179104477613,1.2537313432835822,0.23372719734660033,7.8693581051807175,992.7689480622689,62.04805925389181,0.8924129353233831,0.4662949198147733,alf,0.716362024730945,36.0,16,0.0,0.0,0.0,0.9456823725366618,0.8753109452736318,0.00033493649030260335,0.54982359999849,20048,15.0,200,0.02403947850820153
0.0,1.0,0.0015625,0.012345679012345678,0.9992096111286753,48.0,0.0,1.0,3.0,3.0,1.0,1.0,1.0,0.2,1.0,0.18935701348195852,0.0,18.0,1.0,2.9272388059701493,46.83582089552239,0.04291044776119403,2.9272388059701493,0.957089552238806,0.957089552238806,0.9104477611940298,0.9104477611940298,1.36318407960199,0.1951492537313433,8.0,1024.0,64.0,0.8557213930348259,0.1620499299873162,alf,0.16607388968915077,36.0,16,0.00125,0.0,0.0,0.9499580014251318,1.0,0.0,0.5235964999992575,20049,15.0,200,0.01893523286488357
0.0,1.0,0.000625,0.012345679012345678,0.999681224099458,44.0,0.0,1.0,2.75,2.75,1.0,1.0,1.0,0.18333333333333332,1.0,0.04768890249291613,0.0,18.0,1.0,2.6906094527363185,43.049751243781095,0.08364427860696518,2.6906094527363185,0.9163557213930348,0.9163557213930348,0.6915422885572139,0.6915422885572139,1.462686567164179,0.17937396351575458,7.9463705547723835,1011.0243382435143,63.189021140219644,0.6666666666666666,0.0319603660004802,lint,2.4812295154348547,36.0,16,0.000625,0.0,0.0,0.9614944908014118,0.9375,0.00046875,0.5358754000008048,20000,15.0,200,0.0078021128556024204
0.0,1.0,0.00125,0.012345679012345678,0.999270149098113,46.0,0.0,1.0,2.875,2.875,1.0,1.0,1.0,0.19166666666666668,1.0,0.12243924293679653,0.0,18.0,1.0,2.7058457711442787,43.29353233830846,0.08115671641791045,2.7058457711442787,0.9188432835820896,0.9188432835820896,0.9900497512437811,0.9900497512437811,1.407960199004975,0.18038971807628523,8.0,1024.0,64.0,0.7661691542288557,0.09555616388418997,lint,0.7176342221850609,36.0,16,0.00125,0.0,0.0,0.9338513701017405,1.0,0.0,0.5689906000006886,20001,15.0,200,0.015274218292804237
0.0,1.0,0.0021875,0.012345679012345678,0.9991145833333335,44.0,0.0,1.0,2.75,2.75,1.0,1.0,1.0,0.18333333333333332,1.0,0.2826125330131555,0.0,18.0,1.0,2.6532960199004973,42.45273631840796,0.03513681592039801,2.6532960199004973,0.964863184079602,0.964863184079602,1.0,1.0,1.228855721393035,0.17688640132669983,7.999466607490929,1023.8708189536858,63.99192618460536,0.8706467661691543,0.23488786530199252,lint,2.499943761388224,36.0,16,0.0021875,0.0,0.0,0.92490191076033,0.9990671641791045,0.00033493649053890353,0.5161177000009047,20002,15.0,200,0.018502759014513634
0.0,1.0,0.000625,0.012345679012345678,0.9997916666666665,40.0,0.0,1.0,2.5,2.5,1.0,1.0,1.0,0.16666666666666666,1.0,0.05335998989453361,0.0,18.0,1.0,2.4944029850746268,39.91044776119403,0.008706467661691543,2.4944029850746268,0.9912935323383084,0.9912935323383084,1.0,1.0,1.064676616915423,0.16629353233830843,8.0,1024.0,64.0,0.9402985074626866,0.05021495447230147,lint,1.2188851760989892,36.0,16,0.000625,0.0,0.0,0.8804347489403666,1.0,0.0,0.5264569000009942,20003,15.0,200,0.010002752239814132
0.0,1.0,0.0003125,0.012345679012345678,0.9999359590137689,59.0,0.0,0.9375,3.6875,3.6875,0.0,1.0,2.0,0.24583333333333332,0.0625,0.23026797898336854,0.0,18.0,1.0,3.6004353233830844,57.60696517412935,0.03949004975124378,3.6004353233830844,0.9605099502487562,0.8790422885572139,0.0,0.8159203980099502,2.4776119402985075,0.2400290215588723,7.253525496229789,855.7294265820782,53.48308916137989,0.05099502487562189,0.1845442017236699,lint,1.0788719612403586,36.0,16,0.0003125,0.0,0.0,0.9503377146615116,0.49906716417910446,0.0011161864905389035,0.5469536000000517,20004,15.0,200,0.011689643889268193
0.0,1.0,0.0,0.012345679012345678,1.0,60.0,0.0,1.0,3.75,3.75,1.0,1.0,1.0,0.25,1.0,0.5406836825115352,0.0,18.0,1.0,3.5625,57.0,0.04477611940298507,3.5625,0.9552238805970149,0.9542910447761194,0.9701492537313433,0.9701492537313433,1.1492537313432836,0.2375,7.992379321436444,1022.098388742952,63.8811492964345,0.8855721393034826,0.44866307184532556,lint,0.7153981367757597,36.0,16,0.0,0.0,0.0,0.8443099697912201,0.9328358208955224,0.0019871824526945174,0.600028699998802,20005,15.0,200,0.02158611865901888
0.0,1.0,0.000625,0.012345679012345678,0.9998593750000001,63.0,0.0,1.0,3.9375,3.9375,2.0,2.0,1.0,0.2625,1.0,0.4114263153367462,0.0,18.0,1.0,3.638059701492537,58.208955223880594,0.09577114427860696,3.638059701492537,0.904228855721393,0.904228855721393,1.572139303482587,1.572139303482587,1.3930348258706469,0.24253731343283583,7.799038105676643,976.0,61.0,0.6169154228855721,0.23753065827704536,lint,2.325855101908343,36.0,16,0.000625,0.0,0.0,0.9940180217786451,0.8125,0.0,0.5764005999990331,20006,15.0,200,0.010952617616060466
0.0,1.0,0.0,0.012345679012345678,1.0,34.0,0.0,1.0,2.125,2.125,1.0,1.0,1.0,0.14166666666666666,1.0,0.20181924610034935,0.0,18.0,1.0,2.08955223880597,33.43283582089552,0.013059701492537313,2.08955223880597,0.9869402985074627,0.9869402985074627,0.8756218905472637,0.8756218905472637,1.208955223880597,0.13930348258706468,8.0,1024.0,64.0,0.8756218905472637,0.1770646098390748,lint,2.172833530170501,36.0,16,0.0,0.0,0.0,0.9203396002218095,1.0,0.0,0.5067744999996648,20007,15.0,200,0.013578114045732266
0.0,1.0,0.0,0.012345679012345678,1.0,46.0,0.0,1.0,2.875,2.875,1.0,1.0,1.0,0.19166666666666668,1.0,0.184074618175703,0.0,18.0,1.0,2.6940298507462686,43.1044776119403,0.12779850746268656,2.6940298507462686,0.8722014925373134,0.8722014925373134,0.9701492537313433,0.9701492537313433,1.4328358208955223,0.17960199004975125,8.0,1024.0,64.0,0.6716417910447762,0.10053312607785156,lint,3.1102345686625315,36.0,16,0.0,0.0,0.0,0.9605633649558837,1.0,0.0,0.5187729999997828,20008,15.0,200,0.010428342639031352
0.0,1.0,0.0015625,0.012345679012345678,0.9995193312434691,64.0,0.0,1.0,4.0,4.0,1.0,1.0,1.0,0.26666666666666666,1.0,0.3464639986482374,0.0,18.0,1.0,3.736940298507463,59.791044776119406,0.17257462686567165,3.736940298507463,0.8274253731343284,0.8274253731343284,0.9502487562189055,0.9502487562189055,1.507462686567164,0.24912935323383087,7.866025403784463,992.0,62.0,0.5472636815920398,0.1604769263817399,lint,1.829017574320574,36.0,16,0.0015625,0.0,0.0,0.958818150038986,0.875,0.0,0.5417001999994682,20009,15.0,200,0.020799653027537585
0.0,1.0,0.0,0.012345679012345678,1.0,44.0,0.0,1.0,2.75,2.75,1.0,1.0,1.0,0.18333333333333332,1.0,0.30266995184827306,0.0,18.0,1.0,2.730721393034826,43.691542288557216,0.00404228855721393,2.730721393034826,0.9959577114427861,0.994092039800995,0.9950248756218906,0.9950248756218906,1.044776119402985,0.18204809286898838,7.999466607490929,1023.8708189536858,63.99192618460536,0.9701492537313433,0.2921743042914596,lint,0.9972582108508833,36.0,16,0.0,0.0,0.0,0.9642472568406844,0.9990671641791045,0.00033493649053890353,0.5365457000007154,20010,15.0,200,0.007991992077336217
0.0,1.0,0.00125,0.012345679012345678,0.9996354166666667,45.0,0.0,1.0,2.8125,2.8125,2.0,2.0,1.0,0.1875,1.0,0.19273533019949632,0.0,18.0,1.0,2.7901119402985075,44.64179104477612,0.013681592039800995,2.7901119402985075,0.986318407960199,0.9844527363184079,1.900497512437811,1.900497512437811,1.1044776119402986,0.18600746268656718,7.994512891472731,1022.6151129282091,63.91344455801307,0.9054726368159204,0.1747465721518624,lint,1.7928516567870276,36.0,16,0.00125,0.0,0.0,0.9531318060334181,0.9365671641791045,0.0006474364905389035,0.5154591999998956,20011,15.0,200,0.011877265265273109
0.0,1.0,0.0,0.012345679012345678,1.0,60.0,0.0,1.0,3.75,3.75,1.0,1.0,1.0,0.25,1.0,0.29724028634103256,0.0,18.0,1.0,3.6896766169154227,59.03482587064676,0.021144278606965175,3.6896766169154227,0.9788557213930348,0.9788557213930348,0.7611940298507462,0.7611940298507462,1.3383084577114428,0.24597844112769487,8.0,1024.0,64.0,0.7611940298507462,0.2264281880942236,lint,0.7635186805074293,36.0,16,0.0,0.0,0.0,0.9504758970217371,1.0,0.0,0.5559001999990869,20012,15.0,200,0.012805793273957988
0.0,1.0,0.000625,0.012345679012345678,0.9998167347366216,48.0,0.0,1.0,3.0,3.0,1.0,1.0,1.0,0.2,1.0,0.31565684832559227,0.0,18.0,1.0,2.9402985074626864,47.04477611940298,0.07431592039800995,2.9402985074626864,0.9256840796019901,0.9256840796019901,0.9154228855721394,0.9154228855721394,1.2686567164179106,0.19601990049751242,7.963951756618618,1015.1067783225144,63.44417364515715,0.8159203980099502,0.2532452374365659,lint,2.3173123712854506,36.0,16,0.000625,0.0,0.0,0.8661868655063638,0.9375,0.00015625,0.508773999999903,20013,15.0,200,0.010462277456889975
0.0,1.0,0.00125,0.012345679012345678,0.9995000526260394,44.0,0.0,1.0,2.75,2.75,1.0,1.0,1.0,0.18333333333333332,1.0,0.08039881169911856,0.0,18.0,1.0,2.628731343283582,42.059701492537314,0.08426616915422885,2.628731343283582,0.9157338308457711,0.9157338308457711,0.9154228855721394,0.9154228855721394,1.4577114427860696,0.17524875621890545,8.0,1024.0,64.0,0.6318407960199005,0.0509349889695225,lint,1.1334217008247711,36.0,16,0.00125,0.0,0.0,0.9827749483593716,1.0,0.0,0.48368740000114485,20014,15.0,200,0.013048306526423692
0.0,1.0,0.000625,0.012345679012345678,0.9998332812337188,61.0,0.0,1.0,3.8125,3.8125,1.0,1.0,1.0,0.25416666666666665,1.0,0.12523435375549402,0.0,18.0,1.0,3.6305970149253732,58.08955223880597,0.09110696517412935,3.6305970149253732,0.9088930348258707,0.9051616915422885,0.9950248756218906,0.9950248756218906,1.328358208955224,0.24203980099502487,7.556228484277832,919.0067723874035,57.43792327421272,0.8258706467661692,0.08059993920466689,lint,0.2752829029723815,36.0,16,0.0003125,0.0,0.0,0.9194956205204385,0.625,0.000625,0.5558240999998816,20015,15.0,200,0.01615324518052239
0.0,1.0,0.000625,0.012345679012345678,0.9998307952622674,46.0,0.0,1.0,2.875,2.875,2.0,2.0,1.0,0.19166666666666668,1.0,0.05298736763378512,0.0,18.0,1.0,2.6884328358208953,43.014925373134325,0.2885572139303483,2.6884328358208953,0.7114427860696517,0.7114427860696517,1.1144278606965174,1.1144278606965174,2.0049751243781095,0.17922885572139302,8.0,1024.0,64.0,0.25870646766169153,0.013755990163170218,lint,2.7837897639576417,36.0,16,0.000625,0.0,0.0,0.9350528685956347,1.0,0.0,0.5503614000008383,20016,15.0,200,0.020210357775619726
0.0,1.0,0.001875,0.012345679012345678,0.9992414731115297,38.0,0.0,1.0,2.375,2.375,1.0,1.0,1.0,0.15833333333333333,1.0,0.09944655900463023,0.0,18.0,1.0,2.343905472636816,37.50248756218905,0.07307213930348258,2.343905472636816,0.9269278606965174,0.9269278606965174,0.9502487562189055,0.9502487562189055,1.3333333333333333,0.1562603648424544,8.0,1024.0,64.0,0.8059701492537313,0.08099018029227335,lint,2.6997856404968417,36.0,16,0.001875,0.0,0.0,0.9790858981633853,1.0,0.0,0.5116949000002933,20017,15.0,200,0.017413813290979897
0.0,1.0,0.0009375,0.012345679012345678,0.9997673434856175,52.0,0.0,1.0,3.25,3.25,1.0,1.0,1.0,0.21666666666666667,1.0,0.14278622691553353,0.0,18.0,1.0,3.112562189054726,49.80099502487562,0.08053482587064677,3.112562189054726,0.9194651741293532,0.9194651741293532,0.7711442786069652,0.7711442786069652,1.592039800995025,0.20750414593698177,7.999466607490929,1023.8708189536858,63.99192618460536,0.7661691542288557,0.10940313155214322,lint,1.5343103138582503,36.0,16,0.0009375,0.0,0.0,0.8785388400055358,0.9990671641791045,0.00033493649053890353,0.5675926000003528,20018,15.0,200,0.01668822908282717
0.0,1.0,0.0,0.012345679012345678,1.0,50.0,0.0,1.0,3.125,3.125,2.0,2.0,1.0,0.20833333333333334,1.0,0.38744717309852805,0.0,18.0,1.0,2.9281716417910446,46.850746268656714,0.07929104477611941,2.9281716417910446,0.9207089552238806,0.9207089552238806,1.3383084577114428,1.6218905472636815,1.3880597014925373,0.19521144278606967,7.905057650099091,1001.0280863829681,62.56425539893551,0.8258706467661692,0.2502083728003083,lint,2.130206656093064,36.0,16,0.0,0.0,0.0,0.9445042742609071,0.8125,0.0009375,0.5548514000001887,20019,15.0,200,0.01166870417209713
0.0,2.0,0.0,0.012345679012345678,1.0,42.0,0.0625,0.9375,2.625,2.625,0.0,0.0,2.0,0.175,0.0,0.0017395220462664031,0.0625,18.0,0.9375,2.567786069651741,41.08457711442786,0.08768656716417911,2.567786069651741,0.9123134328358209,0.9123134328358209,0.0,0.0,2.263681592039801,0.17118573797678274,7.931412524365036,1007.6124568610572,62.97577855381608,0.0,0.0014571203029233595,lint,2.080669739529604,36.0,16,0.0,0.0,0.0,0.9666508216259027,0.9347014925373134,0.0010048094716167105,0.5354361999998218,20020,15.0,200,0.027217918463425392
0.0,1.0,0.0,0.012345679012345678,1.0,50.0,0.0,1.0,3.125,3.125,1.0,1.0,1.0,0.20833333333333334,1.0,0.21835705115531504,0.0,18.0,1.0,3.012437810945274,48.19900497512438,0.026741293532338308,3.012437810945274,0.9732587064676617,0.9732587064676617,1.0,1.0,1.1343283582089552,0.20082918739635158,8.0,1024.0,64.0,0.9203980099502488,0.18337471073903241,lint,1.3250342646664928,36.0,16,0.0,0.0,0.0,0.9415094390463561,1.0,0.0,0.5274542000006477,20021,15.0,200,0.012992209358203726
0.0,1.0,0.000625,0.012345679012345678,0.9998330202462952,52.0,0.0,1.0,3.25,3.25,2.0,2.0,1.0,0.21666666666666667,1.0,0.15008145012254598,0.0,18.0,1.0,3.1162935323383083,49.86069651741293,0.038868159203980096,3.1162935323383083,0.9611318407960199,0.9611318407960199,1.7014925373134329,1.7014925373134329,1.2039800995024876,0.20775290215588724,8.0,1024.0,64.0,0.9054726368159204,0.1242702752237941,lint,0.619560265242839,36.0,16,0.000625,0.0,0.0,0.9078929363319616,1.0,0.0,0.5048064000002341,20022,15.0,200,0.039258958296900695
0.0,1.0,0.0,0.012345679012345678,1.0,56.0,0.0,1.0,3.5,3.5,1.0,1.0,1.0,0.23333333333333334,1.0,0.3643281380091506,0.0,18.0,1.0,3.2667910447761193,52.26865671641791,0.04477611940298507,3.2667910447761193,0.9552238805970149,0.9552238805970149,0.9950248756218906,0.9950248756218906,1.2587064676616915,0.2177860696517413,8.0,1024.0,64.0,0.8855721393034826,0.297524091464895,lint,0.8189286163701148,36.0,16,0.0,0.0,0.0,0.9359332415211369,1.0,0.0,0.5621449999998731,20023,15.0,200,0.030475408794780355
0.0,1.0,0.00125,0.012345679012345678,0.9993890128572945,54.0,0.0,1.0,3.375,3.375,1.0,1.0,1.0,0.225,1.0,0.4252888860247338,0.0,18.0,1.0,3.1906094527363185,51.049751243781095,0.041666666666666664,3.1906094527363185,0.9583333333333334,0.9583333333333334,0.6865671641791045,0.6865671641791045,1.4179104477611941,0.2127072968490879,7.9625070517282195,1014.7549476374535,63.42218422734084,0.681592039800995,0.24221284362170376,lint,0.7335516084293544,36.0,16,0.00125,0.0,0.0,0.8608645939484216,0.9347014925373134,0.0011610594716167106,0.5367751000012504,20024,15.0,200,0.013047828663748122
0.0,1.0,0.000625,0.012345679012345678,0.99984375,42.0,0.0,1.0,2.625,2.625,1.0,1.0,1.0,0.175,1.0,0.06790838452361393,0.0,18.0,1.0,2.6181592039800994,41.89054726368159,0.003109452736318408,2.6181592039800994,0.9968905472636815,0.9968905472636815,1.0,1.0,1.0248756218905473,0.17454394693200662,8.0,1024.0,64.0,0.9751243781094527,0.07092349054565382,lint,1.9516825794647386,36.0,16,0.000625,0.0,0.0,0.9360257102739223,1.0,0.0,0.5113340000007156,20025,15.0,200,0.012939851658893813
0.0,1.0,0.000625,0.012345679012345678,0.9997395833333332,46.0,0.0,1.0,2.875,2.875,1.0,1.0,1.0,0.19166666666666668,1.0,0.1942055283619446,0.0,18.0,1.0,2.814054726368159,45.024875621890544,0.026741293532338308,2.814054726368159,0.9732587064676617,0.9732587064676617,1.0,1.0,1.1393034825870647,0.18760364842454397,8.0,1024.0,64.0,0.8706467661691543,0.16927856296147764,lint,0.7656753810954865,36.0,16,0.000625,0.0,0.0,0.9215238245625683,1.0,0.0,0.593775999999707,20026,15.0,200,0.021224571667685068
0.0,1.0,0.00125,0.012345679012345678,0.9993760055332521,50.0,0.0,1.0,3.125,3.125,1.0,1.0,1.0,0.20833333333333334,1.0,0.17768604636211022,0.0,18.0,1.0,3.1007462686567164,49.61194029850746,0.014614427860696517,3.1007462686567164,0.9853855721393034,0.9853855721393034,0.9054726368159204,0.9054726368159204,1.199004975124378,0.2067164179104478,8.0,1024.0,64.0,0.9054726368159204,0.16100316458878647,lint,1.0014213330458848,36.0,16,0.00125,0.0,0.0,0.957662352801125,1.0,0.0,0.5718307000006462,20027,15.0,200,0.018015923910074783
0.0,1.0,0.0015625,0.012345679012345678,0.9993999165101232,45.0,0.0,1.0,2.8125,2.8125,1.0,1.0,1.0,0.1875,1.0,0.07337952456751759,0.0,18.0,1.0,2.764925373134328,44.23880597014925,0.05037313432835821,2.764925373134328,0.9496268656716418,0.8560323383084577,0.9900497512437811,0.9900497512437811,1.3781094527363185,0.1843283582089552,7.7195787943777,960.0,60.0,0.7602611940298507,0.0669801207681794,lint,1.159959065221675,36.0,16,0.0015625,0.0,0.0,0.9768506369639766,0.8125,0.0,0.5633665999994264,20028,15.0,200,0.011261894116373038
0.0,1.0,0.0,0.012345679012345678,1.0,50.0,0.0,1.0,3.125,3.125,1.0,1.0,1.0,0.20833333333333334,1.0,0.15372969575016124,0.0,18.0,1.0,3.0982587064676617,49.57213930348259,0.007462686567164179,3.0982587064676617,0.9925373134328358,0.9925373134328358,0.8805970149253731,0.8805970149253731,1.1194029850746268,0.20655058043117744,7.999466607490929,1023.8708189536858,63.99192618460536,0.8805970149253731,0.1354955262438372,lint,1.5421437688437314,36.0,16,0.0,0.0,0.0,0.9410530126150256,0.9990671641791045,0.00033493649053890353,0.5946815000006609,20029,15.0,200,0.006778094237690663
0.0,1.0,0.000625,0.012345679012345678,0.9998177083333333,56.0,0.0,1.0,3.5,3.5,2.0,2.0,1.0,0.23333333333333334,1.0,0.4189225298120764,0.0,18.0,1.0,3.2938432835820897,52.701492537313435,0.13961442786069653,3.2938432835820897,0.8603855721393034,0.8603855721393034,1.5572139303482586,1.5572139303482586,1.691542288557214,0.219589552238806,7.931412524365036,1007.6124568610572,62.97577855381608,0.5572139303482587,0.23133379790892908,lint,0.4574418660564373,36.0,16,0.000625,0.0,0.0,0.813463856923189,0.9347014925373134,0.0010048094716167105,0.5484799999994721,20030,15.0,200,0.017503705710142092
0.0,1.0,0.000625,0.012345679012345678,0.9997395833333335,58.0,0.0,1.0,3.625,3.625,1.0,1.0,1.0,0.24166666666666667,1.0,0.297024751118764,0.0,18.0,1.0,3.3917910447761193,54.26865671641791,0.02394278606965174,3.3917910447761193,0.9760572139303483,0.9760572139303483,0.9900497512437811,1.0,1.1393034825870647,0.22611940298507463,7.997866429963715,1023.4832758147428,63.967704738421425,0.9353233830845771,0.24192895950909618,lint,1.0147619727322035,36.0,16,0.000625,0.0,0.0,0.8153700121249458,0.996268656716418,0.0013397459621556141,0.5796494000005623,20031,15.0,200,0.03959413102429276
0.0,2.0,0.001875,0.012345679012345678,0.9994166666666666,38.0,0.375,0.625,2.375,2.375,1.0,1.0,2.0,0.15833333333333333,0.0,2.0353910824122707e-05,0.375,18.0,0.625,2.3743781094527363,37.99004975124378,0.2947761194029851,2.3743781094527363,0.7052238805970149,0.7052238805970149,1.0,1.0,1.9104477611940298,0.15829187396351577,7.999466607490929,1023.8708189536858,63.99192618460536,0.26865671641791045,0.032020769561150506,lint,2.4378464641441755,36.0,16,0.001875,0.0,0.0,0.8962028505527311,0.9990671641791045,0.00033493649053890353,0.5158991000007518,20032,15.0,200,0.01661182031183856
0.0,1.0,0.0,0.012345679012345678,1.0,56.0,0.0,1.0,3.5,3.5,1.0,1.0,1.0,0.23333333333333334,1.0,0.25751903750549093,0.0,18.0,1.0,3.4008084577114426,54.41293532338308,0.020211442786069653,3.4008084577114426,0.9797885572139303,0.9797885572139303,0.9203980099502488,0.9203980099502488,1.1741293532338308,0.22672056384742953,7.931412524365036,1007.6124568610572,62.97577855381608,0.9203980099502488,0.23018906360635033,lint,0.34269012018321937,36.0,16,0.0,0.0,0.0,0.9829742498797673,0.9347014925373134,0.0010048094716167105,0.5716828999993595,20033,15.0,200,0.006207146752706539
0.0,1.0,0.0,0.012345679012345678,1.0,64.0,0.0,1.0,4.0,4.0,2.0,2.0,1.0,0.26666666666666666,1.0,0.3376133090248779,0.0,18.0,1.0,3.3824626865671643,54.11940298507463,0.2574626865671642,3.3824626865671643,0.7425373134328358,0.7425373134328358,1.4228855721393034,1.4228855721393034,1.8308457711442787,0.22549751243781097,7.996844990867263,1023.2643669745103,63.95402293590689,0.48258706467661694,0.1389557243311105,lint,0.02194428686356834,36.0,16,0.0,0.0,0.0,0.8511388286696218,0.9965796019900498,0.001402106028111438,0.5527030000012019,20034,15.0,200,0.02549008496928369
0.0,1.0,0.0,0.012345679012345678,1.0,58.0,0.0,1.0,3.625,3.625,1.0,1.0,1.0,0.24166666666666667,1.0,0.36931054510386824,0.0,18.0,1.0,3.3420398009950247,53.472636815920396,0.09981343283582089,3.3420398009950247,0.9001865671641791,0.9001865671641791,0.9751243781094527,0.9751243781094527,1.3880597014925373,0.22280265339966832,7.999466607490929,1023.8708189536858,63.99192618460536,0.7611940298507462,0.2633739566510938,lint,1.5387006408864743,36.0,16,0.0,0.0,0.0,0.8807691665333298,0.9990671641791045,0.00033493649053890353,0.5807135000013659,20035,15.0,200,0.029136468210293576
0.0,1.0,0.000625,0.012345679012345678,0.999765625,58.0,0.0,1.0,3.625,3.625,1.0,1.0,1.0,0.24166666666666667,1.0,0.24381371373859037,0.0,18.0,1.0,3.496268656716418,55.940298507462686,0.018656716417910446,3.496268656716418,0.9813432835820896,0.9813432835820896,1.0,1.0,1.0746268656716418,0.23308457711442787,7.99033644324354,1021.6605710624871,63.85378569140544,0.9601990049751243,0.210755238601138,lint,0.08124413949907883,36.0,16,0.000625,0.0,0.0,0.9592094054965064,0.9334577114427861,0.0021119025846061657,0.58168360000127,20036,15.0,200,0.02046060585119409
0.0,1.0,0.001875,0.012345679012345678,0.9991988193126713,54.0,0.0,1.0,3.375,3.375,1.0,1.0,1.0,0.225,1.0,0.3908516991507206,0.0,18.0,1.0,3.273009950248756,52.3681592039801,0.020211442786069653,3.273009950248756,0.9797885572139303,0.9797885572139303,0.8109452736318408,0.8109452736318408,1.2338308457711442,0.21820066334991708,8.0,1024.0,64.0,0.8059701492537313,0.3155773280095951,lint,2.908938666627301,36.0,16,0.0015625,0.0,0.0,0.9792274952145271,1.0,0.0,0.58140000000094,20037,15.0,200,0.012528574647888289
0.0,1.0,0.001875,0.012345679012345678,0.9993224932249322,50.0,0.0,1.0,3.125,3.125,1.0,1.0,1.0,0.20833333333333334,1.0,0.1325747638800535,0.0,18.0,1.0,3.0814676616915424,49.30348258706468,0.006218905472636816,3.0814676616915424,0.9937810945273632,0.9937810945273632,0.9900497512437811,0.9900497512437811,1.0398009950248757,0.20543117744610284,8.0,1024.0,64.0,0.9651741293532339,0.12499612535692574,lint,0.6460168638123486,36.0,16,0.001875,0.0,0.0,0.9739138258738361,1.0,0.0,0.5080123999996431,20038,15.0,200,0.009445500088105302
0.0,1.0,0.000625,0.012345679012345678,0.9997894293535482,38.0,0.0,1.0,2.375,2.375,1.0,1.0,1.0,0.15833333333333333,1.0,0.16079557423488622,0.0,18.0,1.0,2.28544776119403,36.56716417910448,0.023009950248756218,2.28544776119403,0.9769900497512438,0.9769900497512438,0.8308457711442786,0.8308457711442786,1.208955223880597,0.15236318407960198,8.0,1024.0,64.0,0.8308457711442786,0.1203048764252324,lint,3.038700211861645,36.0,16,0.000625,0.0,0.0,0.9274328073228825,1.0,0.0,0.5063033999995241,20039,15.0,200,0.010627752545445466
0.0,1.0,0.001875,0.012345679012345678,0.9985455720749838,50.0,0.0,1.0,3.125,3.125,1.0,1.0,1.0,0.20833333333333334,1.0,0.2107765852610896,0.0,18.0,1.0,2.89521144278607,46.32338308457712,0.08053482587064677,2.89521144278607,0.9194651741293532,0.9194651741293532,0.5074626865671642,0.5074626865671642,1.8656716417910448,0.19301409618573798,7.993979498963658,1022.4859318818949,63.90537074261843,0.5024875621890548,0.10685156992688913,lint,1.01651858432253,36.0,16,0.0015625,0.0,0.0,0.9134916674594612,0.9356343283582089,0.0009823729810778071,0.5864732999998523,20040,15.0,200,0.03634341387996346
0.0,1.0,0.00125,0.012345679012345678,0.9994270833333333,44.0,0.0,1.0,2.75,2.75,1.0,1.0,1.0,0.18333333333333332,1.0,0.2075214838515618,0.0,18.0,1.0,2.6414800995024876,42.2636815920398,0.08644278606965174,2.6414800995024876,0.9135572139303483,0.9135572139303483,0.9950248756218906,1.0,1.3482587064676617,0.17609867330016582,7.993979498963658,1022.4859318818949,63.90537074261843,0.8208955223880597,0.16968053917832449,lint,0.7784060575220904,36.0,16,0.00125,0.0,0.0,0.872934432413475,0.9356343283582089,0.0009823729810778071,0.6560138999993796,20041,15.0,200,0.025312377238695793
0.0,1.0,0.0,0.012345679012345678,1.0,51.0,0.0,0.9375,3.1875,3.1875,0.0,1.0,2.0,0.2125,0.0625,0.33810793479415047,0.0,18.0,1.0,3.1106965174129355,49.77114427860697,0.026741293532338308,3.1106965174129355,0.9732587064676617,0.9070273631840796,0.0,0.9701492537313433,2.18407960199005,0.207379767827529,7.8916328226203065,997.7576037046099,62.35985023153812,0.05783582089552239,0.29115246318559335,lint,0.6551772857296945,36.0,16,0.0,0.0,0.0,0.9435499510687738,0.8115671641791045,0.0008036864905389035,0.6372905999996874,20042,15.0,200,0.017264710747611392
0.0,2.0,0.0003125,0.012345679012345678,0.9999156545209177,61.0,0.0625,0.9375,3.8125,3.8125,0.0,0.0,2.0,0.25416666666666665,0.0,1.0844790631068807e-05,0.0625,18.0,0.9375,3.482587064676617,55.72139303482587,0.22170398009950248,3.482587064676617,0.7782960199004975,0.7782960199004975,0.0,0.0,2.771144278606965,0.23217247097844113,7.706272181901083,954.31148763944,59.644467977465,0.0,1.1512493923480989e-05,lint,0.3943240824031282,36.0,16,0.0003125,0.0,0.0,0.8490284941260665,0.7437810945273632,0.0032414321881345243,0.6425149000006058,20043,15.0,200,0.02339554060479551
0.0,1.0,0.0,0.012345679012345678,1.0,52.0,0.0,1.0,3.25,3.25,1.0,1.0,1.0,0.21666666666666667,1.0,0.2975661426256162,0.0,18.0,1.0,2.9776119402985075,47.64179104477612,0.12531094527363185,2.9776119402985075,0.8746890547263682,0.8746890547263682,1.0,1.0,1.681592039800995,0.19850746268656716,8.0,1024.0,64.0,0.6069651741293532,0.1801607983466044,lint,0.402514794913711,36.0,16,0.0,0.0,0.0,0.920098098936379,1.0,0.0,0.5903985000004468,20044,15.0,200,0.018626151805402173
0.0,1.0,0.000625,0.012345679012345678,0.9998177083333334,54.0,0.0,1.0,3.375,3.375,2.0,2.0,1.0,0.225,1.0,0.3019290274317937,0.0,18.0,1.0,3.1529850746268657,50.44776119402985,0.08208955223880597,3.1529850746268657,0.917910447761194,0.917910447761194,1.472636815920398,1.472636815920398,1.164179104477612,0.21019900497512436,8.0,1024.0,64.0,0.835820895522388,0.17723408645433358,lint,1.9918806663355406,36.0,16,0.000625,0.0,0.0,0.9879782748661444,1.0,0.0,0.6385095000005094,20045,15.0,200,0.005633339756516002
0.0,1.0,0.00125,0.012345679012345678,0.9996757661332497,50.0,0.0,1.0,3.125,3.125,2.0,2.0,1.0,0.20833333333333334,1.0,0.07100036982721036,0.0,18.0,1.0,3.004353233830846,48.069651741293534,0.15858208955223882,3.004353233830846,0.8414179104477612,0.8414179104477612,1.5621890547263682,1.5621890547263682,1.5621890547263682,0.20029021558872304,7.98716000606627,1020.8057359377339,63.800358496108366,0.6218905472636815,0.044155477419965235,lint,1.0957815066688448,36.0,16,0.00125,0.0,0.0,0.9738078744181998,0.8725124378109452,0.0016921695375725345,0.603011900000638,20046,15.0,200,0.017178076634140366
0.0,1.0,0.000625,0.012345679012345678,0.999685336689742,38.0,0.0,1.0,2.375,2.375,1.0,1.0,1.0,0.15833333333333333,1.0,0.0874651128381006,0.0,18.0,1.0,2.343905472636816,37.50248756218905,0.018656716417910446,2.343905472636816,0.9813432835820896,0.9813432835820896,0.8905472636815921,0.8905472636815921,1.1691542288557213,0.1562603648424544,8.0,1024.0,64.0,0.8905472636815921,0.07810189495846734,lint,2.6149718596573646,36.0,16,0.0003125,0.0,0.0,0.9505132676555367,1.0,0.0,0.5179204000014579,20047,15.0,200,0.012550210381614125
0.0,1.0,0.0,0.012345679012345678,1.0,58.0,0.0,1.0,3.625,3.625,2.0,2.0,1.0,0.24166666666666667,1.0,0.5563463182285929,0.0,18.0,1.0,3.462686567164179,55.40298507462686,0.05037313432835821,3.462686567164179,0.9496268656716418,0.9496268656716418,1.7761194029850746,1.7761194029850746,1.2338308457711442,0.2308457711442786,7.999466607490929,1023.8708189536858,63.99192618460536,0.900497512437811,0.4678475501890203,lint,0.716362024730945,36.0,16,0.0,0.0,0.0,0.9434536866543546,0.9990671641791045,0.00033493649053890353,0.5617853000003379,20048,15.0,200,0.023803266364613843
0.0,1.0,0.0015625,0.012345679012345678,0.9992096111286753,48.0,0.0,1.0,3.0,3.0,1.0,1.0,1.0,0.2,1.0,0.18935701348195852,0.0,18.0,1.0,2.9272388059701493,46.83582089552239,0.04291044776119403,2.9272388059701493,0.957089552238806,0.957089552238806,0.9104477611940298,0.9104477611940298,1.36318407960199,0.1951492537313433,8.0,1024.0,64.0,0.8557213930348259,0.1620499299873162,lint,0.16607388968915077,36.0,16,0.00125,0.0,0.0,0.9499580014251318,1.0,0.0,0.48716050000075484,20049,15.0,200,0.01893523286488357
0.0,1.0,0.00375,0.012345679012345678,0.9983932461873637,30.0,0.0,0.625,1.875,1.875,0.0,1.0,6.0,0.125,0.0,0.10101349391411413,0.0,18.0,1.0,1.8196517412935322,29.114427860696516,0.09670398009950248,1.8196517412935322,0.9032960199004975,0.5634328358208955,0.0,0.3383084577114428,6.0497512437810945,0.12131011608623549,6.19494478761917,628.1513111708194,39.259456948176215,0.0,0.04457248148450921,stardisplay,2.4812295154348547,36.0,16,0.00375,0.0,0.0,0.9162633938135053,0.04446517412935323,0.038946141212285686,0.5186732999991364,20000,15.0,200,0.014978268164095927
0.0,1.0,0.005,0.012345679012345678,0.9977322489834219,32.0,0.0,0.375,2.0,2.0,0.0,1.0,6.0,0.13333333333333333,0.0,0.04886789952169243,0.0,18.0,1.0,1.900186567164179,30.402985074626866,0.1654228855721393,1.900186567164179,0.8345771144278606,0.3694029850746269,0.0,0.9900497512437811,5.965174129353234,0.12667910447761196,6.177245441619173,621.6445293668714,38.852783085429465,0.0,0.037982712531542076,stardisplay,0.7176342221850609,36.0,16,0.005,0.0,0.0,0.9083537906863366,0.005597014925373134,0.04634255282791014,0.5088503999995737,20001,15.0,200,0.023433698421486314
0.0,1.0,0.00625,0.012345679012345678,0.9970303219756174,28.0,0.0,0.3125,1.75,1.75,0.0,1.0,6.0,0.11666666666666667,0.0,0.15702087407441512,0.0,18.0,1.0,1.6470771144278606,26.35323383084577,0.17630597014925373,1.6470771144278606,0.8236940298507462,0.3933457711442786,0.01990049751243781,0.9950248756218906,6.223880597014926,0.10980514096185738,6.40977094695472,662.2387250277025,41.389920314231404,0.0,0.03223947379184013,stardisplay,2.499943761388224,36.0,16,0.0059375,0.0,0.0,0.7558109952391255,0.0046641791044776115,0.031037452436938607,0.5133012000005692,20002,15.0,200,0.033962366307433656
0.0,1.0,0.00625,0.012345679012345678,0.9971273373028308,33.0,0.0,0.9375,2.0625,2.0625,0.0,1.0,2.0,0.1375,0.0625,0.13479213961894598,0.0,18.0,1.0,1.9682835820895523,31.492537313432837,0.08146766169154229,1.9682835820895523,0.9185323383084577,0.8271144278606966,0.05970149253731343,0.9552238805970149,2.5671641791044775,0.13121890547263682,6.12216656049219,607.4554812891373,37.96596758057108,0.04446517412935323,0.09861888903819552,stardisplay,1.2188851760989892,36.0,16,0.0059375,0.0,0.0,0.7800860746433453,0.005286069651741294,0.05357725989356034,0.5159426000009262,20003,15.0,200,0.022895282460217863
0.0,1.0,0.004375,0.012345679012345678,0.998752688172043,40.0,0.0,0.5,2.5,2.5,0.0,1.0,6.0,0.16666666666666666,0.0,0.11805221002317215,0.0,18.0,1.0,2.433768656716418,38.940298507462686,0.10012437810945274,2.433768656716418,0.8998756218905473,0.48258706467661694,0.0,0.7313432835820896,6.17910447761194,0.1622512437810945,5.163903142398105,453.7876487852375,28.361728049077342,0.0,0.08570348176738386,stardisplay,1.0788719612403586,36.0,16,0.004375,0.0,0.0,0.9294544079463247,0.025808457711442787,0.03573892047539445,0.5376908999987791,20004,15.0,200,0.01635297618725254
0.0,1.0,0.0046875,0.012345679012345678,0.9981261091972021,40.0,0.0,0.9375,2.5,2.5,0.0,1.0,2.0,0.16666666666666666,0.0625,0.1514952505924438,0.0,18.0,1.0,2.433457711442786,38.93532338308458,0.05441542288557214,2.433457711442786,0.9455845771144279,0.8302238805970149,0.0,1.2985074626865671,2.5223880597014925,0.16223051409618575,5.458667604144432,484.96342498278267,30.310214061423917,0.05192786069651741,0.1530384390349309,stardisplay,0.6882874864786103,36.0,16,0.0046875,0.0,0.0,0.8993077208801337,0.0046641791044776115,0.0374640652773246,0.5611819999994623,20005,15.0,200,0.029429050939524512
0.0,1.0,0.0046875,0.012345679012345678,0.9984583333333333,38.0,0.0,0.9375,2.375,2.375,0.0,1.0,2.0,0.15833333333333333,0.0625,0.2637223219150534,0.0,18.0,1.0,2.171641791044776,34.74626865671642,0.12748756218905472,2.171641791044776,0.8725124378109452,0.7568407960199005,0.009950248756218905,1.0,3.0696517412935322,0.14477611940298507,5.811898410798048,555.4928160623076,34.718301003894226,0.03016169154228856,0.0698129685800185,stardisplay,2.325855101908343,36.0,16,0.004375,0.0,0.0,0.9937065680831243,0.00404228855721393,0.04470727837124925,0.524422799999229,20006,15.0,200,0.011762413161666579
0.0,1.0,0.003125,0.012345679012345678,0.9984912167259403,31.0,0.0,0.875,1.9375,1.9375,0.0,1.0,3.0,0.12916666666666668,0.0,0.17227539706645534,0.0,18.0,1.0,1.7789179104477613,28.46268656716418,0.16573383084577115,1.7789179104477613,0.8342661691542289,0.6943407960199005,0.0,0.5472636815920398,4.044776119402985,0.11859452736318409,6.388526910507051,658.8072284903498,41.17545178064686,0.0,0.09484096389614695,stardisplay,2.1043876433562216,36.0,16,0.003125,0.0,0.0,0.7736149087458439,0.03451492537313433,0.050831811742836824,0.4966595000005327,20007,15.0,200,0.027118740711473723
0.0,4.0,0.0053125,0.012345679012345678,0.9977033093224763,23.0,0.625,0.3125,1.4375,1.4375,0.0,1.0,7.0,0.09583333333333334,0.0,0.0,0.625,18.0,0.375,1.4928482587064678,23.885572139303484,0.5833333333333334,1.4928482587064678,0.4166666666666667,0.333955223880597,0.0,0.9651741293532339,6.562189054726368,0.09952321724709784,6.537268492018994,687.6059350450979,42.97537094031862,0.0,1.6686185377210714e-07,stardisplay,3.119450796380455,36.0,16,0.0053125,0.0,0.0,0.8755829823961184,0.0065298507462686565,0.03525042628499226,0.4894475999990391,20008,15.0,200,0.022098114475579377
0.0,1.0,0.005,0.012345679012345678,0.9984634681718407,43.0,0.0,0.9375,2.6875,2.6875,0.0,1.0,2.0,0.17916666666666667,0.0625,0.11166081468656902,0.0,18.0,1.0,2.3753109452736316,38.004975124378106,0.2142412935323383,2.3753109452736316,0.7857587064676617,0.6968283582089553,0.0,0.945273631840796,3.2487562189054726,0.15835406301824212,5.4282969815073185,484.5588116928,30.2849257308,0.024564676616915422,0.04389773459345872,stardisplay,1.829017574320574,36.0,16,0.005,0.0,0.0,0.9081818899795274,0.007151741293532339,0.04419554486965811,0.5451959000001807,20009,15.0,200,0.03967871224406477
0.0,1.0,0.0046875,0.012345679012345678,0.9981191222570532,33.0,0.0,0.75,2.0625,2.0625,0.0,1.0,4.0,0.1375,0.0,0.07693559510832575,0.0,18.0,1.0,1.9713930348258706,31.54228855721393,0.09203980099502487,1.9713930348258706,0.9079601990049752,0.7058457711442786,0.0,0.9502487562189055,3.955223880597015,0.13142620232172472,5.947585573271229,574.654532438736,35.915908277421,0.004353233830845771,0.04164091842990751,stardisplay,0.9586078952784108,36.0,16,0.0046875,0.0,0.0,0.9262074060498816,0.0046641791044776115,0.045597576293738465,0.5344726999992417,20010,15.0,200,0.030366468438616925
0.0,1.0,0.005,0.012345679012345678,0.9980729166666668,33.0,0.0,0.5,2.0625,2.0625,0.0,1.0,4.0,0.1375,0.0,0.12354351100969263,0.0,18.0,1.0,1.9832089552238805,31.73134328358209,0.07898009950248756,1.9832089552238805,0.9210199004975125,0.4116915422885572,0.08955223880597014,1.0,4.4278606965174125,0.1322139303482587,6.321891782402038,644.3274399954713,40.27046499971696,0.0,0.09744669437398076,stardisplay,1.7928516567870276,36.0,16,0.005,0.0,0.0,0.8615067663106841,0.004353233830845771,0.050486372613283946,0.506978600000366,20011,15.0,200,0.0152171751023753
0.0,1.0,0.0065625,0.012345679012345678,0.997710534742235,34.0,0.0,0.875,2.125,2.125,0.0,1.0,3.0,0.14166666666666666,0.0,0.10311186109899625,0.0,18.0,1.0,1.976679104477612,31.62686567164179,0.1607587064676617,1.976679104477612,0.8392412935323383,0.5556592039800995,0.0,0.7213930348258707,5.074626865671642,0.13177860696517413,5.932280809649176,574.5284082755763,35.90802551722352,0.0,0.043466506700019114,stardisplay,0.7635186805074293,36.0,16,0.0065625,0.0,0.0,0.900295967910162,0.02643034825870647,0.04130400905493691,0.5335240999993403,20012,15.0,200,0.018369841941472165
0.0,1.0,0.008125,0.012345679012345678,0.9966373350094281,27.0,0.0,0.25,1.6875,1.6875,0.0,1.0,7.0,0.1125,0.0,0.03418128612045512,0.0,18.0,1.0,1.681281094527363,26.90049751243781,0.06623134328358209,1.681281094527363,0.933768656716418,0.27052238805970147,0.0,0.9104477611940298,6.865671641791045,0.11208540630182422,6.25640453408945,633.9574678394204,39.62234173996377,0.0,0.03306088823209399,stardisplay,2.3173123712854506,36.0,16,0.008125,0.0,0.0,0.8589888440499808,0.009328358208955223,0.040863380835456396,0.47377289999894856,20013,15.0,200,0.017558481725769653
0.0,1.0,0.005625,0.012345679012345678,0.9974408189379399,33.0,0.0,1.0,2.0625,2.0625,1.0,1.0,1.0,0.1375,1.0,0.11900705391151986,0.0,18.0,1.0,1.793221393034826,28.691542288557216,0.14614427860696516,1.793221393034826,0.8538557213930348,0.7487562189054726,0.48756218905472637,0.7263681592039801,3.2487562189054726,0.1195480928689884,6.181184021397199,617.3928053741919,38.58705033588699,0.4835199004975124,0.05674217569462194,stardisplay,1.069861171602827,36.0,16,0.0053125,0.0,0.0,0.9715484197978029,0.024253731343283583,0.05158038455124299,0.47513249999974505,20014,15.0,200,0.02492189693333932
0.0,2.0,0.0046875,0.012345679012345678,0.9984734812962385,39.0,0.375,0.5625,2.4375,2.4375,0.0,1.0,4.0,0.1625,0.0,1.1292982265909737e-06,0.375,18.0,0.625,2.3933457711442787,38.29353233830846,0.31654228855721395,2.3933457711442787,0.6834577114427861,0.4689054726368159,0.0,0.9950248756218906,4.606965174129353,0.15955638474295192,5.237683109768606,455.8496855682291,28.49060534801432,0.0,0.009345113820253674,stardisplay,0.2752829029723815,36.0,16,0.0046875,0.0,0.0,0.8091253073501125,0.003109452736318408,0.03076789044741189,0.4864285000003292,20015,15.0,200,0.029884070177483218
0.0,1.0,0.003125,0.012345679012345678,0.9990643831271805,32.0,0.0,0.6875,2.0,2.0,0.0,1.0,4.0,0.13333333333333333,0.0,0.07689828719071987,0.0,18.0,1.0,1.9098258706467661,30.557213930348258,0.1896766169154229,1.9098258706467661,0.8103233830845771,0.5021766169154229,0.0,0.8756218905472637,4.955223880597015,0.1273217247097844,6.165730397571618,618.4320596806488,38.65200373004055,0.0,0.0457886676587351,stardisplay,2.748695497446935,36.0,16,0.003125,0.0,0.0,0.9265552555574053,0.018345771144278607,0.034680637761954,0.47695159999966563,20016,15.0,200,0.029396253779531784
0.0,1.0,0.0053125,0.012345679012345678,0.997671376242805,31.0,0.0,0.6875,1.9375,1.9375,0.0,1.0,5.0,0.12916666666666668,0.0,0.24996945650566518,0.0,18.0,1.0,1.668221393034826,26.691542288557216,0.1884328358208955,1.668221393034826,0.8115671641791045,0.5021766169154229,0.0,0.945273631840796,6.1940298507462686,0.11121475953565506,6.419084773106239,664.5353940742202,41.533462129638764,0.0,0.0838150249163062,stardisplay,2.3431195256258954,36.0,16,0.005,0.0,0.0,0.8331947583804797,0.008706467661691543,0.0431115012433716,0.4969837999997253,20017,15.0,200,0.0497505762648234
0.0,2.0,0.00625,0.012345679012345678,0.9978366656088015,29.0,0.375,0.375,1.8125,1.8125,0.0,1.0,4.0,0.12083333333333333,0.0,5.842222776207442e-05,0.375,18.0,0.625,1.7689676616915422,28.303482587064675,0.35385572139303484,1.7689676616915422,0.6461442786069652,0.38152985074626866,0.0,0.7711442786069652,4.582089552238806,0.11793117744610282,6.079286177535852,599.8910555056837,37.49319096910523,0.0,0.0012532183092012017,stardisplay,1.5343103138582503,36.0,16,0.00625,0.0,0.0,0.2212648142853604,0.01896766169154229,0.036657390214471015,0.4856266000006144,20018,15.0,200,0.0216969501359151
0.0,1.0,0.0034375,0.012345679012345678,0.9987082146999896,37.0,0.0,0.4375,2.3125,2.3125,1.0,2.0,3.0,0.15416666666666667,0.3125,0.27678012979397776,0.0,18.0,1.0,2.1595149253731343,34.55223880597015,0.09701492537313433,2.1595149253731343,0.9029850746268657,0.3976990049751244,0.5970149253731343,1.4527363184079602,4.338308457711443,0.1439676616915423,5.9299529719448305,575.6343807066183,35.97714879416365,0.1865671641791045,0.18863503945287785,stardisplay,2.130206656093064,36.0,16,0.0034375,0.0,0.0,0.9388584707273239,0.014303482587064677,0.05640226159374006,0.5224217000013596,20019,15.0,200,0.01460425751150702
0.0,1.0,0.0040625,0.012345679012345678,0.9985200731891077,31.0,0.0,0.5625,1.9375,1.9375,0.0,1.0,5.0,0.12916666666666668,0.0,0.06097819582454979,0.0,18.0,1.0,1.8367537313432836,29.388059701492537,0.4148009950248756,1.8367537313432836,0.5851990049751243,0.38743781094527363,0.0,0.6616915422885572,5.736318407960199,0.1224502487562189,6.069156370421391,601.4700919128886,37.59188074455554,0.0009328358208955224,0.00879784915343314,stardisplay,2.080669739529604,36.0,16,0.0040625,0.0,0.0,0.9399315345130318,0.03140547263681592,0.03722401955097741,0.515159800001129,20020,15.0,200,0.041543355947481146
0.0,1.0,0.0040625,0.012345679012345678,0.9983645833333332,31.0,0.0,0.5625,1.9375,1.9375,0.0,1.0,7.0,0.12916666666666668,0.0,0.06507901320242523,0.0,18.0,1.0,1.9088930348258706,30.54228855721393,0.03700248756218905,1.9088930348258706,0.962997512437811,0.5310945273631841,0.024875621890547265,1.0,6.9502487562189055,0.12725953565505804,6.034957980431351,595.3662305572228,37.210389409826426,0.0,0.05747446332522428,stardisplay,1.3250342646664928,36.0,16,0.0034375,0.0,0.0,0.9219213473319491,0.004975124378109453,0.05266101817537433,0.4843293000012636,20021,15.0,200,0.0190703157594662
0.0,2.0,0.0096875,0.012345679012345678,0.9959716134418701,34.0,0.3125,0.5625,2.125,2.125,0.0,1.0,4.0,0.14166666666666666,0.0,5.215183086929403e-05,0.3125,18.0,0.6875,1.9729477611940298,31.567164179104477,0.3308457711442786,1.9729477611940298,0.6691542288557214,0.48009950248756217,0.029850746268656716,0.9701492537313433,4.009950248756219,0.13152985074626866,6.014674058727189,585.4753701160689,36.59221063225431,0.012437810945273632,0.007297288386941928,stardisplay,0.619560265242839,36.0,16,0.009375,0.0,0.0,0.8935318804314271,0.0065298507462686565,0.04473255872493463,0.4660796999996819,20022,15.0,200,0.07768456867054707
0.0,1.0,0.0021875,0.012345679012345678,0.9991924559758257,40.0,0.0,0.9375,2.5,2.5,0.0,1.0,2.0,0.16666666666666666,0.0625,0.16779019551813482,0.0,18.0,1.0,2.3233830845771144,37.17412935323383,0.053793532338308456,2.3233830845771144,0.9462064676616916,0.8274253731343284,0.0,0.9950248756218906,2.527363184079602,0.1548922056384743,5.544782279608125,502.34826784216494,31.39676674013531,0.053793532338308456,0.13178328409645712,stardisplay,0.8189286163701148,36.0,16,0.0021875,0.0,0.0,0.9032963020970461,0.004975124378109453,0.048737676258756885,0.4840990000011516,20023,15.0,200,0.04137293348675484
0.0,2.0,0.0059375,0.012345679012345678,0.997549019607843,32.0,0.125,0.4375,2.0,2.0,0.0,1.0,4.0,0.13333333333333333,0.0,0.0006537542984934669,0.125,18.0,0.875,1.9838308457711442,31.741293532338307,0.19869402985074627,1.9838308457711442,0.8013059701492538,0.42630597014925375,0.004975124378109453,0.6417910447761194,4.288557213930348,0.13225538971807627,5.757208934457891,541.0374208705615,33.814838804410094,0.0,0.00030372306993978405,stardisplay,0.7480664690526226,36.0,16,0.0059375,0.0,0.0,0.7705476486583032,0.024564676616915422,0.033367799605902,0.44711780000034196,20024,15.0,200,0.024947324823526636
0.0,1.0,0.00375,0.012345679012345678,0.9987239583333334,33.0,0.0,0.875,2.0625,2.0625,0.0,1.0,3.0,0.1375,0.0,0.06743753188051717,0.0,18.0,1.0,2.0621890547263684,32.995024875621894,0.03544776119402985,2.0621890547263684,0.9645522388059702,0.8324004975124378,0.03482587064676617,1.0,2.9502487562189055,0.13747927031509122,5.914314445172208,569.2955581915929,35.58097238697456,0.011504975124378109,0.0625634625867262,stardisplay,1.9048948077589591,36.0,16,0.00375,0.0,0.0,0.8907663505137537,0.004975124378109453,0.04062643534321278,0.4742022000009456,20025,15.0,200,0.021710848342972253
0.0,1.0,0.0053125,0.012345679012345678,0.9979166666666666,34.0,0.0,1.0,2.125,2.125,1.0,1.0,1.0,0.14166666666666666,1.0,0.11955045873925421,0.0,18.0,1.0,1.9480721393034826,31.16915422885572,0.0861318407960199,1.9480721393034826,0.9138681592039801,0.7705223880597015,0.30845771144278605,1.0,2.4676616915422884,0.12987147595356552,5.933740602237548,570.7370934563726,35.671068341023286,0.298818407960199,0.07590129104188356,stardisplay,0.6932669848044606,36.0,16,0.005,0.0,0.0,0.8416497652169765,0.004975124378109453,0.035502702973858616,0.5029612999987876,20026,15.0,200,0.02985055881204826
0.0,2.0,0.0065625,0.012345679012345678,0.9972193366755491,32.0,0.25,0.75,2.0,2.0,1.0,1.0,2.0,0.13333333333333333,0.0,2.618033051488288e-06,0.25,18.0,0.75,1.9427860696517414,31.084577114427862,0.2677238805970149,1.9427860696517414,0.7322761194029851,0.6237562189054726,0.845771144278607,0.8955223880597015,2.925373134328358,0.12951907131011609,6.2265744836417865,625.20136152528,39.07508509533,0.0,7.141462928620215e-06,stardisplay,1.0014213330458848,36.0,16,0.0065625,0.0,0.0,0.9216132387945951,0.014614427860696517,0.05428270276553003,0.5279967000005854,20027,15.0,200,0.023680767473671642
0.0,1.0,0.0053125,0.012345679012345678,0.9982154038822794,33.0,0.0,0.75,2.0625,2.0625,0.0,1.0,4.0,0.1375,0.0,0.06779062036226884,0.0,18.0,1.0,2.0055970149253732,32.08955223880597,0.1044776119402985,2.0055970149253732,0.8955223880597015,0.6023009950248757,0.0,0.9900497512437811,4.72636815920398,0.13370646766169153,6.000281712437539,593.2430597350304,37.0776912334394,0.0,0.04876977267650548,stardisplay,1.1577788049333684,36.0,16,0.0053125,0.0,0.0,0.9349375967609082,0.0046641791044776115,0.037679054915523424,0.49765429999933986,20028,15.0,200,0.01746202306477352
0.0,2.0,0.004375,0.012345679012345678,0.9984576644633302,29.0,0.1875,0.5625,1.8125,1.8125,0.0,1.0,5.0,0.12083333333333333,0.0,0.0002183404861550693,0.1875,18.0,0.8125,1.8180970149253732,29.08955223880597,0.2042910447761194,1.8180970149253732,0.7957089552238806,0.5690298507462687,0.0,0.8855721393034826,4.945273631840796,0.12120646766169155,6.218322513289895,626.4808402299261,39.15505251437038,0.0,0.00021235826253174258,stardisplay,1.4885157430782372,36.0,16,0.004375,0.0,0.0,0.6754212302988585,0.011504975124378109,0.03324107658783116,0.48911730000145326,20029,15.0,200,0.01437658185272134
0.0,1.0,0.0053125,0.012345679012345678,0.9981145833333334,35.0,0.0,0.625,2.1875,2.1875,0.0,1.0,3.0,0.14583333333333334,0.0625,0.06673331567941118,0.0,18.0,1.0,2.0621890547263684,32.995024875621894,0.19247512437810946,2.0621890547263684,0.8075248756218906,0.5205223880597015,0.14427860696517414,1.0,3.990049751243781,0.13747927031509122,5.70318144334592,529.4407972277121,33.090049826732006,0.029539800995024876,0.031543052004619446,stardisplay,0.4574418660564373,36.0,16,0.005,0.0,0.0,0.8465395116370671,0.0037313432835820895,0.037389016600588,0.5518097999993188,20030,15.0,200,0.031080654516834963
0.0,2.0,0.00375,0.012345679012345678,0.998360484544695,38.0,0.125,0.625,2.375,2.375,0.0,1.0,4.0,0.15833333333333333,0.0,4.483512924918527e-05,0.125,18.0,0.875,2.2608830845771144,36.17412935323383,0.15547263681592038,2.2608830845771144,0.8445273631840796,0.6094527363184079,0.0,0.9601990049751243,4.124378109452737,0.15072553897180763,5.423823199537021,492.74609870786475,30.796631169241547,0.0,0.0057082888950563005,stardisplay,1.0147619727322035,36.0,16,0.00375,0.0,0.0,0.8471121767413479,0.0037313432835820895,0.03713370950290856,0.5306819000015821,20031,15.0,200,0.07613726632552852
0.0,1.0,0.003125,0.012345679012345678,0.9985416666666667,34.0,0.0,0.9375,2.125,2.125,0.0,2.0,2.0,0.14166666666666666,0.0625,0.02596659348024611,0.0,18.0,1.0,1.9194651741293531,30.71144278606965,0.25652985074626866,1.9194651741293531,0.7434701492537313,0.6694651741293532,0.04477611940298507,1.318407960199005,3.616915422885572,0.12796434494195688,5.950152267592599,574.5657742432516,35.91036089020322,0.03016169154228856,0.01324916822210385,stardisplay,2.449357422914469,36.0,16,0.003125,0.0,0.0,0.5586570862436344,0.0046641791044776115,0.043021025427803554,0.5140676999999414,20032,15.0,200,0.029406156446731304
0.0,2.0,0.0040625,0.012345679012345678,0.9986851793415377,34.0,0.1875,0.625,2.125,2.125,0.0,1.0,5.0,0.14166666666666666,0.0,0.0016236498303292095,0.1875,18.0,0.8125,2.0618781094527363,32.99004975124378,0.28016169154228854,2.0618781094527363,0.7198383084577115,0.5164800995024875,0.0,0.9154228855721394,5.527363184079602,0.13745854063018242,5.907111525895707,574.8188730561491,35.92617956600932,0.0,0.0009000643777989632,stardisplay,0.34269012018321937,36.0,16,0.0040625,0.0,0.0,0.9797910488653244,0.012126865671641791,0.046134505350127794,0.527797400000054,20033,15.0,200,0.008848254327497706
0.0,2.0,0.0053125,0.012345679012345678,0.9975943938918523,38.0,0.375,0.375,2.375,2.375,1.0,1.0,4.0,0.15833333333333333,0.0,6.137804808849126e-07,0.375,18.0,0.625,2.251554726368159,36.024875621890544,0.3681592039800995,2.251554726368159,0.6318407960199005,0.34794776119402987,0.18407960199004975,0.9353233830845771,4.432835820895522,0.15010364842454396,5.637867241550967,523.665464276443,32.72909151727769,0.0,0.025636401381497014,stardisplay,0.02194428686356834,36.0,16,0.005,0.0,0.0,0.7760438542179867,0.007462686567164179,0.04607335863243752,0.5507188000010501,20034,15.0,200,0.04664789595491669
0.0,1.0,0.008125,0.012345679012345678,0.9965821331663536,36.0,0.0,0.75,2.25,2.25,0.0,1.0,5.0,0.15,0.0,0.11314683278132565,0.0,18.0,1.0,2.105721393034826,33.691542288557216,0.10074626865671642,2.105721393034826,0.8992537313432836,0.5730721393034826,0.0,0.9701492537313433,5.567164179104478,0.14038142620232175,5.859359917135312,560.3315487884381,35.02072179927738,0.0,0.08487743534277734,stardisplay,1.2702755226047617,36.0,16,0.008125,0.0,0.0,0.8352144752356799,0.005907960199004975,0.04079759736592774,0.5397701999991114,20035,15.0,200,0.05465246373194186
0.0,1.0,0.0040625,0.012345679012345678,0.9980208333333335,38.0,0.0,0.8125,2.375,2.375,0.0,1.0,3.0,0.15833333333333333,0.0,0.16348523212703353,0.0,18.0,1.0,2.2409825870646767,35.85572139303483,0.08737562189054726,2.2409825870646767,0.9126243781094527,0.7478233830845771,0.029850746268656716,1.0,3.154228855721393,0.1493988391376451,5.575755265183522,512.0438672855254,32.002741705345336,0.004975124378109453,0.11745815075388413,stardisplay,0.08124413949907883,36.0,16,0.0034375,0.0,0.0,0.9478531917998979,0.0037313432835820895,0.03590915215036136,0.5293259999998554,20036,15.0,200,0.03470855747234712
0.0,1.0,0.004375,0.012345679012345678,0.9982598978288634,29.0,0.0,0.75,1.8125,1.8125,0.0,1.0,5.0,0.12083333333333333,0.0,0.11752962238836606,0.0,18.0,1.0,1.7960199004975124,28.736318407960198,0.03233830845771144,1.7960199004975124,0.9676616915422885,0.7425373134328358,0.0,0.681592039800995,4.990049751243781,0.11973466003316749,5.97892159168173,584.8566420241399,36.55354012650874,0.0,0.08093777767404706,stardisplay,2.908938666627301,36.0,16,0.004375,0.0,0.0,0.9669590746531526,0.006840796019900498,0.03168112303885357,0.49934469999971043,20037,15.0,200,0.01585105688928252
0.0,1.0,0.006875,0.012345679012345678,0.9970023980815349,33.0,0.0,0.875,2.0625,2.0625,1.0,1.0,2.0,0.1375,0.125,0.14800743062207727,0.0,18.0,1.0,2.004042288557214,32.06467661691542,0.04757462686567164,2.004042288557214,0.9524253731343284,0.7633706467661692,0.7910447761194029,0.9850746268656716,2.7213930348258706,0.1336028192371476,6.081210863126519,595.8114143311082,37.23821339569426,0.09888059701492537,0.13489695769096607,stardisplay,0.6460168638123486,36.0,16,0.0065625,0.0,0.0,0.9560127525191273,0.005286069651741294,0.057519108969280947,0.5540810999991663,20038,15.0,200,0.01789193604348892
0.0,1.0,0.0034375,0.012345679012345678,0.9986045286993155,28.0,0.0,0.5625,1.75,1.75,0.0,1.0,4.0,0.11666666666666667,0.0,0.08165060968526261,0.0,18.0,1.0,1.7058457711442787,27.29353233830846,0.0708955223880597,1.7058457711442787,0.9291044776119403,0.5541044776119403,0.0,0.8258706467661692,4.059701492537314,0.11372305140961858,6.272472739205787,634.2898569594249,39.64311605996406,0.0,0.06065648789548667,stardisplay,3.0194249304537113,36.0,16,0.0034375,0.0,0.0,0.8603769180563297,0.014925373134328358,0.042606581799728704,0.5331317000000126,20039,15.0,200,0.01412983230958944
0.0,1.0,0.0059375,0.012345679012345678,0.9964247311827956,33.0,0.0,0.6875,2.0625,2.0625,0.0,1.0,5.0,0.1375,0.0,0.14919213363386025,0.0,18.0,1.0,1.9231965174129353,30.771144278606965,0.09514925373134328,1.9231965174129353,0.9048507462686567,0.6333955223880597,0.004975124378109453,0.572139303482587,5.333333333333333,0.12821310116086237,6.148064062754047,616.3271653595842,38.520447834974014,0.0,0.08506463604415922,stardisplay,1.01651858432253,36.0,16,0.0053125,0.0,0.0,0.8838836610910654,0.033582089552238806,0.054746391078396,0.5232105999984924,20040,15.0,200,0.04868425565412393
0.0,1.0,0.0034375,0.012345679012345678,0.9985416666666665,36.0,0.0,0.8125,2.25,2.25,0.0,1.0,3.0,0.15,0.0625,0.178158803465276,0.0,18.0,1.0,2.1436567164179103,34.298507462686565,0.09670398009950248,2.1436567164179103,0.9032960199004975,0.6999378109452736,0.0,1.0,3.7761194029850746,0.14291044776119402,5.730309669079226,537.1962759701073,33.57476724813171,0.04042288557213931,0.1364333891374208,stardisplay,0.7887174923050905,36.0,16,0.0034375,0.0,0.0,0.8501059084721908,0.00404228855721393,0.049255795661870216,0.5072930000005726,20041,15.0,200,0.03885714237024333
0.0,1.0,0.0034375,0.012345679012345678,0.9987074829931972,32.0,0.0,0.8125,2.0,2.0,0.0,1.0,3.0,0.13333333333333333,0.0,0.05739318985123746,0.0,18.0,1.0,1.9347014925373134,30.955223880597014,0.09763681592039801,1.9347014925373134,0.902363184079602,0.7008706467661692,0.0,0.9502487562189055,3.9751243781094527,0.12898009950248757,6.072905538643503,599.5923389266839,37.47452118291774,0.0,0.06815546313861791,stardisplay,0.6764382713257462,36.0,16,0.0034375,0.0,0.0,0.8618345751020049,0.006218905472636816,0.03421668127573832,0.5268765000000712,20042,15.0,200,0.04342996187178559
0.0,2.0,0.0053125,0.012345679012345678,0.9978801169590643,40.0,0.0625,0.4375,2.5,2.5,0.0,0.0,5.0,0.16666666666666666,0.0,0.0009428183288075725,0.0625,18.0,0.9375,2.3286691542288556,37.25870646766169,0.28171641791044777,2.3286691542288556,0.7182835820895522,0.44402985074626866,0.0,0.0,5.611940298507463,0.1552446102819237,5.4165169080125715,495.84291886388115,30.990182428992572,0.0,0.0002033475781158802,stardisplay,0.3943240824031282,36.0,16,0.0053125,0.0,0.0,0.7476428033893873,0.07555970149253731,0.029827577930880353,0.54412450000018,20043,15.0,200,0.029312533293719596
0.0,1.0,0.0025,0.012345679012345678,0.99890625,35.0,0.0,0.9375,2.1875,2.1875,0.0,1.0,2.0,0.14583333333333334,0.0625,0.18181050607769036,0.0,18.0,1.0,1.9480721393034826,31.16915422885572,0.16573383084577115,1.9480721393034826,0.8342661691542289,0.7599502487562189,0.014925373134328358,1.0,3.0597014925373136,0.12987147595356552,5.8825986702198945,562.7588305599552,35.1724269099972,0.02736318407960199,0.08816589122077838,stardisplay,0.402514794913711,36.0,16,0.0025,0.0,0.0,0.8943906882644932,0.004975124378109453,0.03529314896679315,0.5243758000015077,20044,15.0,200,0.024063287137927575
0.0,1.0,0.0046875,0.012345679012345678,0.9981510416666667,32.0,0.0,0.4375,2.0,2.0,0.0,1.0,4.0,0.13333333333333333,0.0625,0.19860777270656316,0.0,18.0,1.0,1.9247512437810945,30.796019900497512,0.11442786069651742,1.9247512437810945,0.8855721393034826,0.45087064676616917,0.01990049751243781,1.0,3.970149253731343,0.12831674958540631,6.0956396836080255,602.1347966540634,37.63342479087896,0.04539800995024876,0.09508984051995556,stardisplay,1.9713592670583484,36.0,16,0.004375,0.0,0.0,0.938132504933184,0.004975124378109453,0.04080310113635858,0.48640979999981937,20045,15.0,200,0.010883195068743546
0.0,2.0,0.0059375,0.012345679012345678,0.9977669699822194,31.0,0.25,0.5,1.9375,1.9375,1.0,1.0,4.0,0.12916666666666668,0.0,1.4061805394442544e-06,0.25,18.0,0.75,1.8585199004975124,29.736318407960198,0.4375,1.8585199004975124,0.5625,0.41324626865671643,0.5422885572139303,0.945273631840796,4.626865671641791,0.12390132669983417,5.895798498074101,568.2496535013878,35.51560334383674,0.0,4.4494959420332743e-07,stardisplay,1.0957815066688448,36.0,16,0.0059375,0.0,0.0,0.7781400797611245,0.006840796019900498,0.03330023512546821,0.5600997999990796,20046,15.0,200,0.05162745878152175
0.0,1.0,0.0028125,0.012345679012345678,0.9987934109747142,27.0,0.0,0.4375,1.6875,1.6875,0.0,1.0,5.0,0.1125,0.0,0.03677592885751424,0.0,18.0,1.0,1.680037313432836,26.880597014925375,0.03264925373134328,1.680037313432836,0.9673507462686567,0.4465174129353234,0.0,0.8855721393034826,4.965174129353234,0.11200248756218906,6.279697223173683,637.8981251465902,39.86863282166189,0.0,0.033402826697963024,stardisplay,2.815354178140578,36.0,16,0.0025,0.0,0.0,0.9413495973355592,0.01181592039800995,0.031064620491641458,0.5442062999991322,20047,15.0,200,0.014340715969668237
0.0,1.0,0.00375,0.012345679012345678,0.9985928705440901,37.0,0.0,0.75,2.3125,2.3125,0.0,1.0,4.0,0.15416666666666667,0.0,0.23930012547962076,0.0,18.0,1.0,2.2021144278606966,35.233830845771145,0.07058457711442787,2.2021144278606966,0.9294154228855721,0.6865671641791045,0.01990049751243781,0.9900497512437811,4.333333333333333,0.14680762852404644,5.789462103255992,547.4436033400232,34.21522520875145,0.0006218905472636816,0.20037335854513702,stardisplay,0.716362024730945,36.0,16,0.00375,0.0,0.0,0.9252501183835742,0.004975124378109453,0.05150983332185209,0.5631532999996125,20048,15.0,200,0.02948542517660752
0.0,1.0,0.0034375,0.012345679012345678,0.9984386577749551,28.0,0.0,0.5,1.75,1.75,0.0,1.0,5.0,0.11666666666666667,0.0,0.10239438471135989,0.0,18.0,1.0,1.6968283582089552,27.149253731343283,0.06218905472636816,1.6968283582089552,0.9378109452736318,0.4947139303482587,0.0,0.8557213930348259,5.36318407960199,0.11312189054726368,6.304467396845283,646.5728999009743,40.410806243810896,0.0,0.08559622330438665,stardisplay,0.16607388968915077,36.0,16,0.0034375,0.0,0.0,0.9217892911626314,0.020211442786069653,0.040534611328730555,0.49565219999931287,20049,15.0,200,0.03080282466333035
0.0,1.0,0.0009375,0.02040816326530612,0.9998229166666667,60.0,0.0,1.0,3.75,3.75,1.0,1.0,1.0,0.25,1.0,0.2122715654577446,0.0,14.000000000000002,1.0,3.753731343283582,60.059701492537314,0.0,3.753731343283582,1.0,1.0,1.0,1.0,1.0,0.25024875621890547,7.736242301103922,963.8357897555392,60.2397368597212,1.0,0.20577805894603066,alf,1.9298451786715538,28.000000000000004,16,0.0009375,0.0,0.0,0.9849242398389141,0.7503109452736318,0.0017854192277426666,0.5519471000006888,20000,15.0,200,0.004546609844021753
0.0,1.0,0.00125,0.02040816326530612,0.9996770833333334,57.0,0.0,1.0,3.5625,3.5625,2.0,2.0,1.0,0.2375,1.0,0.38733220443457367,0.0,14.000000000000002,1.0,3.496268656716418,55.940298507462686,0.0,3.496268656716418,1.0,1.0,1.9303482587064678,2.0,1.0,0.23308457711442787,7.79337251374341,974.539368144537,60.90871050903356,1.0,0.3200866069048777,alf,0.5581599505883812,28.000000000000004,16,0.00125,0.0,0.0,0.9907010838852369,0.7552860696517413,0.0013287444513906254,0.5270190999999613,20001,15.0,200,0.0053974186953650895
0.0,1.0,0.0009375,0.02040816326530612,0.9998072916666666,59.0,0.0,1.0,3.6875,3.6875,1.0,1.0,1.0,0.24583333333333332,1.0,0.334775167834312,0.0,14.000000000000002,1.0,3.6694651741293534,58.711442786069654,0.0,3.6694651741293534,1.0,1.0,1.0,1.0,1.0,0.24463101160862355,7.862072204219835,991.1658890969728,61.9478680685608,1.0,0.3311378457958222,alf,1.7444579506778966,28.000000000000004,16,0.0009375,0.0,0.0,0.9811049351687293,0.875,0.0003972965562144315,0.6024304000002303,20002,15.0,200,0.006334076594582198
0.0,1.0,0.0,0.02040816326530612,1.0,59.0,0.0,1.0,3.6875,3.6875,1.0,1.0,1.0,0.24583333333333332,1.0,0.4229625707416627,0.0,14.000000000000002,1.0,3.6825248756218905,58.92039800995025,0.0,3.6825248756218905,1.0,1.0,1.0,1.0,1.0,0.24550165837479268,7.866025403784463,992.0,62.0,1.0,0.4173681058012947,alf,0.8611182862149871,28.000000000000004,16,0.0,0.0,0.0,0.9775911607447276,0.875,0.0,0.6012735000003886,20003,15.0,200,0.004519652559737977
0.0,1.0,0.0,0.02040816326530612,1.0,70.0,0.0,0.75,4.375,4.375,0.0,1.0,4.0,0.2916666666666667,0.0,0.5789604926724482,0.0,14.000000000000002,1.0,4.344216417910448,69.50746268656717,0.0,4.344216417910448,1.0,0.75,0.0,1.0,4.0,0.2896144278606965,6.5800980576774775,712.0,44.5,0.0,0.560513041317253,alf,0.702156141075899,28.000000000000004,16,0.0,0.0,0.0,0.9872953512403418,0.3125,0.0,0.6348534999997355,20004,15.0,200,0.005059460716169298
0.0,1.0,0.0040625,0.02040816326530612,0.99878125,67.0,0.0,1.0,4.1875,4.1875,2.0,2.0,1.0,0.2791666666666667,1.0,0.593418473619282,0.0,14.000000000000002,1.0,4.026741293532338,64.42786069651741,0.0,4.026741293532338,1.0,1.0,1.9950248756218905,2.0,1.0,0.26844941956882257,7.598076211353353,928.0,58.0,1.0,0.5119345209310742,alf,0.5037225920382682,28.000000000000004,16,0.00375,0.0,0.0,0.90438514950147,0.625,0.0,0.6426961999986815,20005,15.0,200,0.00760725047142126
0.0,1.0,0.0009375,0.02040816326530612,0.9997552083333333,69.0,0.0,1.0,4.3125,4.3125,2.0,2.0,1.0,0.2875,1.0,0.4042645296933459,0.0,14.000000000000002,1.0,4.234452736318408,67.75124378109453,0.0472636815920398,4.234452736318408,0.9527363184079602,0.9527363184079602,1.6766169154228856,1.8109452736318408,1.1890547263681592,0.2822968490878939,7.15123973725562,833.287256566723,52.08045353542019,0.8109452736318408,0.29262348021690887,alf,1.8089984125953842,28.000000000000004,16,0.0009375,0.0,0.0,0.994799089290873,0.5021766169154229,0.0008856473675865509,0.598355599999195,20006,15.0,200,0.006246617341372977
0.0,1.0,0.00125,0.02040816326530612,0.9996770833333334,52.0,0.0,1.0,3.25,3.25,1.0,1.0,1.0,0.21666666666666667,1.0,0.5149088022127148,0.0,14.000000000000002,1.0,3.2493781094527363,51.99004975124378,0.0,3.2493781094527363,1.0,1.0,1.0,1.0,1.0,0.21662520729684911,7.99666729860372,1023.176908262285,63.94855676639281,1.0,0.5132776911422019,alf,1.7310808451189905,28.000000000000004,16,0.00125,0.0,0.0,0.9743250241981338,0.9375,0.0003349364903026031,0.5843403999988368,20007,15.0,200,0.005708365123482621
0.0,1.0,0.00125,0.02040816326530612,0.999640625,58.0,0.0,1.0,3.625,3.625,1.0,1.0,1.0,0.24166666666666667,1.0,0.5006141747993682,0.0,14.000000000000002,1.0,3.6069651741293534,57.711442786069654,0.0,3.6069651741293534,1.0,1.0,1.0199004975124377,1.0199004975124377,1.0,0.2404643449419569,8.0,1024.0,64.0,1.0,0.49414680082822865,alf,2.3843238720042903,28.000000000000004,16,0.00125,0.0,0.0,0.9901563228853574,1.0,0.0,0.5667086000012205,20008,15.0,200,0.0038122421517414636
0.0,1.0,0.0021875,0.02040816326530612,0.999400669642857,71.0,0.0,0.5625,4.4375,4.4375,1.0,2.0,2.0,0.29583333333333334,0.4375,0.9449956135774008,0.0,14.000000000000002,1.0,4.334888059701493,69.35820895522389,0.011194029850746268,4.334888059701493,0.9888059701492538,0.570273631840796,0.9353233830845771,1.8855721393034826,2.044776119402985,0.28899253731343283,6.9683928636487575,798.6552545381894,49.91595340863684,0.41324626865671643,0.7922558167314545,alf,1.4780001101843219,28.000000000000004,16,0.0021875,0.0,0.0,0.9717263572936231,0.31281094527363185,0.00245537096571732,0.6757935999994515,20009,15.0,200,0.010031533034860592
0.0,1.0,0.000625,0.02040816326530612,0.9997916666666665,63.0,0.0,1.0,3.9375,3.9375,1.0,1.0,1.0,0.2625,1.0,0.34957842797385597,0.0,14.000000000000002,1.0,3.9381218905472637,63.00995024875622,0.0,3.9381218905472637,1.0,1.0,1.0,1.0,1.0,0.2625414593698176,7.799038105676643,976.0,61.0,1.0,0.3491738702077417,alf,0.823290737096968,28.000000000000004,16,0.000625,0.0,0.0,0.977795732911605,0.8125,0.0,0.5270056000008481,20010,15.0,200,0.005434232600317385
0.0,1.0,0.000625,0.02040816326530612,0.9998854166666666,65.0,0.0,1.0,4.0625,4.0625,1.0,1.0,1.0,0.2708333333333333,1.0,0.3296869972654843,0.0,14.000000000000002,1.0,4.055037313432836,64.88059701492537,0.0,4.055037313432836,1.0,1.0,1.0,1.0,1.0,0.2703358208955224,7.85873950282356,990.3427973592582,61.896424834953635,1.0,0.32902078011564256,alf,1.24824159200743,28.000000000000004,16,0.000625,0.0,0.0,0.9699136018047515,0.8125,0.0007322330465170346,0.6023540000005596,20011,15.0,200,0.004752142654960344
0.0,1.0,0.0015625,0.02040816326530612,0.9997279765641347,71.0,0.0,1.0,4.4375,4.4375,1.0,1.0,1.0,0.29583333333333334,1.0,0.45086251374149394,0.0,14.000000000000002,1.0,4.421019900497512,70.7363184079602,0.004353233830845771,4.421019900497512,0.9956467661691543,0.9956467661691543,0.9303482587064676,0.9303482587064676,1.0696517412935322,0.2947346600331675,7.588998949375259,928.5266767435388,58.032917296471176,0.9303482587064676,0.41784909028214945,alf,0.5938478626168883,28.000000000000004,16,0.0015625,0.0,0.0,0.9716861331061948,0.5637437810945274,0.002469275563831969,0.5922706000001199,20012,15.0,200,0.005531069289637165
0.0,1.0,0.0015625,0.02040816326530612,0.9995409494001043,63.0,0.0,1.0,3.9375,3.9375,1.0,1.0,1.0,0.2625,1.0,0.49277220524145177,0.0,14.000000000000002,1.0,3.935634328358209,62.97014925373134,0.001554726368159204,3.935634328358209,0.9984452736318408,0.9984452736318408,0.9751243781094527,0.9751243781094527,1.0248756218905473,0.2623756218905473,7.799038105676643,976.0,61.0,0.9751243781094527,0.4805617465646014,alf,1.8023540665553512,28.000000000000004,16,0.00125,0.0,0.0,0.9770488320664635,0.8125,0.0,0.5484199000002263,20013,15.0,200,0.004396384514614002
0.0,1.0,0.0009375,0.02040816326530612,0.9997289972899729,55.0,0.0,1.0,3.4375,3.4375,1.0,1.0,1.0,0.22916666666666666,1.0,0.2726085906083804,0.0,14.000000000000002,1.0,3.4424751243781095,55.07960199004975,0.0006218905472636816,3.4424751243781095,0.9993781094527363,0.9993781094527363,0.9900497512437811,0.9900497512437811,1.0099502487562189,0.22949834162520727,7.93301270189225,1008.0,63.0,0.9900497512437811,0.27046480288669505,alf,0.9094128760315066,28.000000000000004,16,0.0009375,0.0,0.0,0.9938773581448346,0.9375,0.0,0.5509593999995559,20014,15.0,200,0.00500151262264682
0.0,1.0,0.0009375,0.02040816326530612,0.9998147321428571,64.0,0.0,1.0,4.0,4.0,1.0,1.0,1.0,0.26666666666666666,1.0,0.21855483721821767,0.0,14.000000000000002,1.0,3.9891169154228856,63.82587064676617,0.0,3.9891169154228856,1.0,0.9194651741293532,1.0,1.0,1.1840796019900497,0.26594112769485906,6.764326082791028,753.1534220934037,47.07208888083773,0.910136815920398,0.21751835260862387,alf,0.21469519438928733,28.000000000000004,16,0.0009375,0.0,0.0,0.9666624675594255,0.37531094527363185,0.0005717723538623964,0.5527000000001863,20015,15.0,200,0.0067671821560122665
0.0,1.0,0.0003125,0.02040816326530612,0.9999216300940439,58.0,0.0,1.0,3.625,3.625,2.0,2.0,1.0,0.24166666666666667,1.0,0.5789100827409769,0.0,14.000000000000002,1.0,3.5982587064676617,57.57213930348259,0.003109452736318408,3.5982587064676617,0.9968905472636815,0.9968905472636815,1.8606965174129353,1.8955223880597014,1.0497512437810945,0.2398839137645108,7.720191208875075,957.4976672909202,59.84360420568251,0.9502487562189055,0.5456280077004746,alf,2.1651698164114994,28.000000000000004,16,0.0003125,0.0,0.0,0.9878712462695132,0.75,0.0011918896686432944,0.5300029999998515,20016,15.0,200,0.006003444095714349
0.0,1.0,0.0025,0.02040816326530612,0.999421875,56.0,0.0,1.0,3.5,3.5,2.0,2.0,1.0,0.23333333333333334,1.0,0.4091402124970954,0.0,14.000000000000002,1.0,3.5049751243781095,56.07960199004975,0.0,3.5049751243781095,1.0,1.0,1.9850746268656716,1.9850746268656716,1.0,0.23366500829187398,8.0,1024.0,64.0,1.0,0.4102708992368516,alf,1.9699154208772542,28.000000000000004,16,0.0021875,0.0,0.0,0.9927858235879622,1.0,0.0,0.4669205999998667,20017,15.0,200,0.004117490875771308
0.0,1.0,0.0015625,0.02040816326530612,0.9996845238095239,58.0,0.0,1.0,3.625,3.625,2.0,2.0,1.0,0.24166666666666667,1.0,0.24440053438459264,0.0,14.000000000000002,1.0,3.6318407960199006,58.10945273631841,0.0,3.6318407960199006,1.0,1.0,2.0,2.0,1.0,0.24212271973466,7.668396210857377,944.7148043868222,59.044675274176385,1.0,0.2447033020307874,alf,1.1933524663341952,28.000000000000004,16,0.00125,0.0,0.0,0.9869045739349807,0.6256218905472637,0.0010048094709078099,0.590087600001425,20018,15.0,200,0.003562992779747351
0.0,1.0,0.0015625,0.02040816326530612,0.9995104166666667,55.0,0.0,1.0,3.4375,3.4375,1.0,2.0,1.0,0.22916666666666666,1.0,0.22487023173836201,0.0,14.000000000000002,1.0,3.392412935323383,54.27860696517413,0.0,3.392412935323383,1.0,0.9978233830845771,1.0,1.626865671641791,1.0049751243781095,0.2261608623548922,7.4221199615022995,897.5158577939143,56.09474111211964,0.9972014925373134,0.19584233053975258,alf,1.6448162558485795,28.000000000000004,16,0.0015625,0.0,0.0,0.9840575567844714,0.75,0.0007945931124288641,0.5842648000016197,20019,15.0,200,0.00516899825281786
0.0,1.0,0.0009375,0.02040816326530612,0.9997968749999999,55.0,0.0,1.0,3.4375,3.4375,1.0,2.0,1.0,0.22916666666666666,1.0,0.5638184205378876,0.0,14.000000000000002,1.0,3.4343905472636815,54.950248756218905,0.0,3.4343905472636815,1.0,1.0,1.0,1.9751243781094527,1.0,0.22895936981757875,7.517888309958329,911.8277634518531,56.98923521574082,1.0,0.558350488761243,alf,1.618298686300804,28.000000000000004,16,0.0009375,0.0,0.0,0.9925830140730417,0.5628109452736318,0.0001464466093493269,0.5555449999992561,20020,15.0,200,0.0044311140006986546
0.0,1.0,0.0015625,0.02040816326530612,0.9995208333333333,60.0,0.0,1.0,3.75,3.75,2.0,2.0,1.0,0.25,1.0,0.45131038392662975,0.0,14.000000000000002,1.0,3.735074626865672,59.76119402985075,0.0,3.735074626865672,1.0,1.0,1.8955223880597014,1.8955223880597014,1.0,0.2490049751243781,7.501579272801245,913.5158577939143,57.09474111211964,1.0,0.43498394819355357,alf,1.0082884535717864,28.000000000000004,16,0.0015625,0.0,0.0,0.9698633771656717,0.75,0.0007945931124288641,0.5874120999997103,20021,15.0,200,0.005784755074627852
0.0,1.0,0.0025,0.02040816326530612,0.9992135416666668,64.0,0.0,1.0,4.0,4.0,2.0,2.0,1.0,0.26666666666666666,1.0,0.6707372807183369,0.0,14.000000000000002,1.0,3.896455223880597,62.343283582089555,0.005597014925373134,3.896455223880597,0.9944029850746269,0.9931592039800995,1.8805970149253732,1.890547263681592,1.054726368159204,0.2597636815920398,7.672211621632353,952.0,59.5,0.9465174129353234,0.5793513917479385,alf,0.41193909522636446,28.000000000000004,16,0.0021875,0.0,0.0,0.9540346204712903,0.8125,0.0,0.6100026000003709,20022,15.0,200,0.013253119266796823
0.0,1.0,0.0028125,0.02040816326530612,0.9992083333333334,54.0,0.0,1.0,3.375,3.375,2.0,2.0,1.0,0.225,1.0,0.3994136038579523,0.0,14.000000000000002,1.0,3.3756218905472637,54.00995024875622,0.0,3.3756218905472637,1.0,0.9968905472636815,1.955223880597015,1.9601990049751243,1.0248756218905473,0.2250414593698176,7.739382750640595,961.6911443002144,60.1056965187634,0.9782338308457711,0.4013680025655752,alf,0.6662400162413685,28.000000000000004,16,0.0028125,0.0,0.0,0.9808462086860532,0.7506218905472637,0.0007435590084654197,0.5956920999997237,20023,15.0,200,0.009346897248866686
0.0,1.0,0.00125,0.02040816326530612,0.9996770833333334,73.0,0.0,1.0,4.5625,4.5625,1.0,2.0,1.0,0.30416666666666664,1.0,0.5808476346195749,0.0,14.000000000000002,1.0,4.462375621890548,71.39800995024876,0.0,4.462375621890548,1.0,0.9925373134328358,1.0348258706467661,2.0,1.0398009950248757,0.2974917081260365,7.594410239817431,927.0973062722951,57.943581642018444,0.9925373134328358,0.5281520790777993,alf,0.4083872886401026,28.000000000000004,16,0.00125,0.0,0.0,0.9089071548111577,0.5625,0.00033493649027634744,0.6105609999995067,20024,15.0,200,0.008166722947235442
0.0,1.0,0.0034375,0.02040816326530612,0.9991915922619047,59.0,0.0,1.0,3.6875,3.6875,1.0,1.0,1.0,0.24583333333333332,1.0,0.6666517706053225,0.0,14.000000000000002,1.0,3.697450248756219,59.159203980099505,0.0,3.697450248756219,1.0,1.0,1.0,1.0,1.0,0.2464966832504146,7.663527361060341,946.399668032948,59.14997925205925,1.0,0.6664454478190232,alf,1.6032402403234163,28.000000000000004,16,0.003125,0.0,0.0,0.9853369688477204,0.7509328358208955,0.0018683861027448546,0.5849245000008523,20025,15.0,200,0.004897201846196394
0.0,1.0,0.0003125,0.02040816326530612,0.9998958333333333,61.0,0.0,1.0,3.8125,3.8125,2.0,2.0,1.0,0.25416666666666665,1.0,0.5171271579622059,0.0,14.000000000000002,1.0,3.8075248756218905,60.92039800995025,0.0,3.8075248756218905,1.0,1.0,2.0,2.0,1.0,0.253834991708126,7.937011943567681,1008.9281520422584,63.05800950264115,1.0,0.5119803004407791,alf,0.47130656068979637,28.000000000000004,16,0.0003125,0.0,0.0,0.9710927026372576,0.9384328358208955,0.0003349364902471749,0.5538766999998188,20026,15.0,200,0.005626139546675521
0.0,1.0,0.001875,0.02040816326530612,0.9995907738095238,68.0,0.0,1.0,4.25,4.25,1.0,1.0,1.0,0.2833333333333333,1.0,0.2883867168679992,0.0,14.000000000000002,1.0,4.245646766169155,67.93034825870647,0.0,4.245646766169155,1.0,1.0,1.0,1.0,1.0,0.2830431177446103,7.93301270189225,1008.0,63.0,1.0,0.28874050610095675,alf,0.721280872006741,28.000000000000004,16,0.001875,0.0,0.0,0.987809065252999,0.9375,0.0,0.5992220000007364,20027,15.0,200,0.004927248353444752
0.0,1.0,0.0003125,0.02040816326530612,0.9999375,65.0,0.0,1.0,4.0625,4.0625,2.0,2.0,1.0,0.2708333333333333,1.0,0.7462760924311188,0.0,14.000000000000002,1.0,4.03886815920398,64.62189054726367,0.0,4.03886815920398,1.0,1.0,1.9950248756218905,1.9950248756218905,1.0,0.26925787728026535,7.531121019239266,921.0684057358623,57.56677535849139,1.0,0.7220651821071805,alf,0.893282449158088,28.000000000000004,16,0.0003125,0.0,0.0,0.9849884553691989,0.6881218905472637,0.0006387596519439217,0.5972170999993978,20028,15.0,200,0.005835114237277536
0.0,1.0,0.000625,0.02040816326530612,0.9999023812014085,71.0,0.0,1.0,4.4375,4.4375,1.0,1.0,1.0,0.29583333333333334,1.0,0.43283505423245733,0.0,14.000000000000002,1.0,4.420087064676617,70.72139303482587,0.00404228855721393,4.420087064676617,0.9959577114427861,0.9959577114427861,0.9353233830845771,0.9353233830845771,1.064676616915423,0.2946724709784411,7.7387162103614395,961.5378961245374,60.096118507783586,0.9353233830845771,0.4051185541515111,alf,1.2493329265427446,28.000000000000004,16,0.000625,0.0,0.0,0.9628681748928555,0.7506218905472637,0.0006698729806052067,0.6043602999998257,20029,15.0,200,0.004748663173838168
0.0,1.0,0.000625,0.02040816326530612,0.9997991071428572,72.0,0.0,1.0,4.5,4.5,1.0,2.0,1.0,0.3,1.0,0.6120612945763528,0.0,14.000000000000002,1.0,4.234452736318408,67.75124378109453,0.11473880597014925,4.234452736318408,0.8852611940298507,0.8731343283582089,1.0,1.2736318407960199,1.900497512437811,0.2822968490878939,7.451629601946556,896.0,56.0,0.3034825870646766,0.17703470191228657,alf,0.3557881180438955,28.000000000000004,16,0.000625,0.0,0.0,0.9611053728556123,0.5625,0.0,0.6276503999997658,20030,15.0,200,0.007133637583541587
0.0,1.0,0.001875,0.02040816326530612,0.9994970238095238,82.0,0.0,1.0,5.125,5.125,1.0,2.0,1.0,0.3416666666666667,1.0,1.0014293518220114,0.0,14.000000000000002,1.0,4.953669154228856,79.2587064676617,0.0037313432835820895,4.953669154228856,0.996268656716418,0.9934701492537313,1.099502487562189,1.9900497512437811,1.0348258706467661,0.3302446102819237,7.598076211353353,928.0,58.0,0.9773009950248757,0.9076019880881782,alf,0.7892593121250461,28.000000000000004,16,0.001875,0.0,0.0,0.903824452529684,0.625,0.0,0.6182358000005479,20031,15.0,200,0.021948691521311365
0.0,1.0,0.0,0.02040816326530612,1.0,56.0,0.0,1.0,3.5,3.5,2.0,2.0,1.0,0.23333333333333334,1.0,0.38747289175292216,0.0,14.000000000000002,1.0,3.4757462686567164,55.61194029850746,0.006218905472636816,3.4757462686567164,0.9937810945273632,0.9937810945273632,1.9402985074626866,1.9402985074626866,1.0497512437810945,0.23171641791044778,7.652591496269911,944.0,59.0,0.9502487562189055,0.3615989824745789,alf,1.8329475155674695,28.000000000000004,16,0.0,0.0,0.0,0.9581645489436926,0.75,0.0,0.5566848999987997,20032,15.0,200,0.010593415105421793
0.0,1.0,0.0,0.02040816326530612,1.0,76.0,0.0,1.0,4.75,4.75,1.0,2.0,1.0,0.31666666666666665,1.0,0.7848032365090649,0.0,14.000000000000002,1.0,4.710509950248756,75.3681592039801,0.0,4.710509950248756,1.0,1.0,1.0,1.9502487562189055,1.0,0.3140339966832504,7.518616900054381,912.0,57.0,1.0,0.76021429063678,alf,0.2937463678638016,28.000000000000004,16,0.0,0.0,0.0,0.9920936914937677,0.625,0.0,0.5945996000009472,20033,15.0,200,0.0033716753020419854
0.0,1.0,0.0009375,0.02040816326530612,0.999752232142857,69.0,0.0,0.75,4.3125,4.3125,1.0,3.0,2.0,0.2875,0.75,0.5830038170252151,0.0,14.000000000000002,1.0,4.203669154228856,67.2587064676617,0.0,4.203669154228856,1.0,0.75,1.0,3.0,2.0,0.2802446102819237,7.073470461435586,817.5378961245375,51.09611850778359,0.75,0.5523924889391629,alf,0.014421881329293456,28.000000000000004,16,0.0009375,0.0,0.0,0.9678422375933281,0.5006218905472637,0.0006698729806052067,0.6887341999990895,20034,15.0,200,0.007099251269538489
0.0,1.0,0.00125,0.02040816326530612,0.9996250000000001,56.0,0.0,1.0,3.5,3.5,1.0,1.0,1.0,0.23333333333333334,1.0,0.3512920986476496,0.0,14.000000000000002,1.0,3.46113184079602,55.37810945273632,0.0,3.46113184079602,1.0,1.0,1.0099502487562189,1.0099502487562189,1.0,0.23074212271973468,7.866025403784463,992.0,62.0,1.0,0.33044828260650555,alf,1.048241238583629,28.000000000000004,16,0.00125,0.0,0.0,0.9685797570422682,0.875,0.0,0.6561897999999928,20035,15.0,200,0.007941132981008845
0.0,1.0,0.0015625,0.02040816326530612,0.999609375,68.0,0.0,1.0,4.25,4.25,1.0,2.0,1.0,0.2833333333333333,1.0,0.4555172159037696,0.0,14.000000000000002,1.0,4.150186567164179,66.40298507462687,0.0,4.150186567164179,1.0,1.0,1.0696517412935322,2.0,1.0,0.2766791044776119,7.4217715943424505,894.7823182963077,55.92389489351923,1.0,0.44003564912547893,alf,0.13844345927791846,28.000000000000004,16,0.0015625,0.0,0.0,0.9872546804365264,0.625,0.0011295296025845476,0.632838499999707,20036,15.0,200,0.009350379266188612
0.0,1.0,0.0009375,0.02040816326530612,0.9996510416666666,82.0,0.0,1.0,5.125,5.125,2.0,2.0,1.0,0.3416666666666667,1.0,0.49859340290013704,0.0,14.000000000000002,1.0,5.10976368159204,81.75621890547264,0.0,5.10976368159204,1.0,1.0,1.9751243781094527,1.9800995024875623,1.0,0.34065091210613596,7.724260584038347,960.7997728721704,60.04998580451065,1.0,0.4958740623523346,alf,2.2625078518212325,28.000000000000004,16,0.0009375,0.0,0.0,0.9912131363330661,0.7503109452736318,0.0011341568348700202,0.6381105000000389,20037,15.0,200,0.006316228967612506
0.0,1.0,0.00125,0.02040816326530612,0.9997291666666667,73.0,0.0,1.0,4.5625,4.5625,2.0,2.0,1.0,0.30416666666666664,1.0,0.7628561345487864,0.0,14.000000000000002,1.0,4.558768656716418,72.94029850746269,0.0,4.558768656716418,1.0,1.0,2.0,2.0,1.0,0.3039179104477612,7.93301270189225,1008.0,63.0,1.0,0.76067048900653,alf,0.4329074402310347,28.000000000000004,16,0.00125,0.0,0.0,0.9844894050176641,0.9375,0.0,0.5679041999992478,20038,15.0,200,0.00573941424740596
0.0,1.0,0.0,0.02040816326530612,1.0,62.0,0.0,1.0,3.875,3.875,1.0,1.0,1.0,0.25833333333333336,1.0,0.30068950648018633,0.0,14.000000000000002,1.0,3.8638059701492535,61.82089552238806,0.0,3.8638059701492535,1.0,1.0,1.0,1.0,1.0,0.25758706467661696,8.0,1024.0,64.0,1.0,0.2988274977990997,alf,2.2752296187654992,28.000000000000004,16,0.0,0.0,0.0,0.9731156857340817,1.0,0.0,0.5385193000001891,20039,15.0,200,0.004650588196990389
0.0,1.0,0.0003125,0.02040816326530612,0.999921875,62.0,0.0,1.0,3.875,3.875,2.0,2.0,1.0,0.25833333333333336,1.0,0.7863406385559103,0.0,14.000000000000002,1.0,3.8681592039800994,61.89054726368159,0.0,3.8681592039800994,1.0,1.0,2.0,2.0,1.0,0.25787728026533996,7.723531993942313,960.7579288969572,60.047370556059825,1.0,0.7857738014678761,alf,0.7906255655841886,28.000000000000004,16,0.0003125,0.0,0.0,0.9895382415605437,0.8125,0.00039729655621443204,0.5243100999996386,20040,15.0,200,0.004353919237696067
0.0,1.0,0.000625,0.02040816326530612,0.9998593750000001,58.0,0.0,1.0,3.625,3.625,2.0,2.0,1.0,0.24166666666666667,1.0,0.544564898975139,0.0,14.000000000000002,1.0,3.5699626865671643,57.11940298507463,0.0,3.5699626865671643,1.0,1.0,1.9950248756218905,2.0,1.0,0.23799751243781095,7.586945362075801,930.5147223162126,58.157170144763285,1.0,0.5152789345191033,alf,0.5904978643505275,28.000000000000004,16,0.0003125,0.0,0.0,0.9581242023831041,0.625,0.0022243577715473535,0.4971991000002163,20041,15.0,200,0.0097332187128805
0.0,1.0,0.0015625,0.02040816326530612,0.9995572916666667,59.0,0.0,1.0,3.6875,3.6875,1.0,1.0,1.0,0.24583333333333332,1.0,0.5269983167760721,0.0,14.000000000000002,1.0,3.665733830845771,58.65174129353234,0.0,3.665733830845771,1.0,1.0,1.0,1.0,1.0,0.24438225538971806,7.710503353783277,955.1212966468023,59.695081040425144,1.0,0.5150027567980558,alf,0.3500912215495415,28.000000000000004,16,0.0015625,0.0,0.0,0.9632882473701566,0.625,0.0011834640858103254,0.5697350999998889,20042,15.0,200,0.006723932362335242
0.0,1.0,0.0034375,0.02040816326530612,0.9992886904761906,74.0,0.0,0.75,4.625,4.625,2.0,2.0,2.0,0.30833333333333335,0.75,1.2179739120657913,0.0,14.000000000000002,1.0,4.372823383084577,69.96517412935323,0.0,4.372823383084577,1.0,0.75,1.6616915422885572,2.0348258706467663,2.0,0.29152155887230513,6.70821780001295,741.6547634962529,46.35342271851581,0.75,0.5768541561599971,alf,0.25178299850638375,28.000000000000004,16,0.0034375,0.0,0.0,0.8114471363443685,0.375,0.0017893906566237513,0.5931463000015356,20043,15.0,200,0.010495079646195437
0.0,1.0,0.0021875,0.02040816326530612,0.9994739583333333,63.0,0.0,1.0,3.9375,3.9375,2.0,2.0,1.0,0.2625,1.0,0.5730068506427641,0.0,14.000000000000002,1.0,3.8777985074626864,62.04477611940298,0.027985074626865673,3.8777985074626864,0.9720149253731343,0.9720149253731343,1.7960199004975124,1.7960199004975124,1.0895522388059702,0.25851990049751244,7.7807082472323055,971.5406748670047,60.72129217918779,0.9104477611940298,0.4811687101202102,alf,0.3130670627106638,28.000000000000004,16,0.0021875,0.0,0.0,0.9639770131054433,0.787002487562189,0.0010048093875124559,0.5725654999987455,20044,15.0,200,0.009553590943658192
0.0,1.0,0.0009375,0.02040816326530612,0.9998072916666666,64.0,0.0,1.0,4.0,4.0,2.0,3.0,1.0,0.26666666666666666,1.0,0.5248802858581023,0.0,14.000000000000002,1.0,3.949937810945274,63.19900497512438,0.0,3.949937810945274,1.0,1.0,2.1044776119402986,2.845771144278607,1.0,0.2633291873963516,7.699329353842743,954.1742478597503,59.63589049123439,1.0,0.44841351520575207,alf,1.4938008946223804,28.000000000000004,16,0.0009375,0.0,0.0,0.9934518946569468,0.7027363184079602,0.0020719789490554145,0.5652716000004148,20045,15.0,200,0.003672730574325644
0.0,1.0,0.0028125,0.02040816326530612,0.9994224606900663,59.0,0.0,0.9375,3.6875,3.6875,0.0,2.0,2.0,0.24583333333333332,0.0625,0.275385067634989,0.0,14.000000000000002,1.0,3.707089552238806,59.3134328358209,0.001554726368159204,3.707089552238806,0.9984452736318408,0.9375,0.0,1.9402985074626866,2.0,0.24713930348258706,7.499479484070644,910.3538165245702,56.89711353278564,0.060945273631840796,0.30432568221439377,alf,0.8522745051868792,28.000000000000004,16,0.0028125,0.0,0.0,0.9869033565241677,0.5625,0.0006698729806052062,0.6047765999992407,20046,15.0,200,0.006467441246617167
0.0,1.0,0.001875,0.02040816326530612,0.9995205336668751,56.0,0.0,1.0,3.5,3.5,1.0,1.0,1.0,0.23333333333333334,1.0,0.4840416634896939,0.0,14.000000000000002,1.0,3.4934701492537314,55.8955223880597,0.0006218905472636816,3.4934701492537314,0.9993781094527363,0.9993781094527363,0.9900497512437811,0.9900497512437811,1.0099502487562189,0.23289800995024876,7.739716020780225,961.7653319226658,60.110333245166615,0.9900497512437811,0.4697464555557493,alf,2.281511080817263,28.000000000000004,16,0.0015625,0.0,0.0,0.9879718095602507,0.7506218905472637,0.0008105463065498627,0.5783408999996027,20047,15.0,200,0.004296665267053919
0.0,1.0,0.000625,0.02040816326530612,0.99984375,49.0,0.0,0.5625,3.0625,3.0625,1.0,1.0,2.0,0.20416666666666666,0.4375,0.3092265485310307,0.0,14.000000000000002,1.0,3.0304726368159205,48.48756218905473,0.010883084577114429,3.0304726368159205,0.9891169154228856,0.5646766169154229,1.0,1.0,2.0049751243781095,0.20203150912106135,7.595836474793829,929.8071938937193,58.112949618357455,0.4216417910447761,0.2861666762345004,alf,0.5571704636796234,28.000000000000004,16,0.000625,0.0,0.0,0.9846447896542461,0.625,0.001129529587530228,0.5375194999996893,20048,15.0,200,0.007476082718741516
0.0,1.0,0.000625,0.02040816326530612,0.99984375,63.0,0.0,1.0,3.9375,3.9375,2.0,2.0,1.0,0.2625,1.0,0.6952357211458123,0.0,14.000000000000002,1.0,3.9017412935323383,62.42786069651741,0.0,3.9017412935323383,1.0,1.0,1.900497512437811,1.900497512437811,1.0,0.26011608623548926,7.734258688227192,963.1661751019753,60.19788594387346,1.0,0.6612486047910687,alf,0.12916858086934033,28.000000000000004,16,0.000625,0.0,0.0,0.9889402031090317,0.8137437810945274,0.0014021060270648425,0.6034179000016593,20049,15.0,200,0.0051840203456893314
0.0,1.0,0.000625,0.02040816326530612,0.9998854166666666,60.0,0.0,1.0,3.75,3.75,1.0,1.0,1.0,0.25,1.0,0.2122715654577446,0.0,14.000000000000002,1.0,3.7372512437810945,59.79601990049751,0.0,3.7372512437810945,1.0,1.0,1.0,1.0,1.0,0.24915008291873963,7.750673321740884,967.142490776396,60.44640567352475,1.0,0.20577805894603066,lint,1.9298451786715538,28.000000000000004,16,0.000625,0.0,0.0,0.9851096813994314,0.8125,0.00015625,0.4990417000008165,20000,15.0,200,0.004516310669219253
0.0,1.0,0.000625,0.02040816326530612,0.9998593750000001,58.0,0.0,1.0,3.625,3.625,2.0,2.0,1.0,0.24166666666666667,1.0,0.38733220443457367,0.0,14.000000000000002,1.0,3.5656094527363185,57.049751243781095,0.0,3.5656094527363185,1.0,1.0,2.0,2.0,1.0,0.2377072968490879,7.999466607490929,1023.8708189536858,63.99192618460536,1.0,0.3104957064809617,lint,0.5581599505883812,28.000000000000004,16,0.000625,0.0,0.0,0.9914394686634362,0.9990671641791045,0.00033493649053890353,0.5832049999989977,20001,15.0,200,0.005231998378187158
0.0,1.0,0.000625,0.02040816326530612,0.9998854166666666,59.0,0.0,1.0,3.6875,3.6875,1.0,1.0,1.0,0.24583333333333332,1.0,0.334775167834312,0.0,14.000000000000002,1.0,3.671952736318408,58.75124378109453,0.0,3.671952736318408,1.0,1.0,1.0,1.0,1.0,0.24479684908789387,7.848599674575079,988.2205713708843,61.76378571068027,1.0,0.3311378457958222,lint,1.7444579506778966,28.000000000000004,16,0.000625,0.0,0.0,0.9812937732518338,0.875,0.0003125,0.5764120999992883,20002,15.0,200,0.006341070451454082
0.0,1.0,0.0,0.02040816326530612,1.0,59.0,0.0,1.0,3.6875,3.6875,1.0,1.0,1.0,0.24583333333333332,1.0,0.4229625707416627,0.0,14.000000000000002,1.0,3.6825248756218905,58.92039800995025,0.0,3.6825248756218905,1.0,1.0,1.0,1.0,1.0,0.24550165837479268,7.932479309383178,1007.8708189536858,62.99192618460536,1.0,0.4173681058012947,lint,0.8611182862149871,28.000000000000004,16,0.0,0.0,0.0,0.9775911607447276,0.9365671641791045,0.00033493649053890353,0.5550621999991563,20003,15.0,200,0.004519652559737977
0.0,1.0,0.0,0.02040816326530612,1.0,70.0,0.0,0.75,4.375,4.375,0.0,1.0,4.0,0.2916666666666667,0.0,0.5789604926724482,0.0,14.000000000000002,1.0,4.344216417910448,69.50746268656717,0.0,4.344216417910448,1.0,0.75,0.0,1.0,4.0,0.2896144278606965,6.611192585040663,719.1424907763928,44.94640567352455,0.0,0.560513041317253,lint,0.702156141075899,28.000000000000004,16,0.0,0.0,0.0,0.9872953512403418,0.3125,0.00015625,0.6088806000007025,20004,15.0,200,0.005059460716169298
0.0,1.0,0.0021875,0.02040816326530612,0.9994583333333332,69.0,0.0,1.0,4.3125,4.3125,2.0,2.0,1.0,0.2875,1.0,0.49035262714455125,0.0,14.000000000000002,1.0,4.255286069651741,68.08457711442786,0.0,4.255286069651741,1.0,1.0,1.9950248756218905,2.0,1.0,0.2836857379767827,7.92507867377511,1006.0146212748019,62.87591382967512,1.0,0.4758776216713251,lint,0.5015110657830352,28.000000000000004,16,0.0021875,0.0,0.0,0.9105550291752753,0.8638059701492538,0.001652245962155614,0.5829420999998547,20005,15.0,200,0.00496959847271346
0.0,1.0,0.0003125,0.02040816326530612,0.9998958333333334,69.0,0.0,1.0,4.3125,4.3125,2.0,2.0,1.0,0.2875,1.0,0.40763499698633937,0.0,14.000000000000002,1.0,4.2434701492537314,67.8955223880597,0.046019900497512436,4.2434701492537314,0.9539800995024875,0.9539800995024875,1.6766169154228856,1.8159203980099503,1.1840796019900497,0.2828980099502487,7.165884495304389,840.0,52.5,0.8159203980099502,0.2969213866503459,lint,1.8089984125953842,28.000000000000004,16,0.0003125,0.0,0.0,0.9948036792607218,0.5625,0.0,0.579223999999158,20006,15.0,200,0.006270497269671256
0.0,1.0,0.00125,0.02040816326530612,0.9996770833333334,52.0,0.0,1.0,3.25,3.25,1.0,1.0,1.0,0.21666666666666667,1.0,0.5149088022127148,0.0,14.000000000000002,1.0,3.2493781094527363,51.99004975124378,0.0,3.2493781094527363,1.0,1.0,1.0,1.0,1.0,0.21662520729684911,7.999466607490929,1023.8708189536858,63.99192618460536,1.0,0.5132776911422019,lint,1.7310808451189905,28.000000000000004,16,0.00125,0.0,0.0,0.9743250241981338,0.9990671641791045,0.00033493649053890353,0.5648063000007824,20007,15.0,200,0.005708365123482621
0.0,1.0,0.00125,0.02040816326530612,0.999640625,58.0,0.0,1.0,3.625,3.625,1.0,1.0,1.0,0.24166666666666667,1.0,0.5006141747993682,0.0,14.000000000000002,1.0,3.6069651741293534,57.711442786069654,0.0,3.6069651741293534,1.0,1.0,1.0199004975124377,1.0199004975124377,1.0,0.2404643449419569,8.0,1024.0,64.0,1.0,0.49414680082822865,lint,2.3843238720042903,28.000000000000004,16,0.00125,0.0,0.0,0.9901563228853574,1.0,0.0,0.5173923000002105,20008,15.0,200,0.0038122421517414636
0.0,1.0,0.0021875,0.02040816326530612,0.999400669642857,75.0,0.0,1.0,4.6875,4.6875,1.0,2.0,1.0,0.3125,1.0,0.9645286149498535,0.0,14.000000000000002,1.0,4.546330845771144,72.7412935323383,0.011194029850746268,4.546330845771144,0.9888059701492538,0.9067164179104478,0.9402985074626866,1.8805970149253732,1.2686567164179106,0.3030887230514096,7.224763068261204,854.0086609490343,53.37554130931464,0.8414179104477612,0.7850387477548209,lint,1.4780001101843219,28.000000000000004,16,0.0021875,0.0,0.0,0.9727631972911531,0.5590796019900498,0.0017146060281114381,0.5589749999999185,20009,15.0,200,0.009596046334566628
0.0,1.0,0.000625,0.02040816326530612,0.9997916666666665,64.0,0.0,1.0,4.0,4.0,1.0,1.0,1.0,0.26666666666666666,1.0,0.34957842797385597,0.0,14.000000000000002,1.0,4.0,64.0,0.0,4.0,1.0,1.0,1.0,1.0,1.0,0.26666666666666666,7.865492011275392,991.8708189536858,61.99192618460536,1.0,0.3491738702077417,lint,0.8242614015101748,28.000000000000004,16,0.000625,0.0,0.0,0.9777646386301898,0.8740671641791045,0.00033493649053890353,0.5772744000005332,20010,15.0,200,0.005330385256393632
0.0,1.0,0.000625,0.02040816326530612,0.9998854166666666,63.0,0.0,1.0,3.9375,3.9375,1.0,1.0,1.0,0.2625,1.0,0.3296869972654843,0.0,14.000000000000002,1.0,3.935945273631841,62.975124378109456,0.0,3.935945273631841,1.0,1.0,1.0,1.0,1.0,0.26239635157545604,7.750673321740884,965.877466914914,60.36734168218212,1.0,0.32906116408483405,lint,1.24824159200743,28.000000000000004,16,0.000625,0.0,0.0,0.9702157059746569,0.8125,0.00015625,0.6181324000008317,20011,15.0,200,0.004784886334900434
0.0,1.0,0.000625,0.02040816326530612,0.9999028487729053,71.0,0.0,1.0,4.4375,4.4375,1.0,1.0,1.0,0.29583333333333334,1.0,0.45086251374149394,0.0,14.000000000000002,1.0,4.421952736318408,70.75124378109453,0.004353233830845771,4.421952736318408,0.9956467661691543,0.9956467661691543,0.9303482587064676,0.9303482587064676,1.0696517412935322,0.2947968490878939,7.683686023633094,949.877466914914,59.36734168218212,0.9303482587064676,0.4194718129001974,lint,0.5938478626168883,28.000000000000004,16,0.000625,0.0,0.0,0.9713407585100006,0.75,0.00015625,0.6385329999993701,20012,15.0,200,0.005593521785400059
0.0,1.0,0.00125,0.02040816326530612,0.9996191966614502,65.0,0.0,1.0,4.0625,4.0625,1.0,1.0,1.0,0.2708333333333333,1.0,0.49277220524145177,0.0,14.000000000000002,1.0,4.058457711442786,64.93532338308458,0.001554726368159204,4.058457711442786,0.9984452736318408,0.9984452736318408,0.9751243781094527,0.9751243781094527,1.0248756218905473,0.27056384742951906,7.860605269855746,990.6296939263104,61.9143558703944,0.9751243781094527,0.4805617465646014,lint,1.8023540665553512,28.000000000000004,16,0.0009375,0.0,0.0,0.9771038444748423,0.8125,0.0003125,0.6090186000001268,20013,15.0,200,0.00437492596680952
0.0,1.0,0.0009375,0.02040816326530612,0.9997289972899729,56.0,0.0,1.0,3.5,3.5,1.0,1.0,1.0,0.23333333333333334,1.0,0.2726085906083804,0.0,14.000000000000002,1.0,3.5021766169154227,56.03482587064676,0.0006218905472636816,3.5021766169154227,0.9993781094527363,0.9993781094527363,0.9900497512437811,0.9900497512437811,1.0099502487562189,0.23347844112769486,7.999466607490929,1023.8708189536858,63.99192618460536,0.9900497512437811,0.27046480288669505,lint,0.9094128760315066,28.000000000000004,16,0.0009375,0.0,0.0,0.9938728929919172,0.9990671641791045,0.00033493649053890353,0.5666851999994833,20014,15.0,200,0.004995509245265866
0.0,1.0,0.000625,0.02040816326530612,0.9998928571428571,67.0,0.0,1.0,4.1875,4.1875,1.0,1.0,1.0,0.2791666666666667,1.0,0.2831849988556087,0.0,14.000000000000002,1.0,4.127798507462686,66.04477611940298,0.0,4.127798507462686,1.0,0.9717039800995025,1.0,1.0,1.064676616915423,0.2751865671641791,6.935024858580461,790.7442939745241,49.42151837340776,0.9636194029850746,0.2447195734446059,lint,0.21475875199998565,28.000000000000004,16,0.000625,0.0,0.0,0.9666192186508388,0.4375,0.0003125,0.652670899999066,20015,15.0,200,0.006767160765341496
0.0,1.0,0.000625,0.02040816326530612,0.9998171368861024,56.0,0.0,1.0,3.5,3.5,2.0,2.0,1.0,0.23333333333333334,1.0,0.5215304164565333,0.0,14.000000000000002,1.0,3.488495024875622,55.81592039800995,0.003109452736318408,3.488495024875622,0.9968905472636815,0.9968905472636815,1.8656716417910448,1.8955223880597014,1.0497512437810945,0.23256633499170815,7.619672799171218,939.1261680957546,58.69538550598466,0.9502487562189055,0.4998317514398426,lint,2.1651698164114994,28.000000000000004,16,0.000625,0.0,0.0,0.9878387314364535,0.8115671641791045,0.0006474364905389035,0.6885818000009749,20016,15.0,200,0.006012452683926066
0.0,1.0,0.0025,0.02040816326530612,0.999421875,56.0,0.0,1.0,3.5,3.5,2.0,2.0,1.0,0.23333333333333334,1.0,0.4091402124970954,0.0,14.000000000000002,1.0,3.5049751243781095,56.07960199004975,0.0,3.5049751243781095,1.0,1.0,1.9850746268656716,1.9850746268656716,1.0,0.23366500829187398,8.0,1024.0,64.0,1.0,0.4102708992368516,lint,1.9699154208772542,28.000000000000004,16,0.0021875,0.0,0.0,0.9927858235879622,1.0,0.0,0.6854834000005212,20017,15.0,200,0.004117490875771308
0.0,1.0,0.0015625,0.02040816326530612,0.9997001488095237,59.0,0.0,1.0,3.6875,3.6875,2.0,2.0,1.0,0.24583333333333332,1.0,0.24440053438459264,0.0,14.000000000000002,1.0,3.6902985074626864,59.04477611940298,0.0,3.6902985074626864,1.0,1.0,2.0,2.0,1.0,0.2460199004975124,7.8649586187663205,991.7416379073715,61.983852369210716,1.0,0.2447033020307874,lint,1.1933524663341952,28.000000000000004,16,0.00125,0.0,0.0,0.9876286599565347,0.8731343283582089,0.0006698729810778071,0.6590814999999566,20018,15.0,200,0.0035381535315276843
0.0,1.0,0.0015625,0.02040816326530612,0.9995104166666667,56.0,0.0,1.0,3.5,3.5,2.0,2.0,1.0,0.23333333333333334,1.0,0.22487023173836201,0.0,14.000000000000002,1.0,3.435945273631841,54.975124378109456,0.0,3.435945273631841,1.0,0.9978233830845771,1.4328358208955223,1.4328358208955223,1.0049751243781095,0.22906301824212272,7.6042267123341585,933.8774669149143,58.36734168218214,0.9972014925373134,0.17316065044469456,lint,1.6448162558485795,28.000000000000004,16,0.0015625,0.0,0.0,0.9841636622534021,0.75,0.00015625,0.5869567999998253,20019,15.0,200,0.005086012436163921
0.0,1.0,0.000625,0.02040816326530612,0.999875,60.0,0.0,1.0,3.75,3.75,2.0,2.0,1.0,0.25,1.0,0.5638184205378876,0.0,14.000000000000002,1.0,3.7409825870646767,59.85572139303483,0.0,3.7409825870646767,1.0,1.0,1.9751243781094527,1.9751243781094527,1.0,0.24939883913764513,7.7542407293738345,964.9436455033228,60.30897784395768,1.0,0.558350488761243,lint,1.618298686300804,28.000000000000004,16,0.000625,0.0,0.0,0.9920433967611267,0.6809701492537313,0.001200983047033631,0.6377479000002495,20020,15.0,200,0.004504390174734693
0.0,1.0,0.00125,0.02040816326530612,0.9995989583333333,62.0,0.0,1.0,3.875,3.875,2.0,2.0,1.0,0.25833333333333336,1.0,0.45131038392662975,0.0,14.000000000000002,1.0,3.857276119402985,61.71641791044776,0.0,3.857276119402985,1.0,1.0,1.8955223880597014,1.8955223880597014,1.0,0.25715174129353235,7.652591496269911,944.0,59.0,1.0,0.43498394819355357,lint,1.0082884535717864,28.000000000000004,16,0.00125,0.0,0.0,0.9699757499933294,0.75,0.0,0.6666672999999719,20021,15.0,200,0.005760039880446053
0.0,1.0,0.0025,0.02040816326530612,0.9992135416666668,64.0,0.0,1.0,4.0,4.0,2.0,2.0,1.0,0.26666666666666666,1.0,0.6707372807183369,0.0,14.000000000000002,1.0,3.896455223880597,62.343283582089555,0.005597014925373134,3.896455223880597,0.9944029850746269,0.9931592039800995,1.8805970149253732,1.890547263681592,1.054726368159204,0.2597636815920398,7.672211621632353,952.0,59.5,0.9465174129353234,0.5793513917479385,lint,0.41193909522636446,28.000000000000004,16,0.0021875,0.0,0.0,0.9540346204712903,0.8125,0.0,0.6798641000004864,20022,15.0,200,0.013253119266796823
0.0,1.0,0.00125,0.02040816326530612,0.99953125,62.0,0.0,1.0,3.875,3.875,2.0,2.0,1.0,0.25833333333333336,1.0,0.5188224596793855,0.0,14.000000000000002,1.0,3.8404850746268657,61.44776119402985,0.0,3.8404850746268657,1.0,0.9981343283582089,1.9701492537313432,1.9701492537313432,1.0149253731343284,0.25603233830845773,7.994046473562283,1022.5005128799962,63.906282054999764,0.9869402985074627,0.5042904725218913,lint,0.6662400162413685,28.000000000000004,16,0.00125,0.0,0.0,0.9798742679313122,0.9365671641791045,0.0006474364905389035,0.6048821000003954,20023,15.0,200,0.009415886953752731
0.0,1.0,0.0009375,0.02040816326530612,0.9997552083333333,68.0,0.0,1.0,4.25,4.25,2.0,2.0,1.0,0.2833333333333333,1.0,0.353916823176069,0.0,14.000000000000002,1.0,4.231343283582089,67.70149253731343,0.0,4.231343283582089,1.0,0.9981343283582089,2.0,2.0,1.0099502487562189,0.28208955223880594,7.929544448443327,1007.1566394809531,62.94728996755957,0.9981343283582089,0.3540223737751573,lint,0.4083872886401026,28.000000000000004,16,0.0009375,0.0,0.0,0.9302055644147897,0.9281716417910447,0.002009618943233421,0.6036860999993223,20024,15.0,200,0.006882202991468163
0.0,1.0,0.001875,0.02040816326530612,0.9995096726190477,64.0,0.0,1.0,4.0,4.0,1.0,1.0,1.0,0.26666666666666666,1.0,0.7130917709691784,0.0,14.000000000000002,1.0,3.9987562189054726,63.98009950248756,0.0,3.9987562189054726,1.0,1.0,1.0,1.0,1.0,0.26658374792703154,7.915276027409198,1004.1568215773569,62.75980134858481,1.0,0.7103690184997761,lint,1.6032402403234163,28.000000000000004,16,0.001875,0.0,0.0,0.9862557497181464,0.9375,0.0003125,0.5779548999998951,20025,15.0,200,0.004772625972996096
0.0,1.0,0.0,0.02040816326530612,1.0,62.0,0.0,1.0,3.875,3.875,2.0,2.0,1.0,0.25833333333333336,1.0,0.5171271579622059,0.0,14.000000000000002,1.0,3.865049751243781,61.840796019900495,0.0,3.865049751243781,1.0,1.0,2.0,2.0,1.0,0.2576699834162521,8.0,1024.0,64.0,1.0,0.5119803004407791,lint,0.47130656068979637,28.000000000000004,16,0.0,0.0,0.0,0.9711360011988028,1.0,0.0,0.6062141999991582,20026,15.0,200,0.0056247144241973095
0.0,1.0,0.001875,0.02040816326530612,0.9995907738095238,68.0,0.0,1.0,4.25,4.25,1.0,1.0,1.0,0.2833333333333333,1.0,0.2883867168679992,0.0,14.000000000000002,1.0,4.245646766169155,67.93034825870647,0.0,4.245646766169155,1.0,1.0,1.0,1.0,1.0,0.2830431177446103,7.93301270189225,1008.0,63.0,1.0,0.28874050610095675,lint,0.721280872006741,28.000000000000004,16,0.001875,0.0,0.0,0.987809065252999,0.9375,0.0,0.5712430000003224,20027,15.0,200,0.004927248353444752
0.0,1.0,0.0003125,0.02040816326530612,0.9999375,65.0,0.0,1.0,4.0625,4.0625,2.0,2.0,1.0,0.2708333333333333,1.0,0.7462760924311188,0.0,14.000000000000002,1.0,4.03886815920398,64.62189054726367,0.0,4.03886815920398,1.0,1.0,1.9950248756218905,1.9950248756218905,1.0,0.26925787728026535,7.640119483078764,944.0,59.0,1.0,0.7220651821071805,lint,0.893282449158088,28.000000000000004,16,0.0003125,0.0,0.0,0.9849884553691989,0.8125,0.0,0.6286024000000907,20028,15.0,200,0.005835114237277536
0.0,1.0,0.000625,0.02040816326530612,0.9999023812014085,75.0,0.0,1.0,4.6875,4.6875,1.0,1.0,1.0,0.3125,1.0,0.4446398611893074,0.0,14.000000000000002,1.0,4.668843283582089,74.70149253731343,0.00404228855721393,4.668843283582089,0.9959577114427861,0.9959577114427861,0.9353233830845771,0.9353233830845771,1.064676616915423,0.3112562189054726,7.9282144585108325,1006.2849815527835,62.89281134704897,0.9353233830845771,0.4159917049321287,lint,1.2493329265427446,28.000000000000004,16,0.000625,0.0,0.0,0.9684693671357955,0.875,0.0003125,0.6278806999998778,20029,15.0,200,0.004758249049964567
0.0,1.0,0.000625,0.02040816326530612,0.9997991071428572,69.0,0.0,1.0,4.3125,4.3125,1.0,1.0,1.0,0.2875,1.0,0.24031522263065844,0.0,14.000000000000002,1.0,4.162935323383085,66.60696517412936,0.09359452736318408,4.162935323383085,0.9064054726368159,0.9064054726368159,1.0,1.0,1.6666666666666667,0.27752902155887227,7.6509913187426974,943.6124568610572,58.97577855381608,0.472636815920398,0.11382272154232456,lint,0.3557881180438955,28.000000000000004,16,0.000625,0.0,0.0,0.966741381316843,0.7472014925373134,0.0010048094716167105,0.6162984000002325,20030,15.0,200,0.006600105720422518
0.0,1.0,0.001875,0.02040816326530612,0.9995677083333334,73.0,0.0,1.0,4.5625,4.5625,2.0,2.0,1.0,0.30416666666666664,1.0,0.5107864817961599,0.0,14.000000000000002,1.0,4.527363184079602,72.43781094527363,0.0037313432835820895,4.527363184079602,0.996268656716418,0.996268656716418,2.0049751243781095,2.0049751243781095,1.0199004975124377,0.3018242122719735,7.85947151023898,990.3567508355806,61.897296927223785,0.9800995024875622,0.494933899628369,lint,0.7892593121250461,28.000000000000004,16,0.001875,0.0,0.0,0.9215520580787707,0.8097014925373134,0.0013173094716167105,0.5887628999989829,20031,15.0,200,0.015225788215920763
0.0,1.0,0.0,0.02040816326530612,1.0,61.0,0.0,1.0,3.8125,3.8125,2.0,2.0,1.0,0.25416666666666665,1.0,0.3854144568615544,0.0,14.000000000000002,1.0,3.78544776119403,60.56716417910448,0.006218905472636816,3.78544776119403,0.9937810945273632,0.9937810945273632,1.9402985074626866,1.9402985074626866,1.0497512437810945,0.25236318407960195,7.838692242538567,984.4518105726943,61.52823816079339,0.9502487562189055,0.3598033490396749,lint,1.8454201441335445,28.000000000000004,16,0.0,0.0,0.0,0.9582720746880551,0.75,0.0009375,0.5519058999998379,20032,15.0,200,0.010469056009147598
0.0,1.0,0.0,0.02040816326530612,1.0,77.0,0.0,1.0,4.8125,4.8125,1.0,2.0,1.0,0.32083333333333336,1.0,0.7825722250125378,0.0,14.000000000000002,1.0,4.783271144278607,76.53233830845771,0.0,4.783271144278607,1.0,1.0,1.0,1.955223880597015,1.0,0.3188847429519071,7.704562173686223,952.9111229944343,59.556945187152145,1.0,0.7607777976206463,lint,0.2937463678638016,28.000000000000004,16,0.0,0.0,0.0,0.9921721228100457,0.625,0.0009375,0.620462700000644,20033,15.0,200,0.0032921238148511185
0.0,1.0,0.0003125,0.02040816326530612,0.999875,69.0,0.0,1.0,4.3125,4.3125,1.0,3.0,1.0,0.2875,1.0,0.6834668917520117,0.0,14.000000000000002,1.0,4.210820895522388,67.3731343283582,0.0,4.210820895522388,1.0,0.9950248756218906,1.0,3.0,1.0199004975124377,0.28072139303482585,7.788394611730002,974.7294465247752,60.92059040779845,0.9950248756218906,0.5863768919454608,lint,0.01441810639176571,28.000000000000004,16,0.0003125,0.0,0.0,0.9662153118695372,0.8078358208955224,0.002977949141100893,0.5691408999991836,20034,15.0,200,0.005527194098942519
0.0,1.0,0.00125,0.02040816326530612,0.9996250000000001,56.0,0.0,1.0,3.5,3.5,1.0,1.0,1.0,0.23333333333333334,1.0,0.3552311879535911,0.0,14.000000000000002,1.0,3.46455223880597,55.43283582089552,0.0,3.46455223880597,1.0,1.0,1.0099502487562189,1.0099502487562189,1.0,0.23097014925373135,7.994512891472731,1022.6151129282091,63.91344455801307,1.0,0.3346824939140617,lint,1.0531664207708609,28.000000000000004,16,0.00125,0.0,0.0,0.9703770226945719,0.9365671641791045,0.0006474364905389035,0.5641976000006252,20035,15.0,200,0.007682220520355115
0.0,1.0,0.0015625,0.02040816326530612,0.9996250000000001,68.0,0.0,1.0,4.25,4.25,2.0,2.0,1.0,0.2833333333333333,1.0,0.360794839496559,0.0,14.000000000000002,1.0,4.231343283582089,67.70149253731343,0.0,4.231343283582089,1.0,1.0,2.0,2.0,1.0,0.28208955223880594,7.735698202955714,961.6150221886516,60.10093888679072,1.0,0.365005758860129,lint,0.13844345927791846,28.000000000000004,16,0.0015625,0.0,0.0,0.9869786172115098,0.6865671641791045,0.0018974364905389035,0.6329153999995469,20036,15.0,200,0.007620929126554367
0.0,1.0,0.0009375,0.02040816326530612,0.9996744791666665,81.0,0.0,1.0,5.0625,5.0625,2.0,2.0,1.0,0.3375,1.0,0.4999609747749337,0.0,14.000000000000002,1.0,5.0481965174129355,80.77114427860697,0.0,5.0481965174129355,1.0,1.0,1.9800995024875623,1.9800995024875623,1.0,0.33654643449419575,7.834708429185839,983.6675385858032,61.4792211616127,1.0,0.49716679198522695,lint,2.2625078518212325,28.000000000000004,16,0.0009375,0.0,0.0,0.9918243919382215,0.7503109452736318,0.0008036864905389035,0.6038348999991285,20037,15.0,200,0.005733436736753437
0.0,1.0,0.00125,0.02040816326530612,0.9997291666666667,74.0,0.0,1.0,4.625,4.625,2.0,2.0,1.0,0.30833333333333335,1.0,0.7628561345487864,0.0,14.000000000000002,1.0,4.620646766169155,73.93034825870647,0.0,4.620646766169155,1.0,1.0,2.0,2.0,1.0,0.3080431177446103,7.999354983159889,1023.8423713532019,63.99014820957512,1.0,0.76067048900653,lint,0.4329074402310347,28.000000000000004,16,0.00125,0.0,0.0,0.9846381684504655,0.9975124378109452,0.00033493649053890353,0.5902592999991612,20038,15.0,200,0.005729107716992714
0.0,1.0,0.0,0.02040816326530612,1.0,62.0,0.0,1.0,3.875,3.875,1.0,1.0,1.0,0.25833333333333336,1.0,0.30068950648018633,0.0,14.000000000000002,1.0,3.8638059701492535,61.82089552238806,0.0,3.8638059701492535,1.0,1.0,1.0,1.0,1.0,0.25758706467661696,8.0,1024.0,64.0,1.0,0.2988274977990997,lint,2.2752296187654992,28.000000000000004,16,0.0,0.0,0.0,0.9731156857340817,1.0,0.0,0.5930463999993663,20039,15.0,200,0.004650588196990389
0.0,1.0,0.0,0.02040816326530612,1.0,64.0,0.0,1.0,4.0,4.0,2.0,2.0,1.0,0.26666666666666666,1.0,0.7863406385559103,0.0,14.000000000000002,1.0,3.9925373134328357,63.88059701492537,0.0,3.9925373134328357,1.0,1.0,2.0,2.0,1.0,0.26616915422885573,7.830132633039826,983.1424907763961,61.44640567352476,1.0,0.7857738014678761,lint,0.7906255655841886,28.000000000000004,16,0.0,0.0,0.0,0.9894019497331747,0.8125,0.00015625,0.6768837999989046,20040,15.0,200,0.00433105086829239
0.0,1.0,0.000625,0.02040816326530612,0.9998593750000001,60.0,0.0,1.0,3.75,3.75,2.0,2.0,1.0,0.25,1.0,0.544564898975139,0.0,14.000000000000002,1.0,3.6875,59.0,0.0,3.6875,1.0,1.0,1.9950248756218905,2.0,1.0,0.24583333333333335,7.737903318464447,962.2804327688888,60.14252704805555,1.0,0.5114252057904797,lint,0.5904978643505275,28.000000000000004,16,0.0003125,0.0,0.0,0.9574905556465512,0.7409825870646766,0.0015359195375725346,0.6851050999994186,20041,15.0,200,0.008917955058414322
0.0,1.0,0.0015625,0.02040816326530612,0.9995572916666667,57.0,0.0,1.0,3.5625,3.5625,1.0,1.0,1.0,0.2375,1.0,0.5269983167760721,0.0,14.000000000000002,1.0,3.5575248756218905,56.92039800995025,0.0,3.5575248756218905,1.0,1.0,1.0,1.0,1.0,0.23716832504145938,7.585070805653096,927.8708189536858,57.99192618460536,1.0,0.5150027567980558,lint,0.3500912215495415,28.000000000000004,16,0.0015625,0.0,0.0,0.9632823692342438,0.6865671641791045,0.00033493649053890353,0.624576000000161,20042,15.0,200,0.006724546936942429
0.0,1.0,0.0028125,0.02040816326530612,0.9993876488095238,66.0,0.0,1.0,4.125,4.125,2.0,2.0,1.0,0.275,1.0,0.15199324583942656,0.0,14.000000000000002,1.0,4.1763059701492535,66.82089552238806,0.0,4.1763059701492535,1.0,0.996268656716418,1.9850746268656716,2.0945273631840795,1.0149253731343284,0.2784203980099503,7.140885537287152,833.5925254449329,52.099532840308306,0.996268656716418,0.2141798986401582,lint,0.25178299850638375,28.000000000000004,16,0.0028125,0.0,0.0,0.9865860871783494,0.5578358208955224,0.002665449141100893,0.5981730000003154,20043,15.0,200,0.005090033755051476
0.0,1.0,0.00125,0.02040816326530612,0.9996666666666667,66.0,0.0,1.0,4.125,4.125,2.0,2.0,1.0,0.275,1.0,0.5730068506427641,0.0,14.000000000000002,1.0,4.013992537313433,64.22388059701493,0.027985074626865673,4.013992537313433,0.9720149253731343,0.9720149253731343,1.800995024875622,1.800995024875622,1.0895522388059702,0.2675995024875622,7.964107229255434,1015.1424907763965,63.44640567352478,0.9104477611940298,0.4833197543122144,lint,0.3130670627106638,28.000000000000004,16,0.00125,0.0,0.0,0.962171810699113,0.9375,0.00015625,0.63765389999935,20044,15.0,200,0.00976608305914432
0.0,1.0,0.0,0.02040816326530612,1.0,68.0,0.0,1.0,4.25,4.25,3.0,3.0,1.0,0.2833333333333333,1.0,0.5248802858581023,0.0,14.000000000000002,1.0,4.16728855721393,66.67661691542288,0.0,4.16728855721393,1.0,1.0,2.845771144278607,2.845771144278607,1.0,0.2778192371475954,7.999466607490929,1023.8708189536858,63.99192618460536,1.0,0.4460777421049708,lint,1.4938008946223804,28.000000000000004,16,0.0,0.0,0.0,0.9934520429163515,0.9990671641791045,0.00033493649053890353,0.6140689000003476,20045,15.0,200,0.0036562688447374083
0.0,1.0,0.00125,0.02040816326530612,0.9998136969967956,65.0,0.0,0.9375,4.0625,4.0625,0.0,2.0,2.0,0.2708333333333333,0.0625,0.4399409213085274,0.0,14.000000000000002,1.0,4.061567164179104,64.98507462686567,0.001554726368159204,4.061567164179104,0.9984452736318408,0.9375,0.0,1.9402985074626866,2.0,0.27077114427860693,7.555161584179956,918.7590244151663,57.422439025947895,0.060945273631840796,0.4287595763065507,lint,0.8522745051868792,28.000000000000004,16,0.00125,0.0,0.0,0.9870661987089336,0.5625,0.0009375,0.6416559999997844,20046,15.0,200,0.00648230393477879
0.0,1.0,0.0009375,0.02040816326530612,0.999765478424015,60.0,0.0,1.0,3.75,3.75,1.0,1.0,1.0,0.25,1.0,0.4840416634896939,0.0,14.000000000000002,1.0,3.7316542288557213,59.70646766169154,0.0006218905472636816,3.7316542288557213,0.9993781094527363,0.9993781094527363,0.9900497512437811,0.9900497512437811,1.0099502487562189,0.24877694859038144,7.993113637741387,1022.27131278357,63.891957048973126,0.9900497512437811,0.4629491250511344,lint,2.307067345110917,28.000000000000004,16,0.000625,0.0,0.0,0.9885271704284359,0.9365671641791045,0.0006474364905389035,0.5782319000009011,20047,15.0,200,0.004171871093220621
0.0,1.0,0.000625,0.02040816326530612,0.99984375,51.0,0.0,1.0,3.1875,3.1875,1.0,1.0,1.0,0.2125,1.0,0.2727516333152191,0.0,14.000000000000002,1.0,3.1377487562189055,50.20398009950249,0.01958955223880597,3.1377487562189055,0.980410447761194,0.9791666666666666,1.0,1.0,1.0497512437810945,0.2091832504145937,7.907788496616251,1001.5152342682425,62.594702141765154,0.9514925373134329,0.243997628051269,lint,0.5571704636796234,28.000000000000004,16,0.000625,0.0,0.0,0.9841338698112069,0.8700248756218906,0.0019647459621556142,0.5732616000004782,20048,15.0,200,0.007104998524759534
0.0,1.0,0.000625,0.02040816326530612,0.99984375,66.0,0.0,1.0,4.125,4.125,2.0,2.0,1.0,0.275,1.0,0.6952357211458123,0.0,14.000000000000002,1.0,4.079601990049751,65.27363184079601,0.0,4.079601990049751,1.0,1.0,1.8805970149253732,1.8805970149253732,1.0,0.2719734660033168,8.0,1024.0,64.0,1.0,0.656513034529371,lint,0.12916858086934033,28.000000000000004,16,0.000625,0.0,0.0,0.9893449807197084,1.0,0.0,0.5946359999998094,20049,15.0,200,0.005104674442398799
0.0,1.0,0.0059375,0.02040816326530612,0.9982395833333334,36.0,0.0,0.5625,2.25,2.25,0.0,1.0,3.0,0.15,0.0625,0.1007088103191082,0.0,14.000000000000002,1.0,2.195273631840796,35.124378109452735,0.0708955223880597,2.195273631840796,0.9291044776119403,0.5388681592039801,0.014925373134328358,1.0,3.5024875621890548,0.14635157545605307,5.625727534416881,518.8139606429281,32.42587254018301,0.04259950248756219,0.0602147688529509,stardisplay,1.9298451786715538,28.000000000000004,16,0.0059375,0.0,0.0,0.973494690364719,0.00404228855721393,0.04155872619432457,0.49409580000065034,20000,15.0,200,0.005485102612838401
0.0,1.0,0.0065625,0.02040816326530612,0.9978177083333333,35.0,0.0,0.5,2.1875,2.1875,1.0,1.0,3.0,0.14583333333333334,0.0,0.16802670156385646,0.0,14.000000000000002,1.0,2.1449004975124377,34.318407960199,0.09856965174129353,2.1449004975124377,0.9014303482587065,0.4779228855721393,0.8756218905472637,1.0099502487562189,3.343283582089552,0.1429933665008292,5.744714454409319,535.5106897732804,33.46941811083003,0.009950248756218905,0.11716832570580255,stardisplay,0.5581599505883812,28.000000000000004,16,0.0065625,0.0,0.0,0.9821924318695432,0.0046641791044776115,0.04464100558124973,0.4904346999992413,20001,15.0,200,0.01012207478914353
0.0,1.0,0.0065625,0.02040816326530612,0.9980312499999999,37.0,0.0,0.6875,2.3125,2.3125,1.0,2.0,2.0,0.15416666666666667,0.3125,0.40622240308125945,0.0,14.000000000000002,1.0,2.2254353233830844,35.60696517412935,0.05939054726368159,2.2254353233830844,0.9406094527363185,0.6772388059701493,1.0,1.507462686567164,2.5074626865671643,0.14836235489220564,6.003320361878568,583.7221750392914,36.48263593995571,0.18936567164179105,0.22725611513656194,stardisplay,1.7444579506778966,28.000000000000004,16,0.0065625,0.0,0.0,0.9624754002561825,0.004353233830845771,0.044427406335068795,0.5047161999991658,20002,15.0,200,0.00956079032308239
0.0,1.0,0.0059375,0.02040816326530612,0.9980312499999999,35.0,0.0,0.75,2.1875,2.1875,1.0,1.0,2.0,0.14583333333333334,0.25,0.05194061928987854,0.0,14.000000000000002,1.0,2.16728855721393,34.67661691542288,0.18034825870646767,2.16728855721393,0.8196517412935324,0.6573383084577115,1.0,1.0,2.4975124378109452,0.14448590381426202,5.655194921846405,517.825552775626,32.36409704847662,0.166044776119403,0.0359616374718084,stardisplay,0.8611182862149871,28.000000000000004,16,0.0059375,0.0,0.0,0.9450680658254634,0.004353233830845771,0.045801437438344535,0.4792488000002777,20003,15.0,200,0.0051383698532850505
0.0,1.0,0.0078125,0.02040816326530612,0.9975684207391524,41.0,0.0,0.75,2.5625,2.5625,0.0,1.0,5.0,0.17083333333333334,0.0,0.12419870933521131,0.0,14.000000000000002,1.0,2.6529850746268657,42.44776119402985,0.07742537313432836,2.6529850746268657,0.9225746268656716,0.6489427860696517,0.0,0.9900497512437811,5.308457711442786,0.17686567164179104,4.942727850613009,421.7878662486145,26.361741640538405,0.0,0.11915557601703276,stardisplay,0.702156141075899,28.000000000000004,16,0.0075,0.0,0.0,0.9838936342319917,0.0021766169154228856,0.032894601417660645,0.4783198999994056,20004,15.0,200,0.006376599139464063
0.0,1.0,0.0128125,0.02040816326530612,0.996479166666667,41.0,0.0,0.9375,2.5625,2.5625,0.0,1.0,2.0,0.17083333333333334,0.0625,0.32395182599244277,0.0,14.000000000000002,1.0,2.5065298507462686,40.1044776119403,0.06747512437810946,2.5065298507462686,0.9325248756218906,0.8442164179104478,0.024875621890547265,1.0199004975124377,2.283582089552239,0.16710199004975124,5.2268497847196365,447.6010492601512,27.97506557875945,0.07058457711442787,0.2568682631672094,stardisplay,0.5119667428948802,28.000000000000004,16,0.0128125,0.0,0.0,0.777822656040001,0.003109452736318408,0.05698816264268215,0.5209787000003416,20005,15.0,200,0.013158224772302324
0.0,1.0,0.005625,0.02040816326530612,0.9984010416666667,43.0,0.0,1.0,2.6875,2.6875,1.0,2.0,1.0,0.17916666666666667,1.0,0.24033150455622557,0.0,14.000000000000002,1.0,2.631218905472637,42.09950248756219,0.06965174129353234,2.631218905472637,0.9303482587064676,0.8914800995024875,0.6567164179104478,1.6467661691542288,1.691542288557214,0.17541459369817577,5.117311517969678,432.38412703712163,27.024007939820102,0.6470771144278606,0.1618195774881811,stardisplay,1.8089984125953842,28.000000000000004,16,0.005625,0.0,0.0,0.9940372361966843,0.002798507462686567,0.03708896153718158,0.5377193999993324,20006,15.0,200,0.007629465831824431
0.0,1.0,0.0059375,0.02040816326530612,0.9980781249999999,32.0,0.0,0.875,2.0,2.0,0.0,1.0,3.0,0.13333333333333333,0.0,0.1893795885652517,0.0,14.000000000000002,1.0,1.9953358208955223,31.925373134328357,0.0,1.9953358208955223,1.0,0.8414179104477612,0.009950248756218905,1.0,3.0597014925373136,0.13302238805970149,6.064653145711952,599.4015343773643,37.46259589858527,0.009950248756218905,0.18107598464947994,stardisplay,1.7310808451189905,28.000000000000004,16,0.0059375,0.0,0.0,0.9492125511073543,0.0046641791044776115,0.04002991282571369,0.5183861999994406,20007,15.0,200,0.006162664107854769
0.0,1.0,0.0078125,0.02040816326530612,0.9974531249999999,35.0,0.0,0.625,2.1875,2.1875,0.0,1.0,3.0,0.14583333333333334,0.0625,0.03534129219772984,0.0,14.000000000000002,1.0,2.1439676616915424,34.30348258706468,0.2689676616915423,2.1439676616915424,0.7310323383084577,0.6110074626865671,0.029850746268656716,1.0099502487562189,3.0248756218905473,0.14293117744610281,5.7438818480383995,534.0135760661207,33.37584850413254,0.02643034825870647,0.00920521927822153,stardisplay,2.3843238720042903,28.000000000000004,16,0.0078125,0.0,0.0,0.9743886474639835,0.004975124378109453,0.038101367815910454,0.5157151000003068,20008,15.0,200,0.006526521030480452
0.0,1.0,0.0071875,0.02040816326530612,0.9975440834228428,48.0,0.0,0.875,3.0,3.0,1.0,2.0,2.0,0.2,0.125,0.2605573801764069,0.0,14.000000000000002,1.0,2.8277363184079602,45.243781094527364,0.03233830845771144,2.8277363184079602,0.9676616915422885,0.7655472636815921,0.8109452736318408,1.771144278606965,2.512437810945274,0.18851575456053069,4.8312833835662214,386.87632575642033,24.17977035977627,0.0861318407960199,0.19658603079352716,stardisplay,1.4780001101843219,28.000000000000004,16,0.0071875,0.0,0.0,0.9519923577940259,0.0018656716417910447,0.04266444993464624,0.5454172000008839,20009,15.0,200,0.015740851984548554
0.0,1.0,0.006875,0.02040816326530612,0.9980595238095239,37.0,0.0,0.8125,2.3125,2.3125,0.0,1.0,3.0,0.15416666666666667,0.0625,0.16418359189097054,0.0,14.000000000000002,1.0,2.3137437810945274,37.01990049751244,0.0,2.3137437810945274,1.0,0.8236940298507462,0.05970149253731343,1.0,2.8805970149253732,0.15424958540630182,5.641498580035192,517.2564987442535,32.32853117151584,0.11847014925373134,0.17036029116723048,stardisplay,0.6951342829128848,28.000000000000004,16,0.006875,0.0,0.0,0.9729231017110463,0.00404228855721393,0.04936745180741009,0.5461777000000438,20010,15.0,200,0.0063591154306557995
0.0,1.0,0.008125,0.02040816326530612,0.9976822916666666,38.0,0.0,0.375,2.375,2.375,1.0,1.0,4.0,0.15833333333333333,0.125,0.23577734990029636,0.0,14.000000000000002,1.0,2.3933457711442787,38.29353233830846,0.01181592039800995,2.3933457711442787,0.9881840796019901,0.44527363184079605,1.0,1.0597014925373134,3.6766169154228856,0.15955638474295192,5.714533262436958,529.3752093534858,33.085950584592865,0.17101990049751245,0.20792035989963517,stardisplay,1.24824159200743,28.000000000000004,16,0.008125,0.0,0.0,0.946163437402324,0.00404228855721393,0.04548057370488825,0.539854300001025,20011,15.0,200,0.006798975782205936
0.0,1.0,0.006875,0.02040816326530612,0.9982945110183564,41.0,0.0,0.75,2.5625,2.5625,0.0,1.0,4.0,0.17083333333333334,0.0,0.13260019246041405,0.0,14.000000000000002,1.0,2.587686567164179,41.40298507462686,0.005286069651741294,2.587686567164179,0.9947139303482587,0.7571517412935324,0.0,0.9154228855721394,3.9353233830845773,0.17251243781094525,5.421104614421782,483.725532900364,30.23284580627275,0.0,0.12146948553976901,stardisplay,0.5938478626168883,28.000000000000004,16,0.006875,0.0,0.0,0.9666807848151177,0.00777363184079602,0.05316121868694819,0.5745463999992353,20012,15.0,200,0.005895961510497096
0.0,1.0,0.0159375,0.02040816326530612,0.9954847604143379,34.0,0.0,0.5625,2.125,2.125,0.0,1.0,4.0,0.14166666666666666,0.0,0.23603916970952188,0.0,14.000000000000002,1.0,2.212997512437811,35.407960199004975,0.04259950248756219,2.212997512437811,0.9574004975124378,0.566231343283582,0.0,0.9751243781094527,3.63681592039801,0.14753316749585407,5.7472923100860855,538.2807613434803,33.64254758396752,0.0,0.19109584125072376,stardisplay,1.8023540665553512,28.000000000000004,16,0.0159375,0.0,0.0,0.9190324182255314,0.005286069651741294,0.05329023928692592,0.5403841999996075,20013,15.0,200,0.006016195096299074
0.0,2.0,0.0071875,0.02040816326530612,0.9978215551386282,36.0,0.3125,0.625,2.25,2.25,0.0,1.0,3.0,0.15,0.0,1.2405681837394773e-06,0.3125,14.000000000000002,0.6875,2.2733208955223883,36.37313432835821,0.3131218905472637,2.2733208955223883,0.6868781094527363,0.6091417910447762,0.0,0.9900497512437811,3.1243781094527363,0.1515547263681592,5.855957605183042,558.8757479668257,34.9297342479266,0.0037313432835820895,0.02149820101631707,stardisplay,0.9094128760315066,28.000000000000004,16,0.0071875,0.0,0.0,0.9918800091574196,0.004975124378109453,0.04885766792072417,0.5732356000007712,20014,15.0,200,0.006259702800745695
0.0,1.0,0.0059375,0.02040816326530612,0.9985074404761904,46.0,0.0,0.625,2.875,2.875,1.0,1.0,3.0,0.19166666666666668,0.125,0.13961679321628936,0.0,14.000000000000002,1.0,2.8501243781094527,45.601990049751244,0.10883084577114428,2.8501243781094527,0.8911691542288557,0.4884950248756219,1.0,1.0,3.6318407960199006,0.19000829187396354,4.934121270464426,408.7804021712666,25.54877513570416,0.1013681592039801,0.09147836842319584,stardisplay,0.21481682214896464,28.000000000000004,16,0.0059375,0.0,0.0,0.955273382027206,0.0021766169154228856,0.0450250209523004,0.558818199999223,20015,15.0,200,0.008253806972741425
0.0,1.0,0.006875,0.02040816326530612,0.9979721960907285,38.0,0.0,0.375,2.375,2.375,1.0,2.0,4.0,0.15833333333333333,0.0,0.35908476877851736,0.0,14.000000000000002,1.0,2.3296019900497513,37.27363184079602,0.048196517412935326,2.3296019900497513,0.9518034825870647,0.36722636815920395,0.6119402985074627,1.2885572139303483,4.830845771144278,0.15530679933665006,5.504431114954767,496.24924991816334,31.01557811988521,0.0,0.17614812110089711,stardisplay,2.1651698164114994,28.000000000000004,16,0.006875,0.0,0.0,0.9635705754798551,0.0065298507462686565,0.05244481065503701,0.5204929999999877,20016,15.0,200,0.012272627146597073
0.0,1.0,0.0071875,0.02040816326530612,0.9974322916666667,34.0,0.0,0.8125,2.125,2.125,1.0,1.0,2.0,0.14166666666666666,0.1875,0.08831724681623859,0.0,14.000000000000002,1.0,2.1393034825870645,34.22885572139303,0.0,2.1393034825870645,1.0,0.7758084577114428,1.0,1.0,2.109452736318408,0.142620232172471,6.258883460286034,631.2099845814274,39.450624036339214,0.17941542288557213,0.10108517186688787,stardisplay,1.9699154208772542,28.000000000000004,16,0.0071875,0.0,0.0,0.9916184982358164,0.004975124378109453,0.03573427308562681,0.5074982999994972,20017,15.0,200,0.004689710178913596
0.0,1.0,0.0075,0.02040816326530612,0.9978697916666667,40.0,0.0,0.75,2.5,2.5,0.0,1.0,3.0,0.16666666666666666,0.0625,0.0542203012043034,0.0,14.000000000000002,1.0,2.458955223880597,39.343283582089555,0.11971393034825871,2.458955223880597,0.8802860696517413,0.6965174129353234,0.024875621890547265,1.0149253731343284,3.263681592039801,0.16393034825870645,5.6131803908766535,512.5439128001913,32.033994550011954,0.056592039800995024,0.04181354341770833,stardisplay,1.1933524663341952,28.000000000000004,16,0.0075,0.0,0.0,0.972563501470991,0.0037313432835820895,0.03886269375976625,0.5324416999992536,20018,15.0,200,0.005604263686275457
0.0,1.0,0.005625,0.02040816326530612,0.9982678571428572,42.0,0.0,0.75,2.625,2.625,0.0,2.0,3.0,0.175,0.0,0.38052229756154293,0.0,14.000000000000002,1.0,2.5444651741293534,40.711442786069654,0.01958955223880597,2.5444651741293534,0.980410447761194,0.6906094527363185,0.009950248756218905,1.7114427860696517,3.283582089552239,0.16963101160862354,5.212936266890066,447.2586453560669,27.95366533475418,0.006218905472636816,0.29858158437825927,stardisplay,1.6448162558485795,28.000000000000004,16,0.005625,0.0,0.0,0.9483315807623154,0.0037313432835820895,0.03547607210367182,0.5414873000008811,20019,15.0,200,0.00908881168883282
0.0,1.0,0.0084375,0.02040816326530612,0.9970260416666668,38.0,0.0,0.5625,2.375,2.375,0.0,1.0,5.0,0.15833333333333333,0.0,0.3129005579508539,0.0,14.000000000000002,1.0,2.2549751243781095,36.07960199004975,0.0861318407960199,2.2549751243781095,0.9138681592039801,0.5049751243781094,0.004975124378109453,1.0,5.970149253731344,0.15033167495854063,5.692217626626404,534.742667037619,33.421416689851185,0.005286069651741294,0.1882735117203704,stardisplay,1.618298686300804,28.000000000000004,16,0.0084375,0.0,0.0,0.9858250600950441,0.003109452736318408,0.0479164391809106,0.5371160000013333,20020,15.0,200,0.0064317057068822465
0.0,1.0,0.0075,0.02040816326530612,0.9975885416666667,36.0,0.0,0.625,2.25,2.25,0.0,1.0,4.0,0.15,0.0,0.21931622160818526,0.0,14.000000000000002,1.0,2.2705223880597014,36.32835820895522,0.016791044776119403,2.2705223880597014,0.9832089552238806,0.5929726368159204,0.13930348258706468,1.0,4.029850746268656,0.1513681592039801,5.613267290379484,518.3819455752734,32.39887159845459,0.00808457711442786,0.18720013972630137,stardisplay,1.0082884535717864,28.000000000000004,16,0.0071875,0.0,0.0,0.9318711857882711,0.0037313432835820895,0.03598796096873875,0.4805121000008512,20021,15.0,200,0.010930766262841897
0.0,1.0,0.0078125,0.02040816326530612,0.9970625,44.0,0.0,0.9375,2.75,2.75,0.0,1.0,2.0,0.18333333333333332,0.0625,0.28678744175149634,0.0,14.000000000000002,1.0,2.6106965174129355,41.77114427860697,0.028606965174129355,2.6106965174129355,0.9713930348258707,0.8118781094527363,0.21393034825870647,1.1343283582089552,2.283582089552239,0.17404643449419568,5.4886769186595865,493.760395117525,30.86002469484531,0.1318407960199005,0.19158293478900523,stardisplay,0.41193909522636446,28.000000000000004,16,0.0078125,0.0,0.0,0.9333489302650323,0.00404228855721393,0.05348830401646489,0.514489200000753,20022,15.0,200,0.02810874670405173
0.0,1.0,0.00625,0.02040816326530612,0.9976354166666667,41.0,0.0,0.9375,2.5625,2.5625,0.0,1.0,2.0,0.17083333333333334,0.0625,0.2685165894522265,0.0,14.000000000000002,1.0,2.468283582089552,39.492537313432834,0.03016169154228856,2.468283582089552,0.9698383084577115,0.9045398009950248,0.0845771144278607,1.0,2.154228855721393,0.16455223880597017,5.373671660067834,468.98331869508513,29.31145741844282,0.07213930348258707,0.21885659178722777,stardisplay,0.6662400162413685,28.000000000000004,16,0.005625,0.0,0.0,0.9555537868753536,0.004353233830845771,0.05437169184887565,0.5335038000011991,20023,15.0,200,0.021214640190588954
0.0,1.0,0.0084375,0.02040816326530612,0.99734375,44.0,0.0,0.8125,2.75,2.75,0.0,1.0,3.0,0.18333333333333332,0.0,0.2685784474050799,0.0,14.000000000000002,1.0,2.692786069651741,43.08457711442786,0.026741293532338308,2.692786069651741,0.9732587064676617,0.7876243781094527,0.01990049751243781,1.0199004975124377,3.0597014925373136,0.17951907131011607,5.1956962193294975,440.5646231726399,27.535288948289995,0.00808457711442786,0.21877320829082678,stardisplay,0.3783438004501833,28.000000000000004,16,0.0084375,0.0,0.0,0.7828095207338361,0.002798507462686567,0.05409612050807902,0.5236688000004506,20024,15.0,200,0.014190139981567316
0.0,1.0,0.0078125,0.02040816326530612,0.9975755208333333,38.0,0.0,0.9375,2.375,2.375,0.0,1.0,2.0,0.15833333333333333,0.0625,0.052479607128563685,0.0,14.000000000000002,1.0,2.3833955223880596,38.134328358208954,0.00777363184079602,2.3833955223880596,0.992226368159204,0.9368781094527363,0.2885572139303483,1.0,1.771144278606965,0.15889303482587064,5.44786611985014,487.7228847322309,30.482680295764432,0.29539800995024873,0.061668977599525124,stardisplay,1.5497924603649933,28.000000000000004,16,0.0071875,0.0,0.0,0.9450015915152944,0.0046641791044776115,0.04149757576183896,0.5387725000000501,20025,15.0,200,0.008452271232848092
0.0,1.0,0.00625,0.02040816326530612,0.9981458333333333,37.0,0.0,1.0,2.3125,2.3125,1.0,2.0,1.0,0.15416666666666667,1.0,0.23748666609519228,0.0,14.000000000000002,1.0,2.3149875621890548,37.039800995024876,0.018656716417910446,2.3149875621890548,0.9813432835820896,0.9748134328358209,1.0248756218905473,2.0,1.1343283582089552,0.154332504145937,5.6129633596898945,508.3776952920171,31.77360595575107,0.8722014925373134,0.20436624326261288,stardisplay,0.4136809864720935,28.000000000000004,16,0.0059375,0.0,0.0,0.9343476250256937,0.004975124378109453,0.04173736815851047,0.5197281999990082,20026,15.0,200,0.01410366408192322
0.0,1.0,0.0103125,0.02040816326530612,0.9971037946428573,36.0,0.0,0.9375,2.25,2.25,0.0,1.0,2.0,0.15,0.0625,0.11450596855200088,0.0,14.000000000000002,1.0,2.3041044776119404,36.865671641791046,0.0,2.3041044776119404,1.0,0.9375,0.009950248756218905,1.0,1.9950248756218905,0.15360696517412936,5.808925189234312,554.0981170813915,34.63113231758697,0.07182835820895522,0.12555803915995112,stardisplay,0.721280872006741,28.000000000000004,16,0.0103125,0.0,0.0,0.9838688826088627,0.0046641791044776115,0.036387082322648354,0.5104777000015019,20027,15.0,200,0.0052706155750913185
0.0,1.0,0.0071875,0.02040816326530612,0.997875,40.0,0.0,0.625,2.5,2.5,1.0,1.0,3.0,0.16666666666666666,0.125,0.10666706375511062,0.0,14.000000000000002,1.0,2.4657960199004973,39.45273631840796,0.07058457711442787,2.4657960199004973,0.9294154228855721,0.5550373134328358,1.0,1.0298507462686568,3.4527363184079602,0.16438640132669982,5.419134500143103,486.8452603088645,30.427828769304032,0.06716417910447761,0.06116575825046633,stardisplay,0.8895385215016828,28.000000000000004,16,0.0071875,0.0,0.0,0.9827249510394093,0.00404228855721393,0.04398137442964404,0.6017300999992585,20028,15.0,200,0.012410860206848395
0.0,2.0,0.009375,0.02040816326530612,0.9975776960711047,36.0,0.1875,0.625,2.25,2.25,0.0,1.0,4.0,0.15,0.0,0.0006248196176640156,0.1875,14.000000000000002,0.8125,2.293221393034826,36.691542288557216,0.17506218905472637,2.293221393034826,0.8249378109452736,0.6436567164179104,0.0,0.9303482587064676,3.890547263681592,0.1528814262023217,5.621593804242588,518.1991359033964,32.387445993962274,0.0006218905472636816,0.002626826731129148,stardisplay,1.2493329265427446,28.000000000000004,16,0.009375,0.0,0.0,0.8665161585973253,0.00808457711442786,0.03848209781977541,0.6259807000005821,20029,15.0,200,0.004979212254191628
0.0,1.0,0.0065625,0.02040816326530612,0.9981555059523811,43.0,0.0,1.0,2.6875,2.6875,1.0,1.0,1.0,0.17916666666666667,1.0,0.21842154373559386,0.0,14.000000000000002,1.0,2.6159825870646767,41.85572139303483,0.07120646766169154,2.6159825870646767,0.9287935323383084,0.7789179104477612,1.0,1.0,2.1243781094527363,0.17439883913764512,5.360935059517091,469.1981148342369,29.324882177139806,0.5907960199004975,0.14612613523170223,stardisplay,0.3557881180438955,28.000000000000004,16,0.0065625,0.0,0.0,0.9545707748533424,0.002798507462686567,0.05413742943921696,0.613318600000639,20030,15.0,200,0.009933732580871355
0.0,1.0,0.00625,0.02040816326530612,0.9979114583333333,47.0,0.0,0.75,2.9375,2.9375,0.0,1.0,3.0,0.19583333333333333,0.0,0.14503135727353414,0.0,14.000000000000002,1.0,2.8069029850746268,44.91044776119403,0.022388059701492536,2.8069029850746268,0.9776119402985075,0.7692786069651741,0.03482587064676617,1.0,2.845771144278607,0.18712686567164177,5.095768945022622,437.65835472512197,27.353647170320123,0.013059701492537313,0.12489623000071619,stardisplay,0.7892593121250461,28.000000000000004,16,0.00625,0.0,0.0,0.8940885410967487,0.003109452736318408,0.0407229485914384,0.5749309999991965,20031,15.0,200,0.04413250871741797
0.0,2.0,0.00625,0.02040816326530612,0.9981197916666668,34.0,0.375,0.625,2.125,2.125,1.0,2.0,3.0,0.14166666666666666,0.0,2.491653536353805e-06,0.375,14.000000000000002,0.625,2.136504975124378,34.18407960199005,0.38743781094527363,2.136504975124378,0.6125621890547264,0.5867537313432836,1.0,1.9303482587064678,3.154228855721393,0.14243366500829188,5.616762918861002,511.7424291995393,31.983901824971205,0.0,1.846002279844749e-05,stardisplay,1.8677566383676765,28.000000000000004,16,0.00625,0.0,0.0,0.9444016425426602,0.0037313432835820895,0.02320084063894574,0.5167587000014464,20032,15.0,200,0.013164287592475682
0.0,1.0,0.0075,0.02040816326530612,0.9976733630952381,41.0,0.0,0.625,2.5625,2.5625,0.0,1.0,5.0,0.17083333333333334,0.0,0.2362951673236383,0.0,14.000000000000002,1.0,2.5441542288557213,40.70646766169154,0.0,2.5441542288557213,1.0,0.6194029850746269,0.04477611940298507,1.0,4.651741293532338,0.16961028192371477,5.413901225490752,490.0871050439351,30.630444065245943,0.021144278606965175,0.20358445141204115,stardisplay,0.2937463678638016,28.000000000000004,16,0.0075,0.0,0.0,0.9902458379397825,0.003109452736318408,0.05779834493743047,0.5336313000007067,20033,15.0,200,0.004438605414814578
0.0,1.0,0.0078125,0.02040816326530612,0.9977916666666666,48.0,0.0,0.8125,3.0,3.0,0.0,2.0,3.0,0.2,0.0,0.2920100186179686,0.0,14.000000000000002,1.0,2.8152985074626864,45.04477611940298,0.16417910447761194,2.8152985074626864,0.835820895522388,0.5752487562189055,0.004975124378109453,2.0049751243781095,3.5522388059701493,0.1876865671641791,4.895016568641879,396.7888044016158,24.799300275100986,0.014925373134328358,0.1607627389793307,stardisplay,0.014421881329293456,28.000000000000004,16,0.0078125,0.0,0.0,0.8856852126412192,0.003109452736318408,0.038728875128026245,0.552435699999478,20034,15.0,200,0.018132453189634096
0.0,1.0,0.0075,0.02040816326530612,0.9977239583333334,46.0,0.0,0.8125,2.875,2.875,0.0,1.0,4.0,0.19166666666666668,0.0,0.2062982924008711,0.0,14.000000000000002,1.0,2.653917910447761,42.46268656716418,0.07773631840796019,2.653917910447761,0.9222636815920398,0.6868781094527363,0.014925373134328358,1.0049751243781095,4.278606965174129,0.17692786069651742,5.1674670690358315,439.8496070311711,27.490600439448194,0.004975124378109453,0.15646127252668307,stardisplay,0.9143177569281822,28.000000000000004,16,0.0071875,0.0,0.0,0.8709241957316154,0.004353233830845771,0.05599836172393114,0.5263083000008919,20035,15.0,200,0.027216714679677664
0.0,1.0,0.00875,0.02040816326530612,0.9971145833333332,45.0,0.0,0.9375,2.8125,2.8125,0.0,2.0,2.0,0.1875,0.0625,0.17752112259351766,0.0,14.000000000000002,1.0,2.7018034825870645,43.22885572139303,0.011504975124378109,2.7018034825870645,0.9884950248756219,0.8765547263681592,0.15920398009950248,1.8855721393034826,2.3781094527363185,0.18012023217247097,5.075548285601259,425.1202584431919,26.570016152699495,0.10074626865671642,0.15274987121762032,stardisplay,0.13844345927791846,28.000000000000004,16,0.00875,0.0,0.0,0.9700381517994406,0.003109452736318408,0.0333707360494066,0.5200822000006156,20036,15.0,200,0.016765911923627152
0.0,1.0,0.010625,0.02040816326530612,0.9970558035714285,38.0,0.0,0.9375,2.375,2.375,0.0,2.0,2.0,0.15833333333333333,0.0625,0.12033568139294992,0.0,14.000000000000002,1.0,2.41386815920398,38.62189054726368,0.0037313432835820895,2.41386815920398,0.996268656716418,0.9306592039800995,0.014925373134328358,1.8407960199004976,2.029850746268657,0.160924543946932,5.500759883840866,495.6673804911153,30.979211280694706,0.06654228855721393,0.13625354884417726,stardisplay,2.2625078518212325,28.000000000000004,16,0.010625,0.0,0.0,0.9883018448597775,0.00404228855721393,0.040118837981962224,0.5282182000009925,20037,15.0,200,0.009009291856819805
0.0,1.0,0.010625,0.02040816326530612,0.996890625,41.0,0.0,0.875,2.5625,2.5625,1.0,1.0,2.0,0.17083333333333334,0.125,0.3234996248671271,0.0,14.000000000000002,1.0,2.552549751243781,40.840796019900495,0.021766169154228857,2.552549751243781,0.9782338308457711,0.7972636815920398,1.0248756218905473,1.0497512437810945,2.129353233830846,0.17016998341625206,5.445749155276602,479.78605137459914,29.986628210912446,0.1449004975124378,0.27778098697671205,stardisplay,0.4329074402310347,28.000000000000004,16,0.010625,0.0,0.0,0.9774592435340701,0.0046641791044776115,0.051679268814338555,0.527337699999407,20038,15.0,200,0.007965149171182354
0.0,1.0,0.005625,0.02040816326530612,0.9980833333333333,33.0,0.0,0.9375,2.0625,2.0625,0.0,1.0,2.0,0.1375,0.0625,0.18436082176635793,0.0,14.000000000000002,1.0,2.0472636815920398,32.756218905472636,0.018656716417910446,2.0472636815920398,0.9813432835820896,0.9039179104477612,0.009950248756218905,1.0,2.099502487562189,0.13648424543946933,5.766451441977674,540.8891128057371,33.80556955035857,0.06529850746268656,0.13893543491537688,stardisplay,2.1996435881902587,28.000000000000004,16,0.005625,0.0,0.0,0.931282467897996,0.004975124378109453,0.04841584282276848,0.5089809000000969,20039,15.0,200,0.00657285279871678
0.0,1.0,0.008125,0.02040816326530612,0.9971912202380951,34.0,0.0,0.5,2.125,2.125,0.0,1.0,4.0,0.14166666666666666,0.0,0.15465910313259462,0.0,14.000000000000002,1.0,2.1060323383084576,33.69651741293532,0.0640547263681592,2.1060323383084576,0.9359452736318408,0.49657960199004975,0.029850746268656716,1.0248756218905473,4.114427860696518,0.1404021558872305,6.0750549097601665,598.4503214101981,37.40314508813738,0.01990049751243781,0.08913887882092605,stardisplay,0.7906255655841886,28.000000000000004,16,0.008125,0.0,0.0,0.9815987686940811,0.00404228855721393,0.04397828816690222,0.5495471999984147,20040,15.0,200,0.006012962106553573
0.0,1.0,0.005,0.02040816326530612,0.9981510416666667,41.0,0.0,0.8125,2.5625,2.5625,1.0,2.0,2.0,0.17083333333333334,0.1875,0.1654737754599502,0.0,14.000000000000002,1.0,2.4832089552238807,39.73134328358209,0.006218905472636816,2.4832089552238807,0.9937810945273632,0.755907960199005,0.9054726368159204,1.9203980099502487,2.2487562189054726,0.16554726368159203,5.3285953959398284,468.97426667093066,29.310891666933166,0.1884328358208955,0.13981033086297218,stardisplay,0.5904978643505275,28.000000000000004,16,0.0046875,0.0,0.0,0.9328335539504616,0.003109452736318408,0.03813998307253337,0.5245467000004282,20041,15.0,200,0.017444209257680844
0.0,1.0,0.008125,0.02040816326530612,0.99725,36.0,0.0,0.5625,2.25,2.25,0.0,1.0,5.0,0.15,0.0,0.168143624963924,0.0,14.000000000000002,1.0,2.254353233830846,36.069651741293534,0.028296019900497512,2.254353233830846,0.9717039800995025,0.5671641791044776,0.009950248756218905,1.0,5.0049751243781095,0.15029021558872305,5.496566710811105,496.09404957679766,31.005878098549854,0.009950248756218905,0.13644167434445123,stardisplay,0.3500912215495415,28.000000000000004,16,0.008125,0.0,0.0,0.9367268504737067,0.003109452736318408,0.0352631999141456,0.5222626000013406,20042,15.0,200,0.01247398762454455
0.0,1.0,0.008125,0.02040816326530612,0.9978325892857143,44.0,0.0,0.5625,2.75,2.75,1.0,1.0,3.0,0.18333333333333332,0.1875,0.1273905673334929,0.0,14.000000000000002,1.0,2.8606965174129355,45.77114427860697,0.07960199004975124,2.8606965174129355,0.9203980099502488,0.7008706467661692,1.0,1.3781094527363185,2.3233830845771144,0.19071310116086237,4.650031771952011,358.27668527919406,22.39229282994963,0.3177860696517413,0.07546214715207648,stardisplay,0.25178299850638375,28.000000000000004,16,0.008125,0.0,0.0,0.7939877394276564,0.0018656716417910447,0.025527810586282285,0.5750974000002316,20043,15.0,200,0.015443434367579736
0.0,1.0,0.00625,0.02040816326530612,0.9980104166666667,42.0,0.0,0.875,2.625,2.625,1.0,1.0,2.0,0.175,0.125,0.2045441683649753,0.0,14.000000000000002,1.0,2.4757462686567164,39.61194029850746,0.13681592039800994,2.4757462686567164,0.8631840796019901,0.7633706467661692,1.0,1.0,2.5920398009950247,0.16504975124378107,5.46845692060727,487.41576387333606,30.463485242083504,0.06529850746268656,0.10465268876096363,stardisplay,0.3130670627106638,28.000000000000004,16,0.00625,0.0,0.0,0.9287497483117556,0.0046641791044776115,0.05049603606789703,0.5139634000006481,20044,15.0,200,0.014388940041545112
0.0,1.0,0.0078125,0.02040816326530612,0.9975,37.0,0.0,0.6875,2.3125,2.3125,0.0,2.0,3.0,0.15416666666666667,0.0625,0.24525485595114302,0.0,14.000000000000002,1.0,2.265547263681592,36.24875621890547,0.03482587064676617,2.265547263681592,0.9651741293532339,0.6119402985074627,0.06965174129353234,1.771144278606965,3.243781094527363,0.15103648424543947,5.495737880823762,489.2606938891215,30.578793368070095,0.09328358208955224,0.1482204616706311,stardisplay,1.4914536167174195,28.000000000000004,16,0.0078125,0.0,0.0,0.9926040584452541,0.0046641791044776115,0.03495372716648444,0.5360787000008713,20045,15.0,200,0.0052415710902603725
0.0,1.0,0.01,0.02040816326530612,0.996966987107832,41.0,0.0,0.9375,2.5625,2.5625,0.0,2.0,2.0,0.17083333333333334,0.0625,0.2837721372125119,0.0,14.000000000000002,1.0,2.454912935323383,39.27860696517413,0.10416666666666667,2.454912935323383,0.8958333333333334,0.5811567164179104,0.0,1.2736318407960199,3.7313432835820897,0.16366086235489222,5.403075482911547,476.98697448428175,29.81168590526761,0.018656716417910446,0.13361824485918203,stardisplay,0.8522745051868792,28.000000000000004,16,0.01,0.0,0.0,0.9802110205241665,0.00404228855721393,0.045034463339788305,0.539824999999837,20046,15.0,200,0.012383217701354752
0.0,1.0,0.0071875,0.02040816326530612,0.9976279845688667,33.0,0.0,0.6875,2.0625,2.0625,0.0,1.0,3.0,0.1375,0.0,0.09188107300977992,0.0,14.000000000000002,1.0,2.05907960199005,32.9452736318408,0.028296019900497512,2.05907960199005,0.9717039800995025,0.6626243781094527,0.0,0.9850746268656716,3.228855721393035,0.13727197346600334,5.87418969574454,560.050135262133,35.003133453883315,0.0009328358208955224,0.07404084063210255,stardisplay,2.307067345110917,28.000000000000004,16,0.0071875,0.0,0.0,0.9810048498134096,0.0046641791044776115,0.03272647590430358,0.531129900000451,20047,15.0,200,0.004816703362062112
0.0,1.0,0.0034375,0.02040816326530612,0.9988020833333334,41.0,0.0,0.8125,2.5625,2.5625,1.0,1.0,2.0,0.17083333333333334,0.1875,0.10084057678264559,0.0,14.000000000000002,1.0,2.5261194029850746,40.417910447761194,0.05223880597014925,2.5261194029850746,0.9477611940298507,0.7350746268656716,1.0,1.0,2.3582089552238807,0.16840796019900497,5.445605895581973,486.8685669924834,30.429285437030213,0.16013681592039802,0.09027738643454092,stardisplay,0.5571704636796234,28.000000000000004,16,0.0034375,0.0,0.0,0.9719619009522794,0.003109452736318408,0.05250318786684741,0.5154588999994303,20048,15.0,200,0.013569857655718337
0.0,2.0,0.006875,0.02040816326530612,0.9970104166666667,33.0,0.5,0.5,2.0625,2.0625,0.0,1.0,3.0,0.1375,0.0,1.76438963275218e-05,0.5,14.000000000000002,0.5,2.130286069651741,34.08457711442786,0.1449004975124378,2.130286069651741,0.8550995024875622,0.5071517412935324,0.06467661691542288,1.0,3.557213930348259,0.1420190713101161,5.930278302929604,574.614595993328,35.913412249583,0.03980099502487562,0.05775773405418794,stardisplay,0.12916858086934033,28.000000000000004,16,0.0065625,0.0,0.0,0.9875234125297432,0.004975124378109453,0.038871064914851663,0.5147084000000177,20049,15.0,200,0.007458244114633321
0.0,1.0,0.001875,0.03305785123966942,0.9996319444444444,77.0,0.0,1.0,4.8125,4.8125,2.0,3.0,1.0,0.32083333333333336,1.0,1.350762276048473,0.0,11.0,1.0,4.829291044776119,77.26865671641791,0.0,4.829291044776119,1.0,1.0,2.0,2.9950248756218905,1.0,0.321952736318408,7.082330628872714,819.0526979735926,51.190793623349535,1.0,1.342220618333462,alf,1.4579943217215623,22.0,16,0.001875,0.0,0.0,0.9904232747928616,0.5003109452736318,0.001593813457027425,0.6291624000004958,20000,15.0,200,0.0037736377347608588
0.0,1.0,0.00125,0.03305785123966942,0.9998177083333334,88.0,0.0,1.0,5.5,5.5,3.0,3.0,1.0,0.36666666666666664,1.0,2.1517064293003174,0.0,11.0,1.0,5.486007462686567,87.77611940298507,0.0,5.486007462686567,1.0,1.0,3.0,3.0,1.0,0.3657338308457711,7.598076211353353,928.0,58.0,1.0,2.143842652378724,alf,0.43855424689087036,22.0,16,0.00125,0.0,0.0,0.9936980772126688,0.625,0.0,0.6774832999999489,20001,15.0,200,0.004331632347004263
0.0,1.0,0.0009375,0.03305785123966942,0.9997991071428572,91.0,0.0,1.0,5.6875,5.6875,3.0,3.0,1.0,0.37916666666666665,1.0,1.818331269004051,0.0,11.0,1.0,5.681902985074627,90.91044776119404,0.0,5.681902985074627,1.0,1.0,3.0,3.0049751243781095,1.0,0.3787935323383085,7.647622478580579,943.0211242662275,58.93882026663922,1.0,1.8203992202573713,alf,1.236891080216562,22.0,16,0.000625,0.0,0.0,0.9916535955437523,0.7503109452736318,0.0011295296027003224,0.6814033000009658,20002,15.0,200,0.0043646216388705614
0.0,1.0,0.003125,0.03305785123966942,0.9995393105158731,89.0,0.0,1.0,5.5625,5.5625,2.0,3.0,1.0,0.37083333333333335,1.0,2.4955587888785447,0.0,11.0,1.0,5.564676616915423,89.03482587064677,0.0,5.564676616915423,1.0,1.0,2.0,3.0,1.0,0.37097844112769485,7.305849532818956,863.9205909475965,53.99503693422478,1.0,2.4962825464236738,alf,0.6147689106722454,22.0,16,0.0028125,0.0,0.0,0.9889103117840515,0.31529850746268656,0.002804212053957941,0.6153395999990607,20003,15.0,200,0.0035076028416033437
0.0,1.0,0.0003125,0.03305785123966942,0.9999553571428572,87.0,0.0,1.0,5.4375,5.4375,1.0,4.0,1.0,0.3625,1.0,0.9020576281151436,0.0,11.0,1.0,5.431592039800995,86.90547263681592,0.0,5.431592039800995,1.0,1.0,1.0,3.9800995024875623,1.0,0.36210613598673297,5.826524102639538,571.8169761166473,35.73856100729046,1.0,0.8929259496963421,alf,0.47783152542905877,22.0,16,0.0003125,0.0,0.0,0.9880264793580641,0.25,0.0003984605589223361,0.5696038999994926,20004,15.0,200,0.003928334633017541
0.0,1.0,0.0025,0.03305785123966942,0.9994624255952381,93.0,0.0,1.0,5.8125,5.8125,3.0,3.0,1.0,0.3875,1.0,1.6481460341685237,0.0,11.0,1.0,5.818407960199005,93.09452736318408,0.0,5.818407960199005,1.0,1.0,3.0696517412935322,3.009950248756219,1.0,0.38789386401326703,7.231208460437606,846.3931764798971,52.89957352999357,1.0,1.6357531618301189,alf,0.2855054732475637,22.0,16,0.0021875,0.0,0.0,0.9204655823441167,0.3125,0.0013426532240426161,0.6259901000012178,20005,15.0,200,0.004232874477708989
0.0,1.0,0.003125,0.03305785123966942,0.9995657242063493,81.0,0.0,0.75,5.0625,5.0625,1.0,3.0,2.0,0.3375,0.25,1.177782803453415,0.0,11.0,1.0,5.102611940298507,81.64179104477611,0.0,5.102611940298507,1.0,0.7810945273631841,1.1243781094527363,3.0,1.8756218905472637,0.3401741293532338,6.545796797896263,720.8955409659079,45.055971310369245,0.34328358208955223,1.1730742668124554,alf,1.4107257104483983,22.0,16,0.003125,0.0,0.0,0.9950243885327904,0.43781094527363185,0.002282592977783441,0.587383599999157,20006,15.0,200,0.003305314754057364
0.0,1.0,0.003125,0.03305785123966942,0.9994254712301587,93.0,0.0,1.0,5.8125,5.8125,2.0,2.0,1.0,0.3875,1.0,1.434094316799466,0.0,11.0,1.0,5.810323383084577,92.96517412935323,0.0,5.810323383084577,1.0,1.0,2.044776119402985,2.0398009950248754,1.0,0.38735489220563846,7.522236829479371,912.6241832315217,57.039011451970104,1.0,1.4537622947546602,alf,1.3365137244787,22.0,16,0.0028125,0.0,0.0,0.9855387061214758,0.5628109452736318,0.001067169536793383,0.602440699998624,20007,15.0,200,0.004947986007888457
0.0,1.0,0.00125,0.03305785123966942,0.9998065476190476,87.0,0.0,1.0,5.4375,5.4375,3.0,3.0,1.0,0.3625,1.0,1.8991359618542787,0.0,11.0,1.0,5.443718905472637,87.09950248756219,0.0,5.443718905472637,1.0,1.0,3.0,3.0,1.0,0.36291459369817575,7.7387162103614395,961.5378961245374,60.096118507783586,1.0,1.8982041939832728,alf,1.8640677052901395,22.0,16,0.00125,0.0,0.0,0.9941138331570353,0.7506218905472637,0.0006698729806052067,0.6266943000009633,20008,15.0,200,0.003002603947979272
0.0,1.0,0.0025,0.03305785123966942,0.999569072420635,86.0,0.0,1.0,5.375,5.375,2.0,3.0,1.0,0.35833333333333334,1.0,1.2714858068436214,0.0,11.0,1.0,5.328980099502488,85.2636815920398,0.0,5.328980099502488,1.0,0.9477611940298507,1.7661691542288558,3.0,1.1492537313432836,0.3552653399668325,6.450468552632489,688.0,43.0,0.9029850746268657,1.2202207822043656,alf,1.1775406838087628,22.0,16,0.0021875,0.0,0.0,0.9866441623398569,0.25,0.0,0.6211738000001787,20009,15.0,200,0.006163489237516992
0.0,1.0,0.0034375,0.03305785123966942,0.9992508680555556,89.0,0.0,1.0,5.5625,5.5625,2.0,2.0,1.0,0.37083333333333335,1.0,1.165374548398064,0.0,11.0,1.0,5.594838308457711,89.51741293532338,0.0,5.594838308457711,1.0,1.0,1.9950248756218905,2.009950248756219,1.0,0.3729892205638474,7.4819661789937495,902.6993927831003,56.41871204894377,1.0,1.1621434137424071,alf,0.6634080768487794,22.0,16,0.0025,0.0,0.0,0.9813898911383852,0.5696517412935324,0.0017370425147883906,0.6524450999986584,20010,15.0,200,0.004651405147134244
0.0,1.0,0.0021875,0.03305785123966942,0.9996068948412699,89.0,0.0,1.0,5.5625,5.5625,1.0,1.0,1.0,0.37083333333333335,1.0,0.5356531216968735,0.0,11.0,1.0,5.571206467661692,89.13930348258707,0.0,5.571206467661692,1.0,1.0,1.0149253731343284,1.0149253731343284,1.0,0.37141376451077945,7.439049496827765,895.7070149226781,55.98168843266738,1.0,0.5460579406831785,alf,0.8103905978232967,22.0,16,0.0021875,0.0,0.0,0.9818900952621888,0.5006218905472637,0.0015530787184116612,0.645827599999393,20011,15.0,200,0.003427781324276718
0.0,1.0,0.0025,0.03305785123966942,0.9994918154761905,84.0,0.0,1.0,5.25,5.25,2.0,2.0,1.0,0.35,1.0,1.3564642567013334,0.0,11.0,1.0,5.244092039800995,83.90547263681592,0.0,5.244092039800995,1.0,1.0,2.0049751243781095,2.014925373134328,1.0,0.34960613598673296,6.794670561359158,760.370945997741,47.523184124858815,1.0,1.3167995233040086,alf,0.4665947491989843,22.0,16,0.0025,0.0,0.0,0.9810599772339558,0.3131218905472637,0.003688948739408078,0.6440344999991794,20012,15.0,200,0.00470666193805321
0.0,1.0,0.00125,0.03305785123966942,0.9998567708333332,94.0,0.0,1.0,5.875,5.875,2.0,2.0,1.0,0.39166666666666666,1.0,1.377616727725119,0.0,11.0,1.0,5.854166666666667,93.66666666666667,0.0,5.854166666666667,1.0,1.0,2.0,2.0,1.0,0.39027777777777783,7.352757524602785,878.6349402431333,54.91468376519583,1.0,1.3771748657853722,alf,1.3514153120213264,22.0,16,0.00125,0.0,0.0,0.9885301898495187,0.625,0.0006341324197245146,0.7327365000001009,20013,15.0,200,0.0036364351860043737
0.0,1.0,0.0009375,0.03305785123966942,0.9998333333333334,82.0,0.0,1.0,5.125,5.125,3.0,3.0,1.0,0.3416666666666667,1.0,1.9840024615625593,0.0,11.0,1.0,5.120335820895522,81.92537313432835,0.0,5.120335820895522,1.0,1.0,3.0,3.0,1.0,0.3413557213930348,7.393013086088514,881.7995757151806,55.11247348219879,1.0,1.9723401730721712,alf,0.7302382754927816,22.0,16,0.000625,0.0,0.0,0.9946997463809167,0.5027985074626866,0.0012089889132846383,0.6440111000010802,20014,15.0,200,0.003686998071562819
0.0,1.0,0.0028125,0.03305785123966942,0.9995569196428571,83.0,0.0,1.0,5.1875,5.1875,2.0,3.0,1.0,0.3458333333333333,1.0,1.1488098814561076,0.0,11.0,1.0,5.0513059701492535,80.82089552238806,0.0,5.0513059701492535,1.0,1.0,1.935323383084577,2.8955223880597014,1.0,0.33675373134328357,6.0956642874215845,627.9220364211777,39.24512727632361,1.0,1.0059688787277836,alf,0.18083975719016745,22.0,16,0.0025,0.0,0.0,0.9863053302677327,0.25,0.0012070687762569436,0.6570023999993282,20015,15.0,200,0.004395878190216252
0.0,1.0,0.0015625,0.03305785123966942,0.9997674851190476,91.0,0.0,1.0,5.6875,5.6875,3.0,3.0,1.0,0.37916666666666665,1.0,2.1412147349852457,0.0,11.0,1.0,5.699004975124378,91.18407960199005,0.0,5.699004975124378,1.0,1.0,3.0,3.0,1.0,0.37993366500829184,7.022770587293932,808.7689480622689,50.54805925389181,1.0,2.1418207675034036,alf,1.7012048557518913,22.0,16,0.0009375,0.0,0.0,0.9940718682000624,0.5003109452736318,0.00033493649030260335,0.6232713999997941,20016,15.0,200,0.002726905194720032
0.0,1.0,0.0015625,0.03305785123966942,0.9997098214285713,100.0,0.0,1.0,6.25,6.25,2.0,2.0,1.0,0.4166666666666667,1.0,1.6378157545796874,0.0,11.0,1.0,6.2534203980099505,100.05472636815921,0.0,6.2534203980099505,1.0,1.0,2.0049751243781095,2.0049751243781095,1.0,0.41689469320066336,7.870024645459875,992.9221962379456,62.0576372648716,1.0,1.6427681630286717,alf,1.4102510097986294,22.0,16,0.0015625,0.0,0.0,0.993360105989184,0.8753109452736318,0.0004086225181628164,0.6639316999990115,20017,15.0,200,0.0035837141003398913
0.0,1.0,0.0021875,0.03305785123966942,0.9996133432539682,86.0,0.0,1.0,5.375,5.375,3.0,3.0,1.0,0.35833333333333334,1.0,1.9605338343884273,0.0,11.0,1.0,5.362873134328358,85.80597014925372,0.0,5.362873134328358,1.0,1.0,2.970149253731343,3.0,1.0,0.35752487562189056,7.297897091578981,862.1262089451255,53.882888059070346,1.0,1.9548769315525918,alf,0.9376340806911512,22.0,16,0.0021875,0.0,0.0,0.9895570615724442,0.4375,0.0023214192713747616,0.6510405000008177,20018,15.0,200,0.003256333354184059
0.0,1.0,0.0015625,0.03305785123966942,0.9997291666666667,89.0,0.0,1.0,5.5625,5.5625,2.0,3.0,1.0,0.37083333333333335,1.0,1.7226928088518518,0.0,11.0,1.0,5.5528606965174125,88.8457711442786,0.0,5.5528606965174125,1.0,1.0,2.054726368159204,3.0248756218905473,1.0,0.37019071310116086,7.255491350031241,864.6839317047276,54.04274573154547,1.0,1.7395398154293813,alf,1.2695951761428845,22.0,16,0.0015625,0.0,0.0,0.9905676447243101,0.6256218905472637,0.0004019237883841287,0.6537528999997448,20019,15.0,200,0.004208046942427248
0.0,1.0,0.0015625,0.03305785123966942,0.9997157738095238,85.0,0.0,1.0,5.3125,5.3125,2.0,4.0,1.0,0.3541666666666667,1.0,1.990982415257219,0.0,11.0,1.0,5.307835820895522,84.92537313432835,0.0,5.307835820895522,1.0,1.0,2.0,4.0,1.0,0.35385572139303484,7.090882706139675,822.1835933792808,51.38647458620505,1.0,1.9875798582006663,alf,1.2206224078264434,22.0,16,0.0015625,0.0,0.0,0.9940535439515997,0.4375,0.000732233046459635,0.6849232000004122,20020,15.0,200,0.0037751968016886584
0.0,1.0,0.0009375,0.03305785123966942,0.9998381696428572,88.0,0.0,1.0,5.5,5.5,3.0,3.0,1.0,0.36666666666666664,1.0,1.4905433061631104,0.0,11.0,1.0,5.488495024875622,87.81592039800995,0.0,5.488495024875622,1.0,1.0,2.9800995024875623,3.0348258706467663,1.0,0.36589966832504145,7.272592392990366,865.374772741225,54.08592329632656,1.0,1.4905463217500885,alf,0.800242253995118,22.0,16,0.0009375,0.0,0.0,0.9868849794216504,0.5,0.0010683335395275417,0.6410352999992028,20021,15.0,200,0.0038879686084044595
0.0,1.0,0.0028125,0.03305785123966942,0.999311755952381,85.0,0.0,1.0,5.3125,5.3125,1.0,2.0,1.0,0.3541666666666667,1.0,1.2275252771571667,0.0,11.0,1.0,5.29042288557214,84.64676616915423,0.0,5.29042288557214,1.0,1.0,1.0049751243781095,2.0348258706467663,1.0,0.3526948590381426,7.384062242282367,888.754911218293,55.547181951143315,1.0,1.234665016973242,alf,0.2572653199310338,22.0,16,0.0028125,0.0,0.0,0.9854737313954921,0.6875,0.00208929991988466,0.6596463999994739,20022,15.0,200,0.006479530990087026
0.0,1.0,0.000625,0.03305785123966942,0.9998854166666666,85.0,0.0,1.0,5.3125,5.3125,3.0,3.0,1.0,0.3541666666666667,1.0,1.9428265222153345,0.0,11.0,1.0,5.291044776119403,84.65671641791045,0.0,5.291044776119403,1.0,1.0,2.9502487562189055,3.0,1.0,0.3527363184079602,7.515896613155448,908.6745755532042,56.792160972075266,1.0,1.924898124170472,alf,0.5955108882125468,22.0,16,0.0003125,0.0,0.0,0.9859764842278042,0.5,0.0015268261589458975,0.6350728000015806,20023,15.0,200,0.006337446236760839
0.0,1.0,0.003125,0.03305785123966942,0.9993839285714285,89.0,0.0,1.0,5.5625,5.5625,2.0,2.0,1.0,0.37083333333333335,1.0,1.1477991474859568,0.0,11.0,1.0,5.504042288557214,88.06467661691542,0.0,5.504042288557214,1.0,1.0,2.0049751243781095,2.0049751243781095,1.0,0.3669361525704809,7.049637016543291,805.7875236264066,50.36172022665041,1.0,1.1029555822372807,alf,0.16287288736350317,22.0,16,0.003125,0.0,0.0,0.9059009396690745,0.1912313432835821,0.0032333280984004633,0.6767712000000756,20024,15.0,200,0.0063069923158957635
0.0,1.0,0.00125,0.03305785123966942,0.9997756696428571,88.0,0.0,1.0,5.5,5.5,3.0,4.0,1.0,0.36666666666666664,1.0,2.2771547316824,0.0,11.0,1.0,5.482587064676617,87.72139303482587,0.0,5.482587064676617,1.0,1.0,2.9950248756218905,3.9800995024875623,1.0,0.3655058043117745,7.119744839038374,828.7652206264477,51.79782628915298,1.0,2.2108925078257546,alf,1.2173839307934546,22.0,16,0.0009375,0.0,0.0,0.9879501131898817,0.4375,0.0010656274662653549,0.6531634999992093,20025,15.0,200,0.004423457383948293
0.0,1.0,0.00375,0.03305785123966942,0.9993516865079366,86.0,0.0,1.0,5.375,5.375,3.0,3.0,1.0,0.35833333333333334,1.0,1.7179786347157104,0.0,11.0,1.0,5.358208955223881,85.73134328358209,0.0,5.358208955223881,1.0,1.0,3.009950248756219,3.0,1.0,0.3572139303482587,7.439444816784139,895.8010914938068,55.987568218362924,1.0,1.7234739561597638,alf,0.255064734459557,22.0,16,0.00375,0.0,0.0,0.9817624617572894,0.5003109452736318,0.001402106027095986,0.6619110000010551,20026,15.0,200,0.0040824683669778775
0.0,1.0,0.0009375,0.03305785123966942,0.9998407738095239,90.0,0.0,1.0,5.625,5.625,2.0,3.0,1.0,0.375,1.0,1.8900764803065957,0.0,11.0,1.0,5.617848258706467,89.88557213930348,0.0,5.617848258706467,1.0,1.0,1.9950248756218905,2.9950248756218905,1.0,0.37452321724709786,7.095041610195869,823.1702259845429,51.44813912403393,1.0,1.8825256615020587,alf,0.51328889771431,22.0,16,0.0009375,0.0,0.0,0.9903860903781235,0.5,0.0009900594713747799,0.6501858999999968,20027,15.0,200,0.003956256159997413
0.0,1.0,0.003125,0.03305785123966942,0.9994627976190477,79.0,0.0,1.0,4.9375,4.9375,3.0,3.0,1.0,0.32916666666666666,1.0,1.3994270304432124,0.0,11.0,1.0,4.953669154228856,79.2587064676617,0.0,4.953669154228856,1.0,1.0,2.985074626865672,3.0,1.0,0.3302446102819237,6.926184476534135,792.6352023968332,49.53970014980207,1.0,1.4208128905100448,alf,0.694870638423844,22.0,16,0.003125,0.0,0.0,0.9915970555980006,0.5006218905472637,0.0011435447076876609,0.6096505999994406,20028,15.0,200,0.005184554396835957
0.0,1.0,0.0015625,0.03305785123966942,0.9998112599206348,104.0,0.0,1.0,6.5,6.5,3.0,4.0,1.0,0.43333333333333335,1.0,2.424117542147162,0.0,11.0,1.0,6.5065298507462686,104.1044776119403,0.0,6.5065298507462686,1.0,1.0,3.0,3.9950248756218905,1.0,0.4337686567164179,7.23638832570897,850.4660481668019,53.15412801042512,1.0,2.4320095619010527,alf,1.0217759565077773,22.0,16,0.0015625,0.0,0.0,0.9908091239506517,0.5015547263681592,0.0010048094708552987,0.6891013000004023,20029,15.0,200,0.002937508458691637
0.0,1.0,0.00125,0.03305785123966942,0.9998168402777777,90.0,0.0,1.0,5.625,5.625,1.0,2.0,1.0,0.375,1.0,0.7235343725689365,0.0,11.0,1.0,5.6106965174129355,89.77114427860697,0.0065298507462686565,5.6106965174129355,0.9934701492537313,0.9841417910447762,1.0049751243781095,2.0,1.0845771144278606,0.3740464344941957,7.048284029277773,811.6643047560938,50.72901904725586,0.9558457711442786,0.6783159471058877,alf,0.27954780703448956,22.0,16,0.0009375,0.0,0.0,0.9831089876137139,0.44465174129353235,0.0013663654615122943,0.6468948999990971,20030,15.0,200,0.004851191347872535
0.0,1.0,0.0009375,0.03305785123966942,0.9998407738095239,98.0,0.0,1.0,6.125,6.125,4.0,3.0,1.0,0.4083333333333333,1.0,1.8641064817839674,0.0,11.0,1.0,6.103233830845771,97.65174129353234,0.0,6.103233830845771,1.0,0.9990671641791045,3.8955223880597014,2.985074626865672,1.0049751243781095,0.40688225538971806,7.531088913245564,912.0,57.0,0.9990671641791045,1.8210255220324547,alf,0.6201323166696788,22.0,16,0.0009375,0.0,0.0,0.9297742513083699,0.5625,0.0,0.6592141000000993,20031,15.0,200,0.009059798317539931
0.0,1.0,0.000625,0.03305785123966942,0.9998772321428572,75.0,0.0,1.0,4.6875,4.6875,2.0,2.0,1.0,0.3125,1.0,1.0796030166946244,0.0,11.0,1.0,4.673818407960199,74.78109452736318,0.0,4.673818407960199,1.0,1.0,1.9950248756218905,2.0,1.0,0.3115878938640133,7.500379126596747,907.7823595540631,56.73639747212894,1.0,1.0709483079830608,alf,1.4514217575471906,22.0,16,0.000625,0.0,0.0,0.9883491537190827,0.4375,0.001806101313118277,0.6025050000007468,20032,15.0,200,0.004474503213548745
0.0,1.0,0.000625,0.03305785123966942,0.9998854166666666,92.0,0.0,1.0,5.75,5.75,2.0,2.0,1.0,0.38333333333333336,1.0,1.4379789049688347,0.0,11.0,1.0,5.719216417910448,91.50746268656717,0.0,5.719216417910448,1.0,1.0,1.8606965174129353,2.0,1.0,0.3812810945273632,6.64330620914531,727.4852002873495,45.46782501795934,1.0,1.4208943158073122,alf,0.313175091892005,22.0,16,0.0003125,0.0,0.0,0.9952866832217514,0.25,0.0013663654662912598,0.6557880000000296,20033,15.0,200,0.0024283401294505798
0.0,1.0,0.00125,0.03305785123966942,0.999796130952381,82.0,0.0,1.0,5.125,5.125,2.0,3.0,1.0,0.3416666666666667,1.0,1.0995243085483142,0.0,11.0,1.0,5.068097014925373,81.08955223880596,0.0,5.068097014925373,1.0,0.9850746268656716,2.0,3.0,1.0597014925373134,0.33787313432835825,6.374678641219878,665.6860809392228,41.60538005870143,0.9850746268656716,1.0685821702637819,alf,0.04416701770836211,22.0,16,0.00125,0.0,0.0,0.9757022255473492,0.1881218905472637,0.0007322330464596357,0.6460616000003938,20034,15.0,200,0.004980540727284473
0.0,1.0,0.001875,0.03305785123966942,0.9996710069444444,87.0,0.0,1.0,5.4375,5.4375,3.0,2.0,1.0,0.3625,1.0,1.1858602746825628,0.0,11.0,1.0,5.393034825870647,86.28855721393035,0.0,5.393034825870647,1.0,1.0,2.9402985074626864,2.0,1.0,0.35953565505804314,7.522780180810761,909.9500675959109,56.87187922474443,1.0,1.1620757081248168,alf,0.7058174692755609,22.0,16,0.001875,0.0,0.0,0.9802302532904591,0.3756218905472637,0.001665139786690081,0.6426664999999048,20035,15.0,200,0.006203356243447069
0.0,1.0,0.0009375,0.03305785123966942,0.9996979166666666,87.0,0.0,1.0,5.4375,5.4375,3.0,4.0,1.0,0.3625,1.0,1.541492545054708,0.0,11.0,1.0,5.400186567164179,86.40298507462687,0.0,5.400186567164179,1.0,1.0,3.0,3.890547263681592,1.0,0.3600124378109453,7.271240672394549,861.8236744341456,53.8639796521341,1.0,1.5284744126782934,alf,0.18337771445294004,22.0,16,0.0009375,0.0,0.0,0.9916542025659216,0.5625,0.00033493648912199527,0.6803283999997802,20036,15.0,200,0.004994631535487235
0.0,1.0,0.001875,0.03305785123966942,0.999680679563492,94.0,0.0,1.0,5.875,5.875,3.0,3.0,1.0,0.39166666666666666,1.0,1.0433533658892795,0.0,11.0,1.0,5.869713930348259,93.91542288557214,0.0,5.869713930348259,1.0,1.0,2.9751243781094527,2.9800995024875623,1.0,0.39131426202321723,7.140575092788705,830.6891803873576,51.91807377420985,1.0,1.0344926264915255,alf,1.7776847407166818,22.0,16,0.001875,0.0,0.0,0.9925881030376956,0.4375,0.001366365466291259,0.6661665000010544,20037,15.0,200,0.004930354958138092
0.0,1.0,0.0040625,0.03305785123966942,0.9993652033730158,94.0,0.0,1.0,5.875,5.875,4.0,4.0,1.0,0.39166666666666666,1.0,1.5894404775435946,0.0,11.0,1.0,5.9054726368159205,94.48756218905473,0.0,5.9054726368159205,1.0,1.0,3.9800995024875623,4.08955223880597,1.0,0.393698175787728,7.1085828933865525,824.538407092743,51.53365044329644,1.0,1.5927795292898972,alf,0.28887566801045467,22.0,16,0.00375,0.0,0.0,0.9864022451004933,0.5024875621890548,0.0036611652321127614,0.6761122999996587,20038,15.0,200,0.005208126394007367
0.0,1.0,0.0028125,0.03305785123966942,0.9993980654761905,93.0,0.0,1.0,5.8125,5.8125,2.0,2.0,1.0,0.3875,1.0,1.5096459977808543,0.0,11.0,1.0,5.8125,93.0,0.0,5.8125,1.0,1.0,2.009950248756219,2.009950248756219,1.0,0.3875,7.4280967136454485,895.8918728551135,55.9932420534446,1.0,1.5157753497213087,alf,1.690908351150321,22.0,16,0.0025,0.0,0.0,0.986849260024965,0.5628109452736318,0.0022761584507877634,0.7299800000000687,20039,15.0,200,0.0039934941666055265
0.0,1.0,0.0015625,0.03305785123966942,0.9997261904761905,89.0,0.0,1.0,5.5625,5.5625,3.0,4.0,1.0,0.37083333333333335,1.0,2.2251072067868587,0.0,11.0,1.0,5.561567164179104,88.98507462686567,0.0,5.561567164179104,1.0,1.0,3.0,3.9950248756218905,1.0,0.37077114427860697,7.7195787943777,960.0,60.0,1.0,2.2199827224637607,alf,0.6212058015304335,22.0,16,0.00125,0.0,0.0,0.9899078493720979,0.8125,0.0,0.6280313999995997,20040,15.0,200,0.00414369028019821
0.0,1.0,0.0015625,0.03305785123966942,0.99965625,81.0,0.0,1.0,5.0625,5.0625,3.0,3.0,1.0,0.3375,1.0,1.7034136982708314,0.0,11.0,1.0,5.039490049751244,80.6318407960199,0.0,5.039490049751244,1.0,1.0,3.0,3.0,1.0,0.3359660033167496,7.216584369446036,848.7689480622689,53.04805925389181,1.0,1.6512986098423463,alf,0.450272993510591,22.0,16,0.0015625,0.0,0.0,0.9824755885403361,0.5628109452736318,0.00033493649030260335,0.6204916999995476,20041,15.0,200,0.00580418199102432
0.0,1.0,0.003125,0.03305785123966942,0.9994657738095237,86.0,0.0,1.0,5.375,5.375,3.0,3.0,1.0,0.35833333333333334,1.0,1.5609605960215498,0.0,11.0,1.0,5.3893034825870645,86.22885572139303,0.0,5.3893034825870645,1.0,1.0,3.0,3.0,1.0,0.35928689883913767,6.957551177971712,802.2639474301848,50.14149671438655,1.0,1.565540132577684,alf,0.10840882720237975,22.0,16,0.003125,0.0,0.0,0.9858104886446019,0.5625,0.0011078041467104803,0.6189865000014834,20042,15.0,200,0.004305717182028734
0.0,1.0,0.0034375,0.03305785123966942,0.999499751984127,93.0,0.0,1.0,5.8125,5.8125,2.0,3.0,1.0,0.3875,1.0,1.4136005635410631,0.0,11.0,1.0,5.747823383084577,91.96517412935323,0.0,5.747823383084577,1.0,0.996268656716418,1.9850746268656716,3.0,1.0149253731343284,0.3831882255389718,6.349889134142614,671.6947968838161,41.98092480523851,0.996268656716418,1.5054939142480301,alf,0.16154017224220632,22.0,16,0.0034375,0.0,0.0,0.9772064189384588,0.1281094527363184,0.0026172077014366677,0.6478655999999319,20043,15.0,200,0.004646814152086243
0.0,1.0,0.00125,0.03305785123966942,0.9997860863095238,89.0,0.0,1.0,5.5625,5.5625,3.0,3.0,1.0,0.37083333333333335,1.0,1.9919670184696854,0.0,11.0,1.0,5.581778606965174,89.30845771144278,0.0,5.581778606965174,1.0,1.0,2.990049751243781,2.990049751243781,1.0,0.37211857379767826,7.519965988318728,912.0398974637928,57.00249359148705,1.0,1.9736325882616481,alf,0.2459812635583801,22.0,16,0.00125,0.0,0.0,0.9918553453742607,0.5006218905472637,0.0014021060270648419,0.7025568999997631,20044,15.0,200,0.004294392199852728
0.0,1.0,0.0021875,0.03305785123966942,0.999578125,78.0,0.0,1.0,4.875,4.875,3.0,3.0,1.0,0.325,1.0,0.8432863622250216,0.0,11.0,1.0,4.89863184079602,78.37810945273633,0.0,4.89863184079602,1.0,1.0,3.0398009950248754,3.0,1.0,0.326575456053068,7.106428978874834,819.2239770637607,51.20149856648504,1.0,0.8746003187875737,alf,1.185114875828492,22.0,16,0.0021875,0.0,0.0,0.9941917830543711,0.3762437810945274,0.0014021060270648425,0.6625604000000749,20045,15.0,200,0.003106503315204577
0.0,1.0,0.0009375,0.03305785123966942,0.999887885551948,103.0,0.0,1.0,6.4375,6.4375,1.0,4.0,1.0,0.42916666666666664,1.0,2.533726166378305,0.0,11.0,1.0,6.395833333333333,102.33333333333333,0.0,6.395833333333333,1.0,0.996268656716418,0.9402985074626866,3.9950248756218905,1.0597014925373134,0.4263888888888889,7.268953823521162,861.3026996797771,53.83141872998607,0.9440298507462687,2.5208291373168126,alf,0.6696442540754051,22.0,16,0.0009375,0.0,0.0,0.9923658387242467,0.5,0.0010671695367671264,0.685984700001427,20046,15.0,200,0.0044863782631703085
0.0,1.0,0.0025,0.03305785123966942,0.999522693452381,85.0,0.0,1.0,5.3125,5.3125,2.0,2.0,1.0,0.3541666666666667,1.0,1.63419336258518,0.0,11.0,1.0,5.313743781094527,85.01990049751244,0.0,5.313743781094527,1.0,1.0,2.0049751243781095,2.0049751243781095,1.0,0.3542495854063018,7.651065252911176,943.3505513915078,58.95940946196924,1.0,1.6312510063401213,alf,1.723667935557954,22.0,16,0.0021875,0.0,0.0,0.992380835661312,0.625,0.0010671695367154405,0.6832332999983919,20047,15.0,200,0.0033291217973474905
0.0,1.0,0.0028125,0.03305785123966942,0.9993772321428571,76.0,0.0,1.0,4.75,4.75,2.0,3.0,1.0,0.31666666666666665,1.0,1.569723916173945,0.0,11.0,1.0,4.736318407960199,75.78109452736318,0.0,4.736318407960199,1.0,1.0,2.0,2.9950248756218905,1.0,0.3157545605306799,7.221158067178955,849.5158577939142,53.094741112119635,1.0,1.5634217308323646,alf,0.43777679289113164,22.0,16,0.001875,0.0,0.0,0.9914685298903767,0.5625,0.0007945931124288641,0.6218300000000454,20048,15.0,200,0.004447870252867776
0.0,1.0,0.001875,0.03305785123966942,0.9997180059523809,94.0,0.0,1.0,5.875,5.875,4.0,4.0,1.0,0.39166666666666666,1.0,2.0582365813402026,0.0,11.0,1.0,5.869402985074627,93.91044776119404,0.0,5.869402985074627,1.0,1.0,3.925373134328358,3.9950248756218905,1.0,0.3912935323383085,7.6068906742222895,936.3758375733617,58.5234898483351,1.0,2.0542904220928624,alf,0.1014895992544844,22.0,16,0.00125,0.0,0.0,0.994017171353705,0.75,0.000274319684317296,0.6359135000002425,20049,15.0,200,0.004132460551117339
0.0,1.0,0.0009375,0.03305785123966942,0.9998246527777778,84.0,0.0,1.0,5.25,5.25,2.0,3.0,1.0,0.35,1.0,1.3952706873347975,0.0,11.0,1.0,5.242226368159204,83.87562189054727,0.0,5.242226368159204,1.0,1.0,2.0,3.0348258706467663,1.0,0.3494817578772802,7.495460091642644,908.7286358590228,56.795539741188925,1.0,1.3867223675822888,lint,1.4579943217215623,22.0,16,0.0009375,0.0,0.0,0.9909790961192709,0.5003109452736318,0.0009375,0.6363307999999961,20000,15.0,200,0.0037099391579432503
0.0,1.0,0.00125,0.03305785123966942,0.9998177083333334,89.0,0.0,1.0,5.5625,5.5625,3.0,3.0,1.0,0.37083333333333335,1.0,2.1517064293003174,0.0,11.0,1.0,5.553171641791045,88.85074626865672,0.0,5.553171641791045,1.0,1.0,3.0,3.0,1.0,0.3702114427860697,7.69120432080609,949.8867847509241,59.36792404693276,1.0,2.1438519090564543,lint,0.43855424689087036,22.0,16,0.00125,0.0,0.0,0.9936988844973166,0.625,0.00046875,0.6323089000015898,20001,15.0,200,0.004300816661516318
0.0,1.0,0.0009375,0.03305785123966942,0.9997991071428572,89.0,0.0,1.0,5.5625,5.5625,3.0,3.0,1.0,0.37083333333333335,1.0,1.818331269004051,0.0,11.0,1.0,5.560945273631841,88.97512437810946,0.0,5.560945273631841,1.0,1.0,3.0,3.0049751243781095,1.0,0.3707296849087894,7.560660171779791,928.0,58.0,1.0,1.8203992202573713,lint,1.236891080216562,22.0,16,0.000625,0.0,0.0,0.9916482690473329,0.8125,0.0,0.6402096999991045,20002,15.0,200,0.004364768028590802
0.0,1.0,0.001875,0.03305785123966942,0.9997185019841269,90.0,0.0,1.0,5.625,5.625,2.0,4.0,1.0,0.375,1.0,2.458356177995022,0.0,11.0,1.0,5.620335820895522,89.92537313432835,0.0,5.620335820895522,1.0,1.0,2.0,3.990049751243781,1.0,0.37468905472636815,7.39706732089804,882.8181634897994,55.176135218112464,1.0,2.4592801934797275,lint,0.6147689106722454,22.0,16,0.001875,0.0,0.0,0.988550451199243,0.5,0.00046875,0.6458259000010003,20003,15.0,200,0.003509712851769797
0.0,1.0,0.000625,0.03305785123966942,0.9999262152777777,86.0,0.0,1.0,5.375,5.375,1.0,4.0,1.0,0.35833333333333334,1.0,0.7900348580787743,0.0,11.0,1.0,5.368781094527363,85.90049751243781,0.0,5.368781094527363,1.0,1.0,1.0,3.9800995024875623,1.0,0.3579187396351575,5.90194048752552,582.1072494596998,36.38170309123124,1.0,0.7870891613559804,lint,0.47783152542905877,22.0,16,0.000625,0.0,0.0,0.9879591352124742,0.18781094527363185,0.0003125,0.6109446999998909,20004,15.0,200,0.003927189952327615
0.0,1.0,0.0015625,0.03305785123966942,0.9997570684523809,98.0,0.0,1.0,6.125,6.125,4.0,5.0,1.0,0.4083333333333333,1.0,1.8195407985687706,0.0,11.0,1.0,6.117848258706467,97.88557213930348,0.0,6.117848258706467,1.0,1.0,4.0,4.960199004975125,1.0,0.4078565505804312,7.177825006276312,834.3683089767566,52.148019311047285,1.0,1.8032819075722901,lint,0.2778515455186973,22.0,16,0.00125,0.0,0.0,0.9526468487110094,0.3125,0.00078125,0.6963462000003346,20005,15.0,200,0.004047980665429078
0.0,1.0,0.0009375,0.03305785123966942,0.9998602430555557,86.0,0.0,0.75,5.375,5.375,1.0,3.0,2.0,0.35833333333333334,0.25,1.159652564797421,0.0,11.0,1.0,5.374378109452737,85.99004975124379,0.0,5.374378109452737,1.0,0.7524875621890548,1.0099502487562189,3.0,1.9900497512437811,0.35829187396351575,6.7972552694780495,762.1881634323295,47.63676021452059,0.2574626865671642,1.1577920809216822,lint,1.4107257104483983,22.0,16,0.0009375,0.0,0.0,0.9950410718957442,0.43781094527363185,0.00046875,0.6210141999999905,20006,15.0,200,0.003289228824530028
0.0,1.0,0.0034375,0.03305785123966942,0.9994476686507937,90.0,0.0,1.0,5.625,5.625,2.0,2.0,1.0,0.375,1.0,1.315961123177469,0.0,11.0,1.0,5.633084577114428,90.12935323383084,0.0,5.633084577114428,1.0,1.0,2.054726368159204,2.054726368159204,1.0,0.3755389718076285,7.659332430258826,941.9967796954446,58.87479873096529,1.0,1.352417355261482,lint,1.3365137244787,22.0,16,0.003125,0.0,0.0,0.985703179161252,0.5628109452736318,0.000625,0.582821399999375,20007,15.0,200,0.0049362107070100875
0.0,1.0,0.000625,0.03305785123966942,0.9999032738095238,90.0,0.0,1.0,5.625,5.625,3.0,3.0,1.0,0.375,1.0,1.8991359618542787,0.0,11.0,1.0,5.620335820895522,89.92537313432835,0.0,5.620335820895522,1.0,1.0,3.0,3.0,1.0,0.37468905472636815,7.866025403784463,992.0,62.0,1.0,1.8982041939832728,lint,1.8640677052901395,22.0,16,0.000625,0.0,0.0,0.9941244111972882,0.875,0.0,0.6062855000000127,20008,15.0,200,0.003001074110088245
0.0,1.0,0.0025,0.03305785123966942,0.999569072420635,86.0,0.0,0.5625,5.375,5.375,2.0,4.0,2.0,0.35833333333333334,0.4375,1.2714858068436214,0.0,11.0,1.0,5.355721393034826,85.69154228855722,0.0,5.355721393034826,1.0,0.6035447761194029,1.9104477611940298,3.915422885572139,1.9104477611940298,0.35704809286898836,6.639590368678983,730.5488102282216,45.65930063926385,0.48600746268656714,1.2098583714989122,lint,1.1775406838087628,22.0,16,0.0021875,0.0,0.0,0.9882631911876025,0.31156716417910446,0.0009599364905389035,0.5987296000002971,20009,15.0,200,0.0055935519324125755
0.0,1.0,0.0021875,0.03305785123966942,0.9993880208333334,91.0,0.0,1.0,5.6875,5.6875,2.0,2.0,1.0,0.37916666666666665,1.0,1.165374548398064,0.0,11.0,1.0,5.681902985074627,90.91044776119404,0.0,5.681902985074627,1.0,1.0,1.9950248756218905,2.009950248756219,1.0,0.3787935323383085,7.646830394233857,939.5651894969118,58.72282434355699,1.0,1.1621434137424071,lint,0.6644584885134972,22.0,16,0.00125,0.0,0.0,0.981206430244126,0.5671641791044776,0.00140625,0.6093225999993592,20010,15.0,200,0.004645284268103664
0.0,1.0,0.00125,0.03305785123966942,0.9996918402777777,90.0,0.0,1.0,5.625,5.625,1.0,1.0,1.0,0.375,1.0,0.5356531216968735,0.0,11.0,1.0,5.625932835820896,90.01492537313433,0.0,5.625932835820896,1.0,1.0,1.0149253731343284,1.0149253731343284,1.0,0.3750621890547264,7.420535074583372,889.3550216614158,55.584688853838486,1.0,0.5460579406831785,lint,0.8103905978232967,22.0,16,0.00125,0.0,0.0,0.9818640222322879,0.5625,0.00015625,0.6133777999984886,20011,15.0,200,0.0034272776788582364
0.0,1.0,0.001875,0.03305785123966942,0.9996138392857142,82.0,0.0,1.0,5.125,5.125,2.0,2.0,1.0,0.3416666666666667,1.0,0.9216735521337722,0.0,11.0,1.0,5.124689054726368,81.9950248756219,0.0,5.124689054726368,1.0,1.0,2.0049751243781095,2.014925373134328,1.0,0.3416459369817579,6.710272021701978,741.8774669149169,46.36734168218231,1.0,0.9132614917832165,lint,0.4665947491989843,22.0,16,0.001875,0.0,0.0,0.9811638409278463,0.375,0.00015625,0.6063362000004417,20012,15.0,200,0.004778002213544965
0.0,1.0,0.00125,0.03305785123966942,0.9998567708333335,90.0,0.0,1.0,5.625,5.625,2.0,2.0,1.0,0.375,1.0,1.377616727725119,0.0,11.0,1.0,5.622823383084577,89.96517412935323,0.0,5.622823383084577,1.0,1.0,2.0,2.0,1.0,0.37485489220563845,7.2327163207753555,854.136636794271,53.38353979964194,1.0,1.3772328594932712,lint,1.3514153120213264,22.0,16,0.00125,0.0,0.0,0.9883117380401597,0.5628109452736318,0.0003125,0.63307850000092,20013,15.0,200,0.0036421527954712987
0.0,1.0,0.000625,0.03305785123966942,0.9998958333333334,85.0,0.0,1.0,5.3125,5.3125,3.0,3.0,1.0,0.3541666666666667,1.0,1.9840024615625593,0.0,11.0,1.0,5.302549751243781,84.8407960199005,0.0,5.302549751243781,1.0,1.0,3.0,3.0,1.0,0.35350331674958546,7.575541293488843,922.4341280159042,57.65213300099401,1.0,1.971616008879633,lint,0.7302382754927816,22.0,16,0.0003125,0.0,0.0,0.9947354407516292,0.5625,0.000625,0.5992372000000614,20014,15.0,200,0.003668603316840276
0.0,1.0,0.0034375,0.03305785123966942,0.9993086557539682,78.0,0.0,1.0,4.875,4.875,1.0,3.0,1.0,0.325,1.0,0.9113242083104788,0.0,11.0,1.0,4.906405472636816,78.50248756218906,0.0,4.906405472636816,1.0,1.0,1.2238805970149254,2.990049751243781,1.0,0.32709369817578776,6.184221614614791,637.3176550960017,39.832353443500104,1.0,0.8784180692201417,lint,0.18083975719016745,22.0,16,0.0034375,0.0,0.0,0.985895956778861,0.2462686567164179,0.0008036864905389035,0.608765000000858,20015,15.0,200,0.004417940214242548
0.0,1.0,0.0015625,0.03305785123966942,0.9997420522186147,93.0,0.0,1.0,5.8125,5.8125,4.0,4.0,1.0,0.3875,1.0,1.8232908202320077,0.0,11.0,1.0,5.810945273631841,92.97512437810946,0.0,5.810945273631841,1.0,1.0,3.9502487562189055,3.990049751243781,1.0,0.3873963515754561,7.148458766094997,832.7212777736034,52.045079860850215,1.0,1.836828610465721,lint,1.7012048557518913,22.0,16,0.0009375,0.0,0.0,0.9941061110416094,0.4387437810945274,0.00125,0.6273144000006141,20016,15.0,200,0.0027189636925620967
0.0,1.0,0.001875,0.03305785123966942,0.9996884920634921,99.0,0.0,1.0,6.1875,6.1875,2.0,2.0,1.0,0.4125,1.0,1.6378157545796874,0.0,11.0,1.0,6.185012437810945,98.96019900497512,0.0,6.185012437810945,1.0,1.0,2.0049751243781095,2.0049751243781095,1.0,0.4123341625207297,7.901918174529066,1000.2885572139304,62.51803482587065,1.0,1.6427681630286717,lint,1.4102510097986294,22.0,16,0.001875,0.0,0.0,0.9933447778627338,0.8753109452736318,0.00015625,0.6411365999992995,20017,15.0,200,0.003585058188979043
0.0,1.0,0.0009375,0.03305785123966942,0.999858134920635,91.0,0.0,1.0,5.6875,5.6875,3.0,3.0,1.0,0.37916666666666665,1.0,1.9279499434200593,0.0,11.0,1.0,5.675062189054726,90.80099502487562,0.0,5.675062189054726,1.0,1.0,3.0,3.0,1.0,0.3783374792703151,7.311721457760011,866.383705872619,54.148981617038686,1.0,1.922489821324992,lint,0.9376340806911512,22.0,16,0.0009375,0.0,0.0,0.9899195582253357,0.4375,0.00078125,0.6723040999986551,20018,15.0,200,0.00323911410959484
0.0,1.0,0.001875,0.03305785123966942,0.9996510416666666,86.0,0.0,1.0,5.375,5.375,2.0,3.0,1.0,0.35833333333333334,1.0,1.6326287127292656,0.0,11.0,1.0,5.374067164179104,85.98507462686567,0.0,5.374067164179104,1.0,1.0,2.054726368159204,3.0248756218905473,1.0,0.35827114427860696,7.289317525340064,872.5199004975125,54.53249378109453,1.0,1.6523968827474342,lint,1.2695951761428845,22.0,16,0.001875,0.0,0.0,0.9905660173934028,0.6896766169154229,0.00015625,0.6249272000004567,20019,15.0,200,0.004208839913826429
0.0,1.0,0.0015625,0.03305785123966942,0.9997157738095238,84.0,0.0,1.0,5.25,5.25,2.0,4.0,1.0,0.35,1.0,1.697236352742615,0.0,11.0,1.0,5.2431592039801,83.8905472636816,0.0,5.2431592039801,1.0,1.0,2.0,4.0,1.0,0.3495439469320066,7.0137068066953185,803.5786098223894,50.223663113899335,1.0,1.6998938351997266,lint,1.2206224078264434,22.0,16,0.0015625,0.0,0.0,0.9939812904126469,0.4375,0.0003125,0.6176154000004317,20020,15.0,200,0.003785283710710966
0.0,1.0,0.0009375,0.03305785123966942,0.9998381696428572,87.0,0.0,1.0,5.4375,5.4375,3.0,3.0,1.0,0.3625,1.0,1.4905433061631104,0.0,11.0,1.0,5.427549751243781,86.8407960199005,0.0,5.427549751243781,1.0,1.0,2.9800995024875623,3.044776119402985,1.0,0.36183665008291876,7.190846300924314,845.7492947445544,52.85933092153465,1.0,1.490293254635053,lint,0.800242253995118,22.0,16,0.0009375,0.0,0.0,0.9872438884257059,0.5,0.0003125,0.6395787999990716,20021,15.0,200,0.003840645985449536
0.0,1.0,0.003125,0.03305785123966942,0.999233630952381,80.0,0.0,1.0,5.0,5.0,1.0,2.0,1.0,0.3333333333333333,1.0,1.2395453754840662,0.0,11.0,1.0,4.989427860696518,79.83084577114428,0.0,4.989427860696518,1.0,1.0,1.0049751243781095,2.0348258706467663,1.0,0.3326285240464345,7.189771670768252,848.4042288557214,53.02526430348259,1.0,1.2453532074816298,lint,0.2572653199310338,22.0,16,0.003125,0.0,0.0,0.9854739345014416,0.6262437810945274,0.00015625,0.6021811999999045,20022,15.0,200,0.006506046581222894
0.0,1.0,0.00125,0.03305785123966942,0.9997725694444445,88.0,0.0,1.0,5.5,5.5,3.0,4.0,1.0,0.36666666666666664,1.0,1.666810865042013,0.0,11.0,1.0,5.481965174129353,87.71144278606965,0.0,5.481965174129353,1.0,1.0,2.9800995024875623,3.9751243781094527,1.0,0.36546434494195684,7.4118244275095515,887.0643117168515,55.44151948230322,1.0,1.6609220690099358,lint,0.5955108882125468,22.0,16,0.0009375,0.0,0.0,0.9868475346768838,0.4381218905472637,0.0015625,0.6457483000012871,20023,15.0,200,0.006272493301052794
0.0,1.0,0.001875,0.03305785123966942,0.999678943452381,90.0,0.0,1.0,5.625,5.625,2.0,3.0,1.0,0.375,1.0,1.186049945534154,0.0,11.0,1.0,5.600746268656716,89.61194029850746,0.0,5.600746268656716,1.0,1.0,2.0049751243781095,3.0,1.0,0.3733830845771144,7.240801777493107,845.1903822211748,52.824398888823424,1.0,1.1760819600817425,lint,0.16287288736350317,22.0,16,0.001875,0.0,0.0,0.9521444921045645,0.25031094527363185,0.0020536864905389036,0.689092200000232,20024,15.0,200,0.005595572138562483
0.0,1.0,0.00125,0.03305785123966942,0.9997756696428571,86.0,0.0,1.0,5.375,5.375,3.0,4.0,1.0,0.35833333333333334,1.0,1.927262671172567,0.0,11.0,1.0,5.373445273631841,85.97512437810946,0.0,5.373445273631841,1.0,1.0,2.9950248756218905,3.990049751243781,1.0,0.35822968490878937,7.014639642516213,803.7549338298369,50.234683364364805,1.0,1.9190741067745976,lint,1.2173839307934546,22.0,16,0.0009375,0.0,0.0,0.9879844212639198,0.4375,0.0003125,0.6769891000003554,20025,15.0,200,0.0044165928152832745
0.0,1.0,0.0028125,0.03305785123966942,0.9995443948412699,88.0,0.0,1.0,5.5,5.5,3.0,3.0,1.0,0.36666666666666664,1.0,1.7677505374347786,0.0,11.0,1.0,5.502487562189055,88.03980099502488,0.0,5.502487562189055,1.0,1.0,3.009950248756219,3.0,1.0,0.366832504145937,7.544602238762475,914.4200163137191,57.15125101960744,1.0,1.7733834747834687,lint,0.255064734459557,22.0,16,0.0028125,0.0,0.0,0.9819572091262085,0.5003109452736318,0.00109375,0.6866472000001522,20026,15.0,200,0.004066794032443755
0.0,1.0,0.0009375,0.03305785123966942,0.9998251488095238,86.0,0.0,1.0,5.375,5.375,1.0,3.0,1.0,0.35833333333333334,1.0,1.7940714051556705,0.0,11.0,1.0,5.371890547263682,85.95024875621891,0.0,5.371890547263682,1.0,1.0,1.0049751243781095,2.9950248756218905,1.0,0.35812603648424546,6.9884988311712695,800.3271144278607,50.02044465174129,1.0,1.787697124043723,lint,0.51328889771431,22.0,16,0.0009375,0.0,0.0,0.9904017072565036,0.4381218905472637,0.00015625,0.6622525000002497,20027,15.0,200,0.003956123056082882
0.0,1.0,0.001875,0.03305785123966942,0.999700148809524,85.0,0.0,1.0,5.3125,5.3125,3.0,4.0,1.0,0.3541666666666667,1.0,1.5073491356615947,0.0,11.0,1.0,5.29228855721393,84.67661691542288,0.0,5.29228855721393,1.0,1.0,2.985074626865672,3.990049751243781,1.0,0.3528192371475954,7.025977373221238,822.744293974524,51.42151837340775,1.0,1.5209585091016897,lint,0.694870638423844,22.0,16,0.001875,0.0,0.0,0.9916829614380854,0.625,0.0003125,0.6711298999998689,20028,15.0,200,0.005133474952517774
0.0,1.0,0.00125,0.03305785123966942,0.999801948051948,105.0,0.0,1.0,6.5625,6.5625,3.0,4.0,1.0,0.4375,1.0,2.515873622672277,0.0,11.0,1.0,6.563121890547263,105.00995024875621,0.0,6.563121890547263,1.0,1.0,3.0,3.9950248756218905,1.0,0.4375414593698176,7.333712938748366,872.5980795803405,54.53737997377128,1.0,2.517103584880181,lint,1.0217759565077773,22.0,16,0.00125,0.0,0.0,0.9904280590633315,0.5631218905472637,0.00078125,0.7084334999999555,20029,15.0,200,0.002940179971068717
0.0,1.0,0.000625,0.03305785123966942,0.9998828125,83.0,0.0,1.0,5.1875,5.1875,1.0,2.0,1.0,0.3458333333333333,1.0,0.624609923716601,0.0,11.0,1.0,5.1731965174129355,82.77114427860697,0.0065298507462686565,5.1731965174129355,0.9934701492537313,0.9934701492537313,1.0049751243781095,2.0,1.0348258706467661,0.344879767827529,7.127601940252305,834.0141981545895,52.125887384661844,0.9651741293532339,0.5887278822150219,lint,0.27954780703448956,22.0,16,0.0003125,0.0,0.0,0.9868852898490281,0.5603233830845771,0.0016298094716167106,0.580505699999776,20030,15.0,200,0.004505412768812107
0.0,1.0,0.001875,0.03305785123966942,0.9997322668650793,93.0,0.0,1.0,5.8125,5.8125,3.0,3.0,1.0,0.3875,1.0,1.4278617467118577,0.0,11.0,1.0,5.803793532338308,92.86069651741293,0.0,5.803793532338308,1.0,0.9990671641791045,2.9950248756218905,2.990049751243781,1.0049751243781095,0.38691956882255385,7.5072132168542325,905.786397521395,56.611649845087186,0.9990671641791045,1.420402737419393,lint,0.6201323166696788,22.0,16,0.001875,0.0,0.0,0.9562211311909773,0.44092039800995025,0.0014286864905389035,0.6508607999985543,20031,15.0,200,0.008300284688934215
0.0,1.0,0.000625,0.03305785123966942,0.9998772321428572,74.0,0.0,1.0,4.625,4.625,2.0,3.0,1.0,0.30833333333333335,1.0,1.4239968075003433,0.0,11.0,1.0,4.611940298507463,73.7910447761194,0.0,4.611940298507463,1.0,1.0,1.9950248756218905,2.970149253731343,1.0,0.3074626865671642,7.225190288731825,847.8708189536858,52.99192618460536,1.0,1.407282970779134,lint,1.4521373951029446,22.0,16,0.000625,0.0,0.0,0.9884121366017252,0.49906716417910446,0.00033493649053890353,0.5952045000012731,20032,15.0,200,0.004447251439981355
0.0,1.0,0.00125,0.03305785123966942,0.9996903409090909,80.0,0.0,1.0,5.0,5.0,1.0,2.0,1.0,0.3333333333333333,1.0,1.2264696067749443,0.0,11.0,1.0,5.005286069651741,80.08457711442786,0.0,5.005286069651741,1.0,1.0,1.0,2.0,1.0,0.3336857379767827,6.4705888263376465,689.0293562129202,43.064334763307514,1.0,1.2263045111387563,lint,0.313175091892005,22.0,16,0.0009375,0.0,0.0,0.9952865240013308,0.25,0.00078125,0.5839276999995491,20033,15.0,200,0.0024371782842103856
0.0,1.0,0.0003125,0.03305785123966942,0.9999553571428572,85.0,0.0,1.0,5.3125,5.3125,3.0,4.0,1.0,0.3541666666666667,1.0,1.3458825133540135,0.0,11.0,1.0,5.28544776119403,84.56716417910448,0.0,5.28544776119403,1.0,0.9987562189054726,2.8805970149253732,3.8805970149253732,1.0049751243781095,0.352363184079602,7.024229095110589,804.046456303719,50.252903518982436,0.9987562189054726,1.279394833841844,lint,0.04416701770836211,22.0,16,0.0003125,0.0,0.0,0.9764170952898329,0.31094527363184077,0.0026072330470336314,0.6790240000009362,20034,15.0,200,0.003683907886174372
0.0,1.0,0.001875,0.03305785123966942,0.9996715029761905,87.0,0.0,1.0,5.4375,5.4375,3.0,3.0,1.0,0.3625,1.0,1.589516167043259,0.0,11.0,1.0,5.415733830845771,86.65174129353234,0.0,5.415733830845771,1.0,1.0,2.990049751243781,2.9800995024875623,1.0,0.3610489220563847,7.817003322509396,979.7808471780683,61.236302948629266,1.0,1.574381377781145,lint,0.7058174692755609,22.0,16,0.0015625,0.0,0.0,0.9838303761936769,0.6218905472636815,0.0024334959621556142,0.6783011000006809,20035,15.0,200,0.005250592764879373
0.0,1.0,0.0015625,0.03305785123966942,0.9997261904761905,87.0,0.0,1.0,5.4375,5.4375,3.0,4.0,1.0,0.3625,1.0,1.5279610972474054,0.0,11.0,1.0,5.423507462686567,86.77611940298507,0.0,5.423507462686567,1.0,1.0,3.0,4.0,1.0,0.36156716417910445,7.306379777502479,868.6217608894459,54.28886005559037,1.0,1.5247693288937585,lint,0.18337771445294004,22.0,16,0.0015625,0.0,0.0,0.9920774989387477,0.5625,0.00046875,0.6272590999997192,20036,15.0,200,0.004793660982539799
0.0,1.0,0.0015625,0.03305785123966942,0.9996850198412699,91.0,0.0,1.0,5.6875,5.6875,2.0,3.0,1.0,0.37916666666666665,1.0,1.2506063955138087,0.0,11.0,1.0,5.678171641791045,90.85074626865672,0.0,5.678171641791045,1.0,1.0,2.0,2.9800995024875623,1.0,0.37854477611940296,6.9438240036924785,790.7901912036369,49.42438695022731,1.0,1.2303191372165367,lint,1.7776847407166818,22.0,16,0.0015625,0.0,0.0,0.9925929643997233,0.4381218905472637,0.0011161864905389035,0.5439561000002868,20037,15.0,200,0.004925965833278783
0.0,1.0,0.0028125,0.03305785123966942,0.9996013144841269,99.0,0.0,1.0,6.1875,6.1875,4.0,5.0,1.0,0.4125,1.0,1.7195154493544706,0.0,11.0,1.0,6.189987562189055,99.03980099502488,0.0,6.189987562189055,1.0,1.0,3.9800995024875623,4.980099502487562,1.0,0.41266583747927027,7.737470941497539,961.2189054726368,60.0761815920398,1.0,1.7204575526445542,lint,0.28887566801045467,22.0,16,0.0025,0.0,0.0,0.9867945214836744,0.7503109452736318,0.0003125,0.6505630000010569,20038,15.0,200,0.005185632760486831
0.0,1.0,0.001875,0.03305785123966942,0.9996281001984128,94.0,0.0,1.0,5.875,5.875,2.0,2.0,1.0,0.39166666666666666,1.0,1.5000381345330793,0.0,11.0,1.0,5.870335820895522,93.92537313432835,0.0,5.870335820895522,1.0,1.0,2.009950248756219,2.009950248756219,1.0,0.3913557213930348,7.408374006665891,886.5316957706361,55.40823098566476,1.0,1.5071383640151133,lint,1.690908351150321,22.0,16,0.0015625,0.0,0.0,0.986835726737504,0.5012437810945274,0.00046875,0.6354668000003585,20039,15.0,200,0.003998295897133961
0.0,1.0,0.0015625,0.03305785123966942,0.9997261904761905,89.0,0.0,1.0,5.5625,5.5625,3.0,4.0,1.0,0.37083333333333335,1.0,2.2251072067868587,0.0,11.0,1.0,5.561567164179104,88.98507462686567,0.0,5.561567164179104,1.0,1.0,3.0,3.9950248756218905,1.0,0.37077114427860697,7.7195787943777,960.0,60.0,1.0,2.2199827224637607,lint,0.6212058015304335,22.0,16,0.00125,0.0,0.0,0.9899078493720979,0.8125,0.0,0.6283436000012443,20040,15.0,200,0.00414369028019821
0.0,1.0,0.00125,0.03305785123966942,0.9997265625,81.0,0.0,1.0,5.0625,5.0625,3.0,4.0,1.0,0.3375,1.0,1.385868813759666,0.0,11.0,1.0,5.059390547263682,80.95024875621891,0.0,5.059390547263682,1.0,1.0,3.009950248756219,3.970149253731343,1.0,0.3372927031509121,7.43508971242622,894.4043978800723,55.90027486750452,1.0,1.3805656749243547,lint,0.450272993510591,22.0,16,0.00125,0.0,0.0,0.9825184919080681,0.5634328358208955,0.00109375,0.6151573000006465,20041,15.0,200,0.005401317923541121
0.0,1.0,0.0028125,0.03305785123966942,0.9994557291666666,88.0,0.0,1.0,5.5,5.5,2.0,3.0,1.0,0.36666666666666664,1.0,1.4021027829303354,0.0,11.0,1.0,5.503109452736318,88.04975124378109,0.0,5.503109452736318,1.0,1.0,2.044776119402985,3.0,1.0,0.3668739635157545,7.231561037719021,853.0594913780752,53.3162182111297,1.0,1.4066566961908094,lint,0.10840882720237975,22.0,16,0.0025,0.0,0.0,0.9843322082738128,0.5618781094527363,0.0009599364905389035,0.6162635000000591,20042,15.0,200,0.00437734943055007
0.0,1.0,0.0025,0.03305785123966942,0.9995587797619048,84.0,0.0,1.0,5.25,5.25,3.0,4.0,1.0,0.35,1.0,1.0623202802494078,0.0,11.0,1.0,5.244092039800995,83.90547263681592,0.0,5.244092039800995,1.0,0.9987562189054726,2.985074626865672,3.990049751243781,1.0049751243781095,0.34960613598673296,6.151655130023903,628.2187008174134,39.263668801088336,0.9987562189054726,1.0411266985583856,lint,0.16154017224220632,22.0,16,0.0025,0.0,0.0,0.9916633684300192,0.1256218905472637,0.00171875,0.6653256999998121,20043,15.0,200,0.003928966642170472
0.0,1.0,0.0,0.03305785123966942,1.0,90.0,0.0,1.0,5.625,5.625,3.0,3.0,1.0,0.375,1.0,1.7553357954942859,0.0,11.0,1.0,5.622512437810945,89.96019900497512,0.0,5.622512437810945,1.0,1.0,2.990049751243781,2.990049751243781,1.0,0.3748341625207297,7.593277967971933,926.2849815527838,57.89281134704899,1.0,1.7506920002079465,lint,0.2459812635583801,22.0,16,0.0,0.0,0.0,0.9919146624782257,0.5625,0.0003125,0.6601332000009279,20044,15.0,200,0.004289443504631176
0.0,1.0,0.000625,0.03305785123966942,0.9998958333333334,86.0,0.0,1.0,5.375,5.375,4.0,4.0,1.0,0.35833333333333334,1.0,1.3877953478169018,0.0,11.0,1.0,5.381218905472637,86.09950248756219,0.0,5.381218905472637,1.0,1.0,4.0,3.990049751243781,1.0,0.35874792703150915,7.465298400100355,900.621760889446,56.288860055590376,1.0,1.4013539862810032,lint,1.1854577464072085,22.0,16,0.000625,0.0,0.0,0.9942129189746872,0.5625,0.00046875,0.6819812000012462,20045,15.0,200,0.003094487343538075
0.0,1.0,0.0021875,0.03305785123966942,0.9997063266594517,93.0,0.0,0.9375,5.8125,5.8125,0.0,4.0,2.0,0.3875,0.0625,2.284442121523826,0.0,11.0,1.0,5.816853233830845,93.06965174129353,0.0,5.816853233830845,1.0,0.9375,0.0,3.9950248756218905,2.0,0.38779021558872306,6.9428933671007265,785.4202188838242,49.08876368023901,0.0625,2.2808436011080846,lint,0.6696442540754051,22.0,16,0.001875,0.0,0.0,0.9923388449674386,0.3756218905472637,0.0009375,0.6691792999990867,20046,15.0,200,0.004492403267396081
0.0,1.0,0.0021875,0.03305785123966942,0.9995851934523811,85.0,0.0,1.0,5.3125,5.3125,2.0,2.0,1.0,0.3541666666666667,1.0,1.5562674962139915,0.0,11.0,1.0,5.306592039800995,84.90547263681592,0.0,5.306592039800995,1.0,1.0,2.0049751243781095,2.0049751243781095,1.0,0.35377280265339967,7.598076211353353,928.0,58.0,1.0,1.5499431623958104,lint,1.723667935557954,22.0,16,0.001875,0.0,0.0,0.992372060881434,0.625,0.0,0.6545459000008123,20047,15.0,200,0.003330062528194655
0.0,1.0,0.0028125,0.03305785123966942,0.9994423363095238,80.0,0.0,1.0,5.0,5.0,2.0,3.0,1.0,0.3333333333333333,1.0,1.6264288854549827,0.0,11.0,1.0,4.980099502487562,79.68159203980099,0.0,4.980099502487562,1.0,1.0,2.0,3.0,1.0,0.3320066334991708,7.562202617648821,922.0399819857113,57.627498874106955,1.0,1.6143969585575095,lint,0.43777679289113164,22.0,16,0.001875,0.0,0.0,0.9916390672713423,0.5615671641791045,0.0015849364905389034,0.7346541999995679,20048,15.0,200,0.004396696726156763
0.0,1.0,0.0021875,0.03305785123966942,0.9996485615079365,90.0,0.0,1.0,5.625,5.625,3.0,4.0,1.0,0.375,1.0,2.0028857408798735,0.0,11.0,1.0,5.631218905472637,90.09950248756219,0.0,5.631218905472637,1.0,1.0,3.0,3.9950248756218905,1.0,0.37541459369817576,7.543190741434977,921.110696517413,57.56941853233831,1.0,2.0034664539976714,lint,0.1014895992544844,22.0,16,0.0015625,0.0,0.0,0.9940165136498117,0.6878109452736318,0.0003125,0.7090896000008797,20049,15.0,200,0.004129377073343759
0.0,1.0,0.0090625,0.03305785123966942,0.9975039682539681,45.0,0.0,0.5625,2.8125,2.8125,1.0,2.0,2.0,0.1875,0.5625,0.22704207242758354,0.0,11.0,1.0,2.861940298507463,45.791044776119406,0.0,2.861940298507463,1.0,0.6324626865671642,0.9154228855721394,1.8855721393034826,1.9253731343283582,0.19079601990049752,4.888832179004994,393.55689511807174,24.597305944879484,0.5453980099502488,0.2151501670560062,stardisplay,1.4579943217215623,22.0,16,0.0090625,0.0,0.0,0.9822109877628628,0.002798507462686567,0.04362640754429673,0.5425109000007069,20000,15.0,200,0.0043925739108568234
0.0,1.0,0.0096875,0.03305785123966942,0.9972652529761905,44.0,0.0,1.0,2.75,2.75,1.0,2.0,1.0,0.18333333333333332,1.0,0.21990063683861885,0.0,11.0,1.0,2.699937810945274,43.19900497512438,0.09017412935323384,2.699937810945274,0.9098258706467661,0.6840796019900498,1.0199004975124377,2.0049751243781095,2.3034825870646767,0.17999585406301824,5.256745861574145,448.9290437563232,28.0580652347702,0.34701492537313433,0.13124384482475637,stardisplay,0.43855424689087036,22.0,16,0.0096875,0.0,0.0,0.9921398415511316,0.003109452736318408,0.04570055595426959,0.5636412999992899,20001,15.0,200,0.005009462537458046
0.0,1.0,0.0121875,0.03305785123966942,0.9965565476190476,40.0,0.0,1.0,2.5,2.5,1.0,2.0,1.0,0.16666666666666666,1.0,0.4664955325992586,0.0,11.0,1.0,2.509950248756219,40.159203980099505,0.0,2.509950248756219,1.0,1.0,1.0248756218905473,1.7412935323383085,1.0,0.16733001658374794,5.3754639495783945,470.8573142814554,29.42858214259096,1.0,0.3758092636613183,stardisplay,1.236891080216562,22.0,16,0.0121875,0.0,0.0,0.9901735331105759,0.00404228855721393,0.03358739771434859,0.4929898999998841,20002,15.0,200,0.004514997856987441
0.0,1.0,0.010625,0.03305785123966942,0.9969582093253968,43.0,0.0,0.5,2.6875,2.6875,1.0,1.0,4.0,0.17916666666666667,0.0,0.1945967712695869,0.0,11.0,1.0,2.71455223880597,43.43283582089552,0.0,2.71455223880597,1.0,0.5155472636815921,1.0049751243781095,1.0348258706467661,3.890547263681592,0.18097014925373134,5.100467936636329,426.52294869302824,26.657684293314265,0.024253731343283583,0.19683330159737472,stardisplay,0.6147689106722454,22.0,16,0.010625,0.0,0.0,0.9845347950427128,0.0024875621890547263,0.036668673326605214,0.5113676000000851,20003,15.0,200,0.003586041564660817
0.0,1.0,0.008125,0.03305785123966942,0.9977388392857143,55.0,0.0,0.75,3.4375,3.4375,0.0,1.0,4.0,0.22916666666666666,0.0,0.24527991671565708,0.0,11.0,1.0,3.4486940298507465,55.17910447761194,0.017101990049751242,3.4486940298507465,0.9828980099502488,0.6840796019900498,0.014925373134328358,1.044776119402985,4.1840796019900495,0.22991293532338308,4.345083764546998,323.0582755395745,20.191142221223405,0.009950248756218905,0.20842130888712676,stardisplay,0.47783152542905877,22.0,16,0.008125,0.0,0.0,0.9847250433125618,0.0012437810945273632,0.05052685660963482,0.5647563999991689,20004,15.0,200,0.0044865517082871235
0.0,1.0,0.0125,0.03305785123966942,0.9965509672619048,45.0,0.0,1.0,2.8125,2.8125,1.0,2.0,1.0,0.1875,1.0,0.24285398284907425,0.0,11.0,1.0,2.7891791044776117,44.62686567164179,0.0,2.7891791044776117,1.0,0.9172885572139303,1.0398009950248757,2.014925373134328,1.1890547263681592,0.1859452736318408,4.960676098146843,400.6968525588733,25.04355328492958,0.8936567164179104,0.21643131244500985,stardisplay,0.2931753608563985,22.0,16,0.0125,0.0,0.0,0.5876195395070072,0.001554726368159204,0.03819654068089455,0.526478900001166,20005,15.0,200,0.006187149633652283
0.0,1.0,0.010625,0.03305785123966942,0.9975975942460318,47.0,0.0,0.6875,2.9375,2.9375,0.0,2.0,3.0,0.19583333333333333,0.0,0.1512678802692074,0.0,11.0,1.0,2.9766791044776117,47.62686567164179,0.0,2.9766791044776117,1.0,0.691231343283582,0.029850746268656716,2.009950248756219,2.970149253731343,0.1984452736318408,4.642285497400851,359.9244348113024,22.4952771757064,0.012437810945273632,0.16083536616713867,stardisplay,1.4107257104483983,22.0,16,0.010625,0.0,0.0,0.99375683536674,0.0024875621890547263,0.03838846658287604,0.5528407000001607,20006,15.0,200,0.0035136844626396596
0.0,1.0,0.013125,0.03305785123966942,0.9965403025793651,36.0,0.0,0.875,2.25,2.25,0.0,1.0,3.0,0.15,0.0,0.17843064393423475,0.0,11.0,1.0,2.3031716417910446,36.850746268656714,0.0,2.3031716417910446,1.0,0.8796641791044776,0.03980099502487562,1.0099502487562189,2.925373134328358,0.15354477611940298,5.426334134645124,477.3701393334828,29.835633708342677,0.03513681592039801,0.2166364288190037,stardisplay,1.3365137244787,22.0,16,0.013125,0.0,0.0,0.9816288941269385,0.003109452736318408,0.019224891445589445,0.49651730000005045,20007,15.0,200,0.005046141458203984
0.0,1.0,0.0125,0.03305785123966942,0.9967142857142858,42.0,0.0,0.625,2.625,2.625,0.0,2.0,3.0,0.175,0.0625,0.2090129435256359,0.0,11.0,1.0,2.683146766169154,42.930348258706466,0.0,2.683146766169154,1.0,0.7251243781094527,0.08955223880597014,2.0199004975124377,2.6318407960199006,0.17887645107794362,5.230997089102315,444.5549856665293,27.784686604158082,0.10261194029850747,0.28129875517615904,stardisplay,1.8640677052901395,22.0,16,0.0125,0.0,0.0,0.9923907157287314,0.004353233830845771,0.053442025154923856,0.5529464999999618,20008,15.0,200,0.003217846623998715
0.0,1.0,0.010625,0.03305785123966942,0.9971031746031745,54.0,0.0,0.875,3.375,3.375,1.0,2.0,2.0,0.225,0.125,0.4087077357189191,0.0,11.0,1.0,3.318407960199005,53.09452736318408,0.0,3.318407960199005,1.0,0.7658582089552238,0.8756218905472637,1.9154228855721394,2.308457711442786,0.22122719734660035,4.354765785242021,314.1841705462462,19.636510659140388,0.10914179104477612,0.29861028144786617,stardisplay,1.1775406838087628,22.0,16,0.010625,0.0,0.0,0.9713862211494306,0.0012437810945273632,0.0476392012604109,0.5764337000000523,20009,15.0,200,0.009835734827375719
0.0,1.0,0.0109375,0.03305785123966942,0.9970747767857142,47.0,0.0,1.0,2.9375,2.9375,1.0,2.0,1.0,0.19583333333333333,1.0,0.3409813145878267,0.0,11.0,1.0,2.9912935323383083,47.86069651741293,0.0,2.9912935323383083,1.0,1.0,1.0099502487562189,2.0049751243781095,1.0,0.1994195688225539,5.015671850983338,413.1307880915902,25.820674255724388,1.0,0.3594268079902989,stardisplay,0.6834601878866512,22.0,16,0.0109375,0.0,0.0,0.9783347267503895,0.00404228855721393,0.05805713077247978,0.5607629000005545,20010,15.0,200,0.004965524048816508
0.0,1.0,0.011875,0.03305785123966942,0.9970567956349206,45.0,0.0,0.875,2.8125,2.8125,1.0,1.0,2.0,0.1875,0.125,0.26114262461798743,0.0,11.0,1.0,2.861007462686567,45.776119402985074,0.0,2.861007462686567,1.0,0.8768656716417911,1.0049751243781095,1.0099502487562189,1.9850746268656716,0.19073383084577114,5.072459320876865,424.8881372848038,26.555508580300238,0.13805970149253732,0.27134433198871316,stardisplay,0.8103905978232967,22.0,16,0.011875,0.0,0.0,0.9762183150042298,0.002798507462686567,0.04845142786795242,0.5471533999989333,20011,15.0,200,0.0035779232075980683
0.0,1.0,0.0103125,0.03305785123966942,0.9974866071428572,48.0,0.0,0.875,3.0,3.0,1.0,2.0,2.0,0.2,0.125,0.22360546402710524,0.0,11.0,1.0,3.0460199004975124,48.7363184079602,0.0,3.0460199004975124,1.0,0.8308457711442786,0.8955223880597015,1.855721393034826,2.2039800995024876,0.20306799336650083,4.577551051323672,346.8971031288413,21.681068945552582,0.1486318407960199,0.23464642432521884,stardisplay,0.4665947491989843,22.0,16,0.0103125,0.0,0.0,0.9572884078278112,0.0018656716417910447,0.053868791796406475,0.5517408000014257,20012,15.0,200,0.005585691400419697
0.0,1.0,0.0115625,0.03305785123966942,0.9967225942460317,42.0,0.0,0.5625,2.625,2.625,0.0,1.0,3.0,0.175,0.0,0.3266436582097082,0.0,11.0,1.0,2.666355721393035,42.66169154228856,0.05037313432835821,2.666355721393035,0.9496268656716418,0.5712064676616916,0.029850746268656716,1.0348258706467661,2.9601990049751246,0.17775704809286896,5.0858466174490315,428.1379598547974,26.758622490924836,0.020833333333333332,0.28275299132303855,stardisplay,1.3514153120213264,22.0,16,0.0115625,0.0,0.0,0.9587332373410571,0.003109452736318408,0.04135464749444398,0.5586424000011903,20013,15.0,200,0.0044779520051969526
0.0,1.0,0.0096875,0.03305785123966942,0.9974471726190476,43.0,0.0,0.625,2.6875,2.6875,0.0,1.0,3.0,0.17916666666666667,0.0625,0.1927010680135593,0.0,11.0,1.0,2.72636815920398,43.62189054726368,0.0,2.72636815920398,1.0,0.660136815920398,0.05472636815920398,1.0298507462686568,2.855721393034826,0.18175787728026532,5.074218620528704,423.3473247974687,26.459207799841792,0.09981343283582089,0.20767010627507185,stardisplay,0.7302382754927816,22.0,16,0.0096875,0.0,0.0,0.9943526894149989,0.002798507462686567,0.04821737056666563,0.5793647999998939,20014,15.0,200,0.003954420415454564
0.0,1.0,0.006875,0.03305785123966942,0.9981968005952382,57.0,0.0,0.875,3.5625,3.5625,1.0,1.0,2.0,0.2375,0.125,0.1689147755421061,0.0,11.0,1.0,3.538557213930348,56.61691542288557,0.03917910447761194,3.538557213930348,0.960820895522388,0.9076492537313433,1.0099502487562189,1.044776119402985,1.4527363184079602,0.2359038142620232,4.278210567694351,310.1605831816866,19.385036448855413,0.6035447761194029,0.14729816994524078,stardisplay,0.18083975719016745,22.0,16,0.006875,0.0,0.0,0.9701159136171317,0.0012437810945273632,0.045979827158215844,0.6219049999999697,20015,15.0,200,0.0062051030416316235
0.0,1.0,0.0125,0.03305785123966942,0.9966096117424241,44.0,0.0,0.3125,2.75,2.75,1.0,2.0,4.0,0.18333333333333332,0.0,0.11405116507689207,0.0,11.0,1.0,2.816231343283582,45.059701492537314,0.0,2.816231343283582,1.0,0.41822139303482586,0.19900497512437812,2.014925373134328,4.7164179104477615,0.18774875621890547,5.045342702810704,420.52172736585084,26.282607960365677,0.021455223880597014,0.3328463473874564,stardisplay,1.7012048557518913,22.0,16,0.0125,0.0,0.0,0.9885362265974988,0.002798507462686567,0.04281368475564214,0.5436174999995274,20016,15.0,200,0.003857114746312615
0.0,1.0,0.013125,0.03305785123966942,0.996585193452381,45.0,0.0,1.0,2.8125,2.8125,1.0,2.0,1.0,0.1875,1.0,0.32347879215507325,0.0,11.0,1.0,2.8728233830845773,45.96517412935324,0.0,2.8728233830845773,1.0,1.0,1.0248756218905473,2.0049751243781095,1.0,0.19152155887230513,5.3218015902119955,457.67801418489273,28.604875886555796,1.0,0.3488471983573253,stardisplay,1.4102510097986294,22.0,16,0.013125,0.0,0.0,0.9929070694161257,0.0046641791044776115,0.05923456494037937,0.5281575999997585,20017,15.0,200,0.0036692715692804223
0.0,1.0,0.01125,0.03305785123966942,0.997083705357143,47.0,0.0,0.75,2.9375,2.9375,0.0,2.0,3.0,0.19583333333333333,0.0625,0.23774406413234167,0.0,11.0,1.0,2.844216417910448,45.507462686567166,0.18718905472636815,2.844216417910448,0.8128109452736318,0.6688432835820896,0.07960199004975124,2.0199004975124377,3.328358208955224,0.18961442786069654,4.99900974932191,408.4876746830564,25.530479667691026,0.05721393034825871,0.13631608278380372,stardisplay,0.9376340806911512,22.0,16,0.01125,0.0,0.0,0.9734400548543364,0.0021766169154228856,0.0470018895797433,0.552684300000692,20018,15.0,200,0.004112090128070822
0.0,1.0,0.0140625,0.03305785123966942,0.9963013392857143,45.0,0.0,1.0,2.8125,2.8125,1.0,2.0,1.0,0.1875,1.0,0.21613212896488285,0.0,11.0,1.0,2.787002487562189,44.592039800995025,0.0,2.787002487562189,1.0,0.8488805970149254,0.7164179104477612,1.9054726368159205,1.7014925373134329,0.18580016583747927,4.925529438811299,401.3739686375528,25.08587303984705,0.697139303482587,0.2105976065661105,stardisplay,1.2671225630670258,22.0,16,0.0140625,0.0,0.0,0.9879658957331325,0.0037313432835820895,0.04821288762289625,0.6039555000006658,20019,15.0,200,0.004824855297967837
0.0,1.0,0.0225,0.03305785123966942,0.9891183035714286,44.0,0.0,0.8125,2.75,2.75,0.0,2.0,3.0,0.18333333333333332,0.0,0.43266626614042547,0.0,11.0,1.0,2.7978855721393034,44.766169154228855,0.0,2.7978855721393034,1.0,0.8156094527363185,0.01990049751243781,1.8059701492537314,3.1393034825870645,0.1865257048092869,5.120955556920255,433.5798379057027,27.098739869106417,0.010572139303482588,0.44625287510803446,stardisplay,1.1955705823917246,22.0,16,0.0225,0.0,0.0,0.9928807252203976,0.0021766169154228856,0.06300229909061211,0.5910803999995551,20020,15.0,200,0.003970698551713409
0.0,1.0,0.0109375,0.03305785123966942,0.9971223958333334,45.0,0.0,1.0,2.8125,2.8125,1.0,2.0,1.0,0.1875,1.0,0.3723512101440434,0.0,11.0,1.0,2.8314676616915424,45.30348258706468,0.0,2.8314676616915424,1.0,0.9888059701492538,1.0099502487562189,2.009950248756219,1.0796019900497513,0.18876451077943618,4.989738610147094,410.37064951704207,25.64816559481513,0.9390547263681592,0.36749942914722084,stardisplay,0.800242253995118,22.0,16,0.0109375,0.0,0.0,0.9645059898337168,0.0024875621890547263,0.04910341684736558,0.5723271000006207,20021,15.0,200,0.006157169130733871
0.0,1.0,0.0096875,0.03305785123966942,0.9969441964285715,46.0,0.0,0.6875,2.875,2.875,1.0,2.0,2.0,0.19166666666666668,0.6875,0.21844863332843958,0.0,11.0,1.0,2.849502487562189,45.592039800995025,0.00808457711442786,2.849502487562189,0.9919154228855721,0.6380597014925373,1.0049751243781095,1.8706467661691542,2.417910447761194,0.18996683250414595,4.91906518569475,396.4297905899852,24.776861911874075,0.41200248756218905,0.16276832736727473,stardisplay,0.2572653199310338,22.0,16,0.0096875,0.0,0.0,0.9793154082380835,0.003420398009950249,0.04040799767766438,0.5576677000008203,20022,15.0,200,0.011646442034133645
0.0,1.0,0.0096875,0.03305785123966942,0.9972098214285714,43.0,0.0,0.875,2.6875,2.6875,1.0,2.0,2.0,0.17916666666666667,0.125,0.2669082323153835,0.0,11.0,1.0,2.7083333333333335,43.333333333333336,0.0,2.7083333333333335,1.0,0.8146766169154229,1.0149253731343284,2.0049751243781095,2.1343283582089554,0.18055555555555555,5.107679093516046,422.5130852278879,26.407067826742995,0.125,0.28820002444221465,stardisplay,0.5955108882125468,22.0,16,0.0096875,0.0,0.0,0.9781793059084531,0.0024875621890547263,0.05224759321557828,0.549586500001169,20023,15.0,200,0.008216562207356852
0.0,1.0,0.01,0.03305785123966942,0.9975870535714286,47.0,0.0,0.75,2.9375,2.9375,0.0,1.0,3.0,0.19583333333333333,0.0,0.2351979161724998,0.0,11.0,1.0,2.9723258706467663,47.55721393034826,0.0,2.9723258706467663,1.0,0.7540422885572139,0.03980099502487562,1.2835820895522387,2.9651741293532337,0.19815505804311773,4.740735278563015,368.4759223328684,23.029745145804274,0.01585820895522388,0.24208262263187066,stardisplay,0.16287288736350317,22.0,16,0.01,0.0,0.0,0.8590241971701543,0.0012437810945273632,0.04969388394050306,0.5613178000003245,20024,15.0,200,0.007549505820426198
0.0,1.0,0.0109375,0.03305785123966942,0.9971339285714285,43.0,0.0,1.0,2.6875,2.6875,1.0,2.0,1.0,0.17916666666666667,1.0,0.35267236202405505,0.0,11.0,1.0,2.730410447761194,43.6865671641791,0.0,2.730410447761194,1.0,1.0,1.0049751243781095,1.945273631840796,1.0,0.18202736318407958,4.877448192590102,391.09865946109744,24.44366621631859,1.0,0.3722309019553256,stardisplay,1.2173839307934546,22.0,16,0.0109375,0.0,0.0,0.9831435533199865,0.0021766169154228856,0.04606144942201503,0.601861099999951,20025,15.0,200,0.004824757000836464
0.0,2.0,0.010625,0.03305785123966942,0.9972827380952382,44.0,0.1875,0.8125,2.75,2.75,2.0,2.0,2.0,0.18333333333333332,0.0,2.578553810236655e-05,0.1875,11.0,0.8125,2.79228855721393,44.67661691542288,0.1791044776119403,2.79228855721393,0.8208955223880597,0.8190298507462687,2.014925373134328,2.0199004975124377,1.9651741293532339,0.18615257048092868,4.951837980919834,397.694614945014,24.855913434063375,0.03669154228855721,0.029773488030717,stardisplay,0.24183281884654864,22.0,16,0.010625,0.0,0.0,0.9711053859251901,0.002798507462686567,0.03509470883181464,0.6256745000009687,20026,15.0,200,0.004438669537481684
0.0,1.0,0.0096875,0.03305785123966942,0.9975688244047619,46.0,0.0,0.8125,2.875,2.875,1.0,1.0,2.0,0.19166666666666668,0.1875,0.2478384533166377,0.0,11.0,1.0,2.9151119402985075,46.64179104477612,0.0,2.9151119402985075,1.0,0.8227611940298507,1.0,1.0049751243781095,1.945273631840796,0.1943407960199005,5.1000616343634135,429.7248561209822,26.85780350756139,0.23196517412935325,0.2558821828395025,stardisplay,0.51328889771431,22.0,16,0.009375,0.0,0.0,0.988761158228424,0.0024875621890547263,0.04523087886707442,0.5733696999996027,20027,15.0,200,0.004115811669491272
0.0,1.0,0.0103125,0.03305785123966942,0.9973240327380952,47.0,0.0,0.4375,2.9375,2.9375,1.0,2.0,3.0,0.19583333333333333,0.25,0.14711033012317454,0.0,11.0,1.0,2.986318407960199,47.78109452736319,0.0,2.986318407960199,1.0,0.5009328358208955,1.0099502487562189,2.014925373134328,2.7512437810945274,0.19908789386401327,4.745297627017425,371.25923497938356,23.203702186211473,0.35634328358208955,0.18791360047255395,stardisplay,0.694870638423844,22.0,16,0.0103125,0.0,0.0,0.9905546500074757,0.003109452736318408,0.03342758745121397,0.538123700000142,20028,15.0,200,0.006050969413475533
0.0,1.0,0.013125,0.03305785123966942,0.9967549490440115,48.0,0.0,1.0,3.0,3.0,1.0,1.0,1.0,0.2,1.0,0.3671312183340877,0.0,11.0,1.0,3.050373134328358,48.80597014925373,0.0,3.050373134328358,1.0,1.0,1.0149253731343284,1.0895522388059702,1.0,0.20335820895522388,4.901665347972958,399.07875414491855,24.94242213405741,1.0,0.3516940195233336,stardisplay,1.0217759565077773,22.0,16,0.013125,0.0,0.0,0.9880252751426745,0.003420398009950249,0.05377865605209678,0.5361819999998261,20029,15.0,200,0.002988774636696265
0.0,1.0,0.00875,0.03305785123966942,0.9976629464285713,48.0,0.0,0.875,3.0,3.0,1.0,1.0,2.0,0.2,0.125,0.32184656984042304,0.0,11.0,1.0,2.9421641791044775,47.07462686567164,0.05970149253731343,2.9421641791044775,0.9402985074626866,0.8491915422885572,1.0049751243781095,1.0348258706467661,2.1343283582089554,0.1961442786069652,4.811162873837147,385.4247661494619,24.08904788434137,0.08084577114427861,0.20342150183349528,stardisplay,0.27954780703448956,22.0,16,0.00875,0.0,0.0,0.9810183589367288,0.0024875621890547263,0.040178456122853194,0.4831472000005306,20030,15.0,200,0.0065914675531105514
0.0,1.0,0.01375,0.03305785123966942,0.996562748015873,53.0,0.0,0.9375,3.3125,3.3125,0.0,2.0,2.0,0.22083333333333333,0.0625,0.722023486429573,0.0,11.0,1.0,3.2708333333333335,52.333333333333336,0.0,3.2708333333333335,1.0,0.9477611940298507,0.263681592039801,2.0,1.7960199004975124,0.21805555555555556,4.511991335175296,332.9455639947332,20.809097749670826,0.26865671641791045,0.6214250758064666,stardisplay,0.6201323166696788,22.0,16,0.01375,0.0,0.0,0.8715886604277832,0.002798507462686567,0.04822223746016948,0.5192444999993313,20031,15.0,200,0.020178263475880292
0.0,1.0,0.0075,0.03305785123966942,0.9979605654761905,43.0,0.0,0.875,2.6875,2.6875,1.0,1.0,2.0,0.17916666666666667,0.125,0.10573530937661484,0.0,11.0,1.0,2.7018034825870645,43.22885572139303,0.030783582089552237,2.7018034825870645,0.9692164179104478,0.8330223880597015,1.0,1.0796019900497513,2.218905472636816,0.18012023217247097,5.264871438228949,450.4422473730574,28.152640460816087,0.11318407960199005,0.10494167574766446,stardisplay,1.4545793835578247,22.0,16,0.0075,0.0,0.0,0.9795124257836256,0.0021766169154228856,0.03553151552100273,0.49546080000072834,20032,15.0,200,0.00547042449994777
0.0,1.0,0.0078125,0.03305785123966942,0.9979429450757575,47.0,0.0,0.875,2.9375,2.9375,1.0,2.0,2.0,0.19583333333333333,0.125,0.3374508380571235,0.0,11.0,1.0,2.98818407960199,47.81094527363184,0.0,2.98818407960199,1.0,0.8793532338308457,1.0,2.0,1.9651741293532339,0.199212271973466,4.714259907223258,369.8946644787353,23.118416529920957,0.15547263681592038,0.3389145407307821,stardisplay,0.313175091892005,22.0,16,0.0078125,0.0,0.0,0.995144181708772,0.0012437810945273632,0.049597658564938245,0.4955587000004016,20033,15.0,200,0.0026439501016621517
0.0,1.0,0.0128125,0.03305785123966942,0.9959858630952381,56.0,0.0,0.9375,3.5,3.5,0.0,2.0,2.0,0.23333333333333334,0.0625,0.26862705843712165,0.0,11.0,1.0,3.3678482587064678,53.885572139303484,0.03233830845771144,3.3678482587064678,0.9676616915422885,0.8924129353233831,0.029850746268656716,2.014925373134328,2.1691542288557213,0.22452321724709787,4.284154395328407,301.5884333534876,18.849277084592973,0.06467661691542288,0.20769928189169307,stardisplay,0.04416701770836211,22.0,16,0.0128125,0.0,0.0,0.9366015371231773,0.0012437810945273632,0.04177061140061228,0.5590745999998035,20034,15.0,200,0.010003434272895361
0.0,1.0,0.008125,0.03305785123966942,0.9976209077380952,45.0,0.0,0.9375,2.8125,2.8125,0.0,2.0,2.0,0.1875,0.0625,0.12337392038235537,0.0,11.0,1.0,2.7671019900497513,44.27363184079602,0.03731343283582089,2.7671019900497513,0.9626865671641791,0.8532338308457711,0.04975124378109453,2.0,2.298507462686567,0.18447346600331674,5.010387388238859,408.3371638023876,25.521072737649224,0.07524875621890548,0.11637508240491812,stardisplay,0.7058174692755609,22.0,16,0.008125,0.0,0.0,0.9715813736658391,0.0021766169154228856,0.05283021529314636,0.5438749999993888,20035,15.0,200,0.008009770467679207
0.0,1.0,0.0109375,0.03305785123966942,0.9966041666666666,50.0,0.0,0.9375,3.125,3.125,0.0,2.0,2.0,0.20833333333333334,0.0625,0.3037200074598981,0.0,11.0,1.0,3.074004975124378,49.18407960199005,0.006218905472636816,3.074004975124378,0.9937810945273632,0.9241293532338308,0.373134328358209,1.9751243781094527,1.7761194029850746,0.20493366500829188,4.627755925802231,350.44758636323445,21.902974147702153,0.3271144278606965,0.2766590086614627,stardisplay,0.18337771445294004,22.0,16,0.0109375,0.0,0.0,0.990334131607903,0.002798507462686567,0.04723307765603581,0.54049120000127,20036,15.0,200,0.00763297460324076
0.0,1.0,0.01,0.03305785123966942,0.9974211309523809,44.0,0.0,0.9375,2.75,2.75,0.0,2.0,2.0,0.18333333333333332,0.0625,0.27386381610684574,0.0,11.0,1.0,2.806592039800995,44.90547263681592,0.0,2.806592039800995,1.0,0.9384328358208955,0.024875621890547265,2.0049751243781095,1.9850746268656716,0.187106135986733,4.823299931924809,379.3089107127079,23.706806919544245,0.07649253731343283,0.28374317094245477,stardisplay,1.7776847407166818,22.0,16,0.01,0.0,0.0,0.9918714779065071,0.0021766169154228856,0.04030906042463823,0.5447823000013159,20037,15.0,200,0.005291069312197523
0.0,1.0,0.0140625,0.03305785123966942,0.9965922619047619,47.0,0.0,0.75,2.9375,2.9375,1.0,2.0,2.0,0.19583333333333333,0.75,0.46695621507622936,0.0,11.0,1.0,2.99657960199005,47.9452736318408,0.0,2.99657960199005,1.0,0.763681592039801,1.064676616915423,2.029850746268657,1.945273631840796,0.19977197346600334,4.682276828395613,356.507548373181,22.281721773323813,0.763681592039801,0.47736352991279635,stardisplay,0.28887566801045467,22.0,16,0.0140625,0.0,0.0,0.981523174127468,0.00404228855721393,0.04929098358333646,0.5620914999999513,20038,15.0,200,0.005672900500074385
0.0,1.0,0.011875,0.03305785123966942,0.996625496031746,38.0,0.0,1.0,2.375,2.375,1.0,1.0,1.0,0.15833333333333333,1.0,0.30309675838957867,0.0,11.0,1.0,2.4319029850746268,38.91044776119403,0.0,2.4319029850746268,1.0,1.0,1.0099502487562189,1.0149253731343284,1.0,0.16212686567164178,5.353648906608012,468.91839447447273,29.307399654654546,1.0,0.31728911504068097,stardisplay,1.6708410864383172,22.0,16,0.011875,0.0,0.0,0.9850609334438931,0.003109452736318408,0.030864777191495274,0.5220965999997134,20039,15.0,200,0.0041341017578574194
0.0,1.0,0.0109375,0.03305785123966942,0.9970993303571428,42.0,0.0,0.875,2.625,2.625,1.0,2.0,2.0,0.175,0.125,0.6579693557222455,0.0,11.0,1.0,2.6713308457711444,42.74129353233831,0.0,2.6713308457711444,1.0,0.8812189054726368,1.0248756218905473,2.009950248756219,1.9502487562189055,0.17808872305140963,5.257060750971032,450.1224103874697,28.132650649216856,0.1685323383084577,0.6405007996725606,stardisplay,0.6212058015304335,22.0,16,0.0109375,0.0,0.0,0.9887274977714372,0.00404228855721393,0.0550426651016738,0.5304898000013054,20040,15.0,200,0.004368743940845883
0.0,1.0,0.0103125,0.03305785123966942,0.9970561755952381,44.0,0.0,1.0,2.75,2.75,1.0,2.0,1.0,0.18333333333333332,1.0,0.14399624726725785,0.0,11.0,1.0,2.761504975124378,44.18407960199005,0.0,2.761504975124378,1.0,0.9689054726368159,1.0398009950248757,2.014925373134328,1.1243781094527363,0.1841003316749585,4.851186651992297,386.3091579476419,24.14432237172762,0.9689054726368159,0.1706452958356089,stardisplay,0.450272993510591,22.0,16,0.0103125,0.0,0.0,0.9666397126202856,0.003109452736318408,0.03674258394104675,0.5554283000001305,20041,15.0,200,0.00921855902667286
0.0,1.0,0.01125,0.03305785123966942,0.9968448660714286,46.0,0.0,1.0,2.875,2.875,1.0,2.0,1.0,0.19166666666666668,1.0,0.292028614916089,0.0,11.0,1.0,2.887126865671642,46.19402985074627,0.0,2.887126865671642,1.0,0.951181592039801,0.8706467661691543,1.855721393034826,1.3582089552238805,0.19247512437810946,4.942141178054965,402.00638989434066,25.12539936839629,0.8460820895522388,0.28376717900035925,stardisplay,0.10840882720237975,22.0,16,0.01125,0.0,0.0,0.9719993778367468,0.002798507462686567,0.052742688187544004,0.5521091999999044,20042,15.0,200,0.0058292523172965155
0.0,1.0,0.0084375,0.03305785123966942,0.9978328373015873,53.0,0.0,1.0,3.3125,3.3125,1.0,2.0,1.0,0.22083333333333333,1.0,0.13090195976071411,0.0,11.0,1.0,3.362873134328358,53.80597014925373,0.048507462686567165,3.362873134328358,0.9514925373134329,0.8246268656716418,1.0,2.0199004975124377,1.7512437810945274,0.22419154228855723,4.26920387918421,300.76393304385596,18.797745815240997,0.6293532338308457,0.12561615248001373,stardisplay,0.16154017224220632,22.0,16,0.0084375,0.0,0.0,0.8805499419363803,0.0012437810945273632,0.04554583892287734,0.5498971000015445,20043,15.0,200,0.01092779330601496
0.0,1.0,0.0125,0.03305785123966942,0.9967615327380953,48.0,0.0,1.0,3.0,3.0,1.0,2.0,1.0,0.2,1.0,0.3849511071780099,0.0,11.0,1.0,2.9350124378109452,46.960199004975124,0.024875621890547265,2.9350124378109452,0.9751243781094527,0.8479477611940298,1.0149253731343284,2.0,1.7014925373134329,0.195667495854063,4.874189042024097,387.6738200978623,24.229613756116393,0.6741293532338308,0.2900016678656997,stardisplay,0.2459812635583801,22.0,16,0.0125,0.0,0.0,0.9769064846555411,0.002798507462686567,0.05890669393805911,0.5549104999990959,20044,15.0,200,0.0069845428749407135
0.0,1.0,0.0171875,0.03305785123966942,0.9956897321428576,51.0,0.0,0.6875,3.1875,3.1875,1.0,2.0,2.0,0.2125,0.3125,0.43446026669342724,0.0,11.0,1.0,3.1063432835820897,49.701492537313435,0.0,3.1063432835820897,1.0,0.7879353233830846,1.0348258706467661,2.0248756218905473,1.7412935323383085,0.20708955223880596,4.81042776479991,375.31263548036145,23.45703971752259,0.6461442786069652,0.3079557802860429,stardisplay,1.1810558566965317,22.0,16,0.0171875,0.0,0.0,0.99256775650875,0.002798507462686567,0.05490095339164984,0.5762254999990546,20045,15.0,200,0.003814764846646952
0.0,1.0,0.0146875,0.03305785123966942,0.9962229437229436,43.0,0.0,0.375,2.6875,2.6875,0.0,2.0,4.0,0.17916666666666667,0.0625,0.46780186706359994,0.0,11.0,1.0,2.754042288557214,44.06467661691542,0.0,2.754042288557214,1.0,0.4207089552238806,0.0,1.9751243781094527,3.845771144278607,0.1836028192371476,4.8814900697249985,391.59290115758745,24.474556322349216,0.0625,0.36040107952589273,stardisplay,0.6696442540754051,22.0,16,0.014375,0.0,0.0,0.9898496433502757,0.0024875621890547263,0.04666191449473143,0.5720058000006247,20046,15.0,200,0.0050726098314075665
0.0,1.0,0.0125,0.03305785123966942,0.9967377232142858,41.0,0.0,0.9375,2.5625,2.5625,0.0,1.0,2.0,0.17083333333333334,0.0625,0.29483746966818075,0.0,11.0,1.0,2.6103855721393034,41.766169154228855,0.0,2.6103855721393034,1.0,0.9387437810945274,0.03482587064676617,1.0199004975124377,1.9800995024875623,0.1740257048092869,5.217578099640162,443.5252853536378,27.720330334602362,0.08115671641791045,0.3088906608664841,stardisplay,1.723667935557954,22.0,16,0.0121875,0.0,0.0,0.9911087341250725,0.003109452736318408,0.04954122269226298,0.5242479999997158,20047,15.0,200,0.0033837014176402655
0.0,1.0,0.0078125,0.03305785123966942,0.9975684523809524,46.0,0.0,1.0,2.875,2.875,1.0,1.0,1.0,0.19166666666666668,1.0,0.2618555985414709,0.0,11.0,1.0,2.8463930348258706,45.54228855721393,0.06529850746268656,2.8463930348258706,0.9347014925373134,0.9259950248756219,1.0049751243781095,1.0149253731343284,1.1691542288557213,0.18975953565505804,4.9316178850311525,404.75714197376516,25.297321373360322,0.8395522388059702,0.22168926581658235,stardisplay,0.43777679289113164,22.0,16,0.0078125,0.0,0.0,0.9864850338110372,0.002798507462686567,0.03965503743600974,0.533134200000859,20048,15.0,200,0.0062948027667651734
0.0,1.0,0.01375,0.03305785123966942,0.9961831597222222,41.0,0.0,0.6875,2.5625,2.5625,0.0,2.0,4.0,0.17083333333333334,0.0625,0.3627267753508687,0.0,11.0,1.0,2.570273631840796,41.124378109452735,0.0,2.570273631840796,1.0,0.5951492537313433,0.03980099502487562,1.7213930348258706,4.462686567164179,0.1713515754560531,5.205856342247025,446.43769666534234,27.902356041583896,0.04508706467661692,0.3401726804248113,stardisplay,0.1014895992544844,22.0,16,0.01375,0.0,0.0,0.9929920145423119,0.0037313432835820895,0.06136838801795093,0.5129099999994651,20049,15.0,200,0.004625844311317027
0.0,1.0,0.0059375,0.04938271604938271,0.9989656498015873,90.0,0.0,1.0,5.625,5.625,3.0,3.0,1.0,0.375,1.0,2.079523039192055,0.0,9.0,1.0,5.673818407960199,90.78109452736318,0.0,5.673818407960199,1.0,1.0,3.0348258706467663,3.0597014925373136,1.0,0.37825456053067996,5.9651269198397365,590.8741535792503,36.929634598703146,1.0,2.1236902891957268,alf,1.1417460386552154,18.0,16,0.005625,0.0,0.0,0.9918528147896739,0.1881218905472637,0.0034509488740439424,0.6223497999999381,20000,15.0,200,0.0034365227039915066
0.0,1.0,0.0025,0.04938271604938271,0.9996395089285715,128.0,0.0,1.0,8.0,8.0,4.0,5.0,1.0,0.5333333333333333,1.0,5.2367185718483285,0.0,9.0,1.0,7.920708955223881,126.73134328358209,0.0,7.920708955223881,1.0,1.0,3.9950248756218905,4.990049751243781,1.0,0.528047263681592,7.216820444705992,842.935595653112,52.6834747283195,1.0,5.124721051137357,alf,0.35881711109253045,18.0,16,0.0025,0.0,0.0,0.9941593382760563,0.1875,0.0030189298142743333,0.7852536999998847,20001,15.0,200,0.004131399744089383
0.0,1.0,0.001875,0.04938271604938271,0.9996779513888889,120.0,0.0,1.0,7.5,7.5,4.0,4.0,1.0,0.5,1.0,5.209618916660631,0.0,9.0,1.0,7.500621890547263,120.00995024875621,0.0,7.500621890547263,1.0,1.0,4.0,4.0,1.0,0.5000414593698176,7.027552375045835,807.4691476149385,50.466821725933656,1.0,5.204243932795275,alf,0.9309617547256676,18.0,16,0.001875,0.0,0.0,0.9926573239124535,0.4381218905472637,0.0017776771274990158,0.755484900000738,20002,15.0,200,0.004135892735764145
0.0,1.0,0.001875,0.04938271604938271,0.9997754103535353,112.0,0.0,1.0,7.0,7.0,2.0,4.0,1.0,0.4666666666666667,1.0,4.413122208148922,0.0,9.0,1.0,7.000932835820896,112.01492537313433,0.0,7.000932835820896,1.0,1.0,2.054726368159204,4.0,1.0,0.46672885572139305,6.51565768566779,696.4058575014636,43.52536609384148,1.0,4.397633816605981,alf,0.4719650751402056,18.0,16,0.001875,0.0,0.0,0.9888367563224558,0.18781094527363185,0.002194606567228703,0.6913560000011785,20003,15.0,200,0.0035306006597048364
0.0,1.0,0.0015625,0.04938271604938271,0.9998144728535354,102.0,0.0,1.0,6.375,6.375,1.0,4.0,1.0,0.425,1.0,1.41900971704143,0.0,9.0,1.0,6.365049751243781,101.8407960199005,0.0,6.365049751243781,1.0,1.0,1.0,4.0,1.0,0.42433665008291876,5.579584910978777,532.1574860405684,33.259842877535526,1.0,1.4016890037927665,alf,0.40673125289191986,18.0,16,0.00125,0.0,0.0,0.9880075724461302,0.25,0.0006793916479357056,0.6829008000004251,20004,15.0,200,0.00360965599822336
0.0,1.0,0.0034375,0.04938271604938271,0.9994641617063492,106.0,0.0,1.0,6.625,6.625,5.0,3.0,1.0,0.44166666666666665,1.0,2.568026353187039,0.0,9.0,1.0,6.654539800995025,106.4726368159204,0.0,6.654539800995025,1.0,1.0,5.0,3.1641791044776117,1.0,0.44363598673300164,6.516807218383403,694.3172450330142,43.394827814563385,1.0,2.5802672608612096,alf,0.17094769492480769,18.0,16,0.0034375,0.0,0.0,0.9739756276104912,0.125,0.001894526927104212,0.7347843000006833,20005,15.0,200,0.003987430549255078
0.0,1.0,0.0034375,0.04938271604938271,0.999460689484127,99.0,0.0,1.0,6.1875,6.1875,2.0,4.0,1.0,0.4125,1.0,2.8922431797773642,0.0,9.0,1.0,6.215796019900497,99.45273631840796,0.0,6.215796019900497,1.0,1.0,2.0049751243781095,4.104477611940299,1.0,0.4143864013266998,5.797100284061484,572.9193204755,35.80745752971875,1.0,2.9105122232956058,alf,0.942067275422024,18.0,16,0.003125,0.0,0.0,0.9956467287783098,0.1881218905472637,0.002794149858487822,0.6910060999998677,20006,15.0,200,0.0031588819515673654
0.0,1.0,0.0009375,0.04938271604938271,0.9998741319444444,122.0,0.0,1.0,7.625,7.625,3.0,5.0,1.0,0.5083333333333333,1.0,4.163601113382771,0.0,9.0,1.0,7.620646766169155,121.93034825870647,0.0,7.620646766169155,1.0,1.0,3.0,5.0,1.0,0.5080431177446102,7.178394129391678,830.791063426995,51.92444146418719,1.0,4.160028570530626,alf,0.8949370513109065,18.0,16,0.0009375,0.0,0.0,0.9888075143248408,0.25,0.001095304202044311,0.7367649999996502,20007,15.0,200,0.004757941289354644
0.0,1.0,0.00125,0.04938271604938271,0.9998095238095237,108.0,0.0,1.0,6.75,6.75,4.0,4.0,1.0,0.45,1.0,3.7963207183738032,0.0,9.0,1.0,6.752176616915423,108.03482587064677,0.0,6.752176616915423,1.0,1.0,4.024875621890548,4.0,1.0,0.45014510779436157,6.671398404635698,727.773409199853,45.48583807499081,1.0,3.7943330842250793,alf,1.3602370126953303,18.0,16,0.00125,0.0,0.0,0.9941736838503287,0.25,0.0013165857296714126,0.6808282999991206,20008,15.0,200,0.002909540908699917
0.0,1.0,0.0009375,0.04938271604938271,0.9998847853535353,112.0,0.0,1.0,7.0,7.0,3.0,3.0,1.0,0.4666666666666667,1.0,2.777963913364125,0.0,9.0,1.0,6.941853233830845,111.06965174129353,0.0,6.941853233830845,1.0,1.0,2.8059701492537314,3.0,1.0,0.462790215588723,5.958059756539048,597.6434718522519,37.35271699076574,1.0,2.6761507034747045,alf,0.9075390756080894,18.0,16,0.0009375,0.0,0.0,0.9896278848848128,0.12531094527363185,0.0021015057752483317,0.7434216999990895,20009,15.0,200,0.005344858801683036
0.0,1.0,0.0028125,0.04938271604938271,0.999609871031746,115.0,0.0,1.0,7.1875,7.1875,4.0,5.0,1.0,0.4791666666666667,1.0,3.9548495511506223,0.0,9.0,1.0,7.213619402985074,115.41791044776119,0.0,7.213619402985074,1.0,1.0,4.099502487562189,4.990049751243781,1.0,0.480907960199005,6.629743031864747,726.3426031378814,45.39641269611759,1.0,3.961098478120946,alf,0.5952087350215677,18.0,16,0.0028125,0.0,0.0,0.9859145605404542,0.3125,0.0019066454023932266,0.7080630000000383,20010,15.0,200,0.0040118480434069076
0.0,1.0,0.0028125,0.04938271604938271,0.9995530753968254,108.0,0.0,1.0,6.75,6.75,3.0,3.0,1.0,0.45,1.0,3.379743345838854,0.0,9.0,1.0,6.7568407960199,108.1094527363184,0.0,6.7568407960199,1.0,1.0,2.9601990049751246,3.1044776119402986,1.0,0.4504560530679934,6.502996023523375,702.8381075795995,43.92738172372497,1.0,3.350053015622117,alf,0.564870595731561,18.0,16,0.0028125,0.0,0.0,0.985138008694367,0.25,0.0032858619707938873,0.722394999998869,20011,15.0,200,0.00333987073939942
0.0,1.0,0.0046875,0.04938271604938271,0.9992605294011544,93.0,0.0,1.0,5.8125,5.8125,3.0,4.0,1.0,0.3875,1.0,2.0757458216479967,0.0,9.0,1.0,5.843594527363184,93.49751243781094,0.0,5.843594527363184,1.0,1.0,3.0,4.0049751243781095,1.0,0.38957296849087897,5.6221138545850335,528.6463813897035,33.04039883685647,1.0,2.0957667644619744,alf,0.38175934025371466,18.0,16,0.0046875,0.0,0.0,0.9886950489248194,0.12531094527363185,0.002788373323596373,0.7005489999992278,20012,15.0,200,0.004110858875108601
0.0,1.0,0.0021875,0.04938271604938271,0.9996643105158731,110.0,0.0,1.0,6.875,6.875,4.0,4.0,1.0,0.4583333333333333,1.0,3.316926207502613,0.0,9.0,1.0,6.821828358208955,109.14925373134328,0.0,6.821828358208955,1.0,1.0,3.825870646766169,3.9950248756218905,1.0,0.4547885572139303,6.434396418933263,680.9300539841739,42.55812837401087,1.0,3.3090205613808212,alf,1.009000410615291,18.0,16,0.001875,0.0,0.0,0.987746403195393,0.1875,0.0019023972592855424,0.6689590999994834,20013,15.0,200,0.003595569184839456
0.0,1.0,0.0025,0.04938271604938271,0.999576884920635,101.0,0.0,1.0,6.3125,6.3125,3.0,4.0,1.0,0.42083333333333334,1.0,3.1531439371328207,0.0,9.0,1.0,6.317786069651741,101.08457711442786,0.0,6.317786069651741,1.0,1.0,3.0348258706467663,4.0,1.0,0.42118573797678277,6.245228035480237,643.7772884705538,40.23608052940961,1.0,3.152028819738745,alf,0.597467679948639,18.0,16,0.0025,0.0,0.0,0.9953806253031924,0.18781094527363185,0.0020768730569706395,0.6557909000002837,20014,15.0,200,0.003537351081041313
0.0,1.0,0.001875,0.04938271604938271,0.9997335069444445,111.0,0.0,1.0,6.9375,6.9375,2.0,4.0,1.0,0.4625,1.0,3.0413430571259163,0.0,9.0,1.0,6.86318407960199,109.81094527363184,0.0,6.86318407960199,1.0,1.0,2.0,4.0,1.0,0.45754560530679933,5.791083036035681,571.1411622324551,35.69632263952845,1.0,2.9101993903828816,alf,0.12083634916521142,18.0,16,0.001875,0.0,0.0,0.9862513522943621,0.1875,0.001074489156123492,0.7145184999990306,20015,15.0,200,0.0041286535976786205
0.0,1.0,0.00375,0.04938271604938271,0.9995514710983461,120.0,0.0,1.0,7.5,7.5,4.0,5.0,1.0,0.5,1.0,4.685521186727553,0.0,9.0,1.0,7.523942786069652,120.38308457711443,0.0,7.523942786069652,1.0,1.0,3.9950248756218905,5.0,1.0,0.5015961857379768,6.437514340010294,689.6752368386537,43.10470230241586,1.0,4.694728533818468,alf,1.3530916138958178,18.0,16,0.003125,0.0,0.0,0.9948763564192058,0.31281094527363185,0.0016884508543084425,0.6865759000011167,20016,15.0,200,0.0025530241667117517
0.0,1.0,0.003125,0.04938271604938271,0.9995941107503608,128.0,0.0,1.0,8.0,8.0,5.0,5.0,1.0,0.5333333333333333,1.0,4.822941456631642,0.0,9.0,1.0,7.988495024875622,127.81592039800995,0.0,7.988495024875622,1.0,1.0,5.0049751243781095,5.0,1.0,0.5325663349917081,7.234833296173631,853.3079676880145,53.33174798050091,1.0,4.760725652573637,alf,1.0267891144890349,18.0,16,0.003125,0.0,0.0,0.9939905972040244,0.2531094527363184,0.004170809704294914,0.7447981999994226,20017,15.0,200,0.0035004168217007466
0.0,1.0,0.001875,0.04938271604938271,0.9997111742424242,107.0,0.0,1.0,6.6875,6.6875,4.0,4.0,1.0,0.44583333333333336,1.0,3.3827358139964074,0.0,9.0,1.0,6.635883084577115,106.17412935323384,0.0,6.635883084577115,1.0,1.0,3.9950248756218905,3.9601990049751246,1.0,0.4423922056384743,6.447911995996355,685.1906812679046,42.824417579244034,1.0,3.3478556728747018,alf,0.7671551569291252,18.0,16,0.0015625,0.0,0.0,0.9901376677761229,0.1881218905472637,0.0020869114130995796,0.6796414000000368,20018,15.0,200,0.003135967645201856
0.0,1.0,0.0040625,0.04938271604938271,0.9994446811868687,114.0,0.0,1.0,7.125,7.125,4.0,4.0,1.0,0.475,1.0,3.6037889961401888,0.0,9.0,1.0,7.138370646766169,114.2139303482587,0.0,7.138370646766169,1.0,1.0,4.0049751243781095,4.0,1.0,0.47589137645107793,6.5088650571643765,707.91505804954,44.24469112809625,1.0,3.638265900567355,alf,1.0464349908985504,18.0,16,0.003125,0.0,0.0,0.9920859511046098,0.31281094527363185,0.0013904189275320558,0.712399900001401,20019,15.0,200,0.003832440109447489
0.0,1.0,0.0021875,0.04938271604938271,0.9996651672979797,120.0,0.0,1.0,7.5,7.5,4.0,4.0,1.0,0.5,1.0,4.578520448190395,0.0,9.0,1.0,7.48476368159204,119.75621890547264,0.0,7.48476368159204,1.0,1.0,4.0,4.0,1.0,0.49898424543946934,6.815361128859364,765.8477469771983,47.865484186074895,1.0,4.5610159632823155,alf,0.8787905437355862,18.0,16,0.0021875,0.0,0.0,0.994750759591799,0.4375,0.0015051007031082417,0.6738542000002781,20020,15.0,200,0.003616230101965601
0.0,1.0,0.0046875,0.04938271604938271,0.9993325892857143,108.0,0.0,1.0,6.75,6.75,4.0,4.0,1.0,0.45,1.0,3.3093948070218526,0.0,9.0,1.0,6.779539800995025,108.4726368159204,0.0,6.779539800995025,1.0,1.0,4.014925373134329,4.0,1.0,0.451969320066335,6.5098016072443325,709.3759032349521,44.33599395218451,1.0,3.311834752947435,alf,0.688717817363079,18.0,16,0.00375,0.0,0.0,0.9888622211265251,0.2512437810945274,0.0027070950610427235,0.6639807000010478,20021,15.0,200,0.003473125031714738
0.0,1.0,0.005,0.04938271604938271,0.9992606421356421,102.0,0.0,1.0,6.375,6.375,2.0,4.0,1.0,0.425,1.0,4.186521124759494,0.0,9.0,1.0,6.373445273631841,101.97512437810946,0.0,6.373445273631841,1.0,1.0,2.0049751243781095,3.9950248756218905,1.0,0.4248963515754561,6.4836646884899185,696.4586753670284,43.528667210439274,1.0,4.1475208382812845,alf,0.15612901597744397,18.0,16,0.0046875,0.0,0.0,0.9900781752449938,0.2506218905472637,0.0012287942321821822,0.7380443000001833,20022,15.0,200,0.005216134830701235
0.0,1.0,0.0028125,0.04938271604938271,0.9995476077741702,114.0,0.0,1.0,7.125,7.125,5.0,4.0,1.0,0.475,1.0,3.5994628865228746,0.0,9.0,1.0,7.124067164179104,113.98507462686567,0.0,7.124067164179104,1.0,1.0,5.019900497512438,4.0,1.0,0.4749378109452736,7.152403339794323,833.2002225771365,52.07501391107103,1.0,3.593604002597995,alf,0.558379013008093,18.0,16,0.0028125,0.0,0.0,0.990674707095503,0.5,0.000794166867493282,0.7266662000001816,20023,15.0,200,0.004916672401328615
0.0,1.0,0.0028125,0.04938271604938271,0.9995020968614718,99.0,0.0,1.0,6.1875,6.1875,3.0,3.0,1.0,0.4125,1.0,2.6013595608712503,0.0,9.0,1.0,6.193718905472637,99.09950248756219,0.0,6.193718905472637,1.0,1.0,3.044776119402985,3.228855721393035,1.0,0.41291459369817574,6.4077283423741145,671.4938328911895,41.968364555699345,1.0,2.579550978001955,alf,0.09974589167968301,18.0,16,0.0025,0.0,0.0,0.9771646064342839,0.1287313432835821,0.0019117139373746983,0.6837434000008216,20024,15.0,200,0.004816626695507966
0.0,1.0,0.001875,0.04938271604938271,0.9996736111111111,116.0,0.0,1.0,7.25,7.25,5.0,4.0,1.0,0.48333333333333334,1.0,4.428946537892238,0.0,9.0,1.0,7.249378109452737,115.99004975124379,0.0,7.249378109452737,1.0,1.0,4.990049751243781,4.0,1.0,0.48329187396351575,6.594659883418729,718.8500753400843,44.92812970875527,1.0,4.392806123147115,alf,0.9601681631330082,18.0,16,0.001875,0.0,0.0,0.9884280477220835,0.3125,0.0011249033922312176,0.7365469000014855,20025,15.0,200,0.003972347591729334
0.0,1.0,0.005,0.04938271604938271,0.999239200036075,101.0,0.0,1.0,6.3125,6.3125,4.0,3.0,1.0,0.42083333333333334,1.0,2.6521160485795146,0.0,9.0,1.0,6.3159203980099505,101.05472636815921,0.0,6.3159203980099505,1.0,1.0,4.0,3.014925373134328,1.0,0.42106135986733007,6.605692857025109,711.9917214467594,44.49948259042246,1.0,2.6709966609059,alf,0.17038910255545858,18.0,16,0.005,0.0,0.0,0.9877863824953346,0.06529850746268656,0.0035803966514431286,0.6230766999997286,20026,15.0,200,0.003848549545093899
0.0,1.0,0.0021875,0.04938271604938271,0.9996404897186147,115.0,0.0,1.0,7.1875,7.1875,3.0,4.0,1.0,0.4791666666666667,1.0,4.2054773887613495,0.0,9.0,1.0,7.150808457711443,114.41293532338308,0.0,7.150808457711443,1.0,1.0,3.0,4.0,1.0,0.47672056384742956,6.405547822901839,692.8435012087972,43.302718825549825,1.0,4.177177983489706,alf,0.3522120098924016,18.0,16,0.0015625,0.0,0.0,0.9917116311182519,0.375,0.0011811001789744644,0.6767526000003272,20027,15.0,200,0.003822285458798747
0.0,1.0,0.0046875,0.04938271604938271,0.9993762366106117,101.0,0.0,1.0,6.3125,6.3125,4.0,4.0,1.0,0.42083333333333334,1.0,3.1774574330763303,0.0,9.0,1.0,6.324626865671642,101.19402985074628,0.0,6.324626865671642,1.0,1.0,4.0,3.955223880597015,1.0,0.4216417910447761,6.316627975313232,662.0694532529064,41.37934082830665,1.0,3.2028627253297413,alf,0.5781462015990331,18.0,16,0.0046875,0.0,0.0,0.992169576983609,0.13121890547263682,0.003340120329389037,0.6536290999993071,20028,15.0,200,0.004924818492470047
0.0,1.0,0.0025,0.04938271604938271,0.9996343005952381,107.0,0.0,1.0,6.6875,6.6875,3.0,4.0,1.0,0.44583333333333336,1.0,3.646134732471502,0.0,9.0,1.0,6.725746268656716,107.61194029850746,0.0,6.725746268656716,1.0,1.0,3.0,3.985074626865672,1.0,0.44838308457711445,5.877126105913141,580.1571126067602,36.25981953792251,1.0,3.6916718988957973,alf,0.8989640680135303,18.0,16,0.0025,0.0,0.0,0.9891574700916662,0.25,0.001510745649347407,0.6990865000007034,20029,15.0,200,0.002959584214925267
0.0,1.0,0.003125,0.04938271604938271,0.9996205131673882,105.0,0.0,1.0,6.5625,6.5625,1.0,2.0,1.0,0.4375,1.0,2.8938980856102243,0.0,9.0,1.0,6.576181592039801,105.21890547263682,0.0,6.576181592039801,1.0,1.0,1.0945273631840795,2.0,1.0,0.43841210613598675,6.348254771674313,672.1601941943501,42.01001213714688,1.0,2.8947970360857123,alf,0.22872093302821864,18.0,16,0.003125,0.0,0.0,0.987580920183604,0.25031094527363185,0.0015339472616619071,0.6830315999995946,20030,15.0,200,0.003877363298343418
0.0,1.0,0.00375,0.04938271604938271,0.9994250541125541,114.0,0.0,1.0,7.125,7.125,4.0,3.0,1.0,0.475,1.0,2.7107781862982425,0.0,9.0,1.0,7.134017412935323,114.14427860696517,0.0,7.134017412935323,1.0,1.0,4.0497512437810945,3.0,1.0,0.4756011608623549,6.878139458665734,773.17104686928,48.32319042933,1.0,2.697103351101732,alf,0.5073809863661017,18.0,16,0.0028125,0.0,0.0,0.9638886908139082,0.3131218905472637,0.003130027487905705,0.7134107000001677,20031,15.0,200,0.006196685377806892
0.0,1.0,0.0034375,0.04938271604938271,0.999542399440837,109.0,0.0,1.0,6.8125,6.8125,3.0,3.0,1.0,0.45416666666666666,1.0,2.362169250159876,0.0,9.0,1.0,6.794154228855722,108.70646766169155,0.0,6.794154228855722,1.0,1.0,3.0,3.0,1.0,0.4529436152570481,7.0295128867009975,798.3390574802805,49.89619109251753,1.0,2.361846071117083,alf,1.202988756847544,18.0,16,0.0034375,0.0,0.0,0.9904315634069819,0.18781094527363185,0.003052436852482348,0.6938994000011007,20032,15.0,200,0.004253116660446465
0.0,1.0,0.00125,0.04938271604938271,0.9998847853535353,123.0,0.0,1.0,7.6875,7.6875,2.0,4.0,1.0,0.5125,1.0,4.594585275939655,0.0,9.0,1.0,7.687189054726368,122.9950248756219,0.0,7.687189054726368,1.0,1.0,2.0,3.9950248756218905,1.0,0.5124792703150912,6.261117923535489,651.5302271632627,40.72063919770392,1.0,4.593795266914757,alf,0.35025666471748346,18.0,16,0.00125,0.0,0.0,0.9961128279833431,0.25,0.0003436997715938009,0.7287716000009823,20033,15.0,200,0.0021529386239727997
0.0,1.0,0.0034375,0.04938271604938271,0.9994532490079365,93.0,0.0,1.0,5.8125,5.8125,3.0,3.0,1.0,0.3875,1.0,2.0567661579230334,0.0,9.0,1.0,5.775808457711443,92.41293532338308,0.0,5.775808457711443,1.0,1.0,3.1343283582089554,3.0,1.0,0.3850538971807628,5.946933715899066,578.0907233539491,36.13067020962182,1.0,1.907549559541602,alf,0.10331704674216023,18.0,16,0.003125,0.0,0.0,0.983993933450623,0.06281094527363185,0.0027863127485573892,0.6524358999995457,20034,15.0,200,0.0032805881066581243
0.0,1.0,0.005,0.04938271604938271,0.9993571315836941,107.0,0.0,1.0,6.6875,6.6875,4.0,4.0,1.0,0.44583333333333336,1.0,2.8956352653311086,0.0,9.0,1.0,6.704601990049751,107.27363184079601,0.0,6.704601990049751,1.0,1.0,3.9402985074626864,3.9950248756218905,1.0,0.4469734660033168,6.841725781585093,759.3260927761626,47.45788079851016,1.0,2.908398817599661,alf,0.4541179006205648,18.0,16,0.005,0.0,0.0,0.9889990643376144,0.06343283582089553,0.002768471493316168,0.7015517999989243,20035,15.0,200,0.00388778280008808
0.0,1.0,0.00375,0.04938271604938271,0.9994703508297258,118.0,0.0,1.0,7.375,7.375,4.0,4.0,1.0,0.49166666666666664,1.0,4.301723005516403,0.0,9.0,1.0,7.365982587064677,117.85572139303483,0.0,7.365982587064677,1.0,1.0,4.0,4.0,1.0,0.4910655058043118,6.727165165252519,743.8806934837957,46.49254334273723,1.0,4.302440877655947,alf,0.15003631182513116,18.0,16,0.0028125,0.0,0.0,0.9922359977169838,0.25031094527363185,0.0014021060271222415,0.7350581999999122,20036,15.0,200,0.004216895490008462
0.0,1.0,0.003125,0.04938271604938271,0.9995298746392496,117.0,0.0,1.0,7.3125,7.3125,4.0,4.0,1.0,0.4875,1.0,3.696547662433053,0.0,9.0,1.0,7.309390547263682,116.95024875621891,0.0,7.309390547263682,1.0,1.0,3.985074626865672,3.9651741293532337,1.0,0.48729270315091205,6.470226997586237,701.4527956171272,43.84079972607045,1.0,3.6396980678452104,alf,1.4544693333136505,18.0,16,0.0028125,0.0,0.0,0.9936521059630166,0.18936567164179105,0.0024587524666536266,0.7101784000005864,20037,15.0,200,0.004252010688976781
0.0,1.0,0.0059375,0.04938271604938271,0.9991556074134199,105.0,0.0,1.0,6.5625,6.5625,4.0,5.0,1.0,0.4375,1.0,2.271695361704279,0.0,9.0,1.0,6.600435323383085,105.60696517412936,0.0,6.600435323383085,1.0,1.0,4.099502487562189,4.975124378109452,1.0,0.44002902155887236,6.053849556823562,605.5437372340405,37.84648357712753,1.0,2.2932853101450466,alf,0.21623030063026388,18.0,16,0.005625,0.0,0.0,0.98671417006444,0.0024875621890547263,0.005990824612401236,0.7171307999997225,20038,15.0,200,0.005279028300695018
0.0,1.0,0.0009375,0.04938271604938271,0.999875,126.0,0.0,1.0,7.875,7.875,5.0,4.0,1.0,0.525,1.0,5.129129274321735,0.0,9.0,1.0,7.866293532338308,125.86069651741293,0.0,7.866293532338308,1.0,1.0,4.990049751243781,4.0,1.0,0.5244195688225539,6.968697575130133,790.1725742139705,49.38578588837316,1.0,5.126454313158765,alf,1.273027615758185,18.0,16,0.0009375,0.0,0.0,0.9870378270136287,0.3125,0.000794593112366575,0.8080704000003607,20039,15.0,200,0.0038420170912374643
0.0,1.0,0.001875,0.04938271604938271,0.9997501240079365,123.0,0.0,1.0,7.6875,7.6875,4.0,5.0,1.0,0.5125,1.0,5.507963973125219,0.0,9.0,1.0,7.695584577114428,123.12935323383084,0.0,7.695584577114428,1.0,1.0,4.034825870646766,4.990049751243781,1.0,0.5130389718076286,7.146632258651628,841.1524473980498,52.572027962378115,1.0,5.494481729754989,alf,0.508259292161265,18.0,16,0.001875,0.0,0.0,0.991927040244647,0.5006218905472637,0.0021126136177382336,0.7933060999985173,20040,15.0,200,0.0038604875599356735
0.0,1.0,0.003125,0.04938271604938271,0.9995416666666667,103.0,0.0,1.0,6.4375,6.4375,4.0,4.0,1.0,0.42916666666666664,1.0,2.585389823878544,0.0,9.0,1.0,6.41386815920398,102.62189054726367,0.0,6.41386815920398,1.0,1.0,4.014925373134329,3.9502487562189055,1.0,0.4275912106135986,6.8437600261004805,765.6844054906444,47.855275343165275,1.0,2.595981960024691,alf,0.3655042690816376,18.0,16,0.003125,0.0,0.0,0.9855769335359472,0.19029850746268656,0.002887082850507423,0.6860944000000018,20041,15.0,200,0.004757132467777597
0.0,1.0,0.0028125,0.04938271604938271,0.9995403216575092,118.0,0.0,1.0,7.375,7.375,4.0,4.0,1.0,0.49166666666666664,1.0,3.8909787707305736,0.0,9.0,1.0,7.378109452736318,118.04975124378109,0.0,7.378109452736318,1.0,1.0,4.0,4.009950248756219,1.0,0.4918739635157545,6.622504218860313,734.9319597591121,45.93324748494451,1.0,3.8961842364499035,alf,0.06769094840078613,18.0,16,0.0025,0.0,0.0,0.990218023038237,0.3756218905472637,0.000465447857000944,0.7297795000013139,20042,15.0,200,0.0035066980171282085
0.0,1.0,0.0021875,0.04938271604938271,0.9996661593614717,104.0,0.0,1.0,6.5,6.5,3.0,4.0,1.0,0.43333333333333335,1.0,2.2976343688871315,0.0,9.0,1.0,6.496890547263682,103.95024875621891,0.0,6.496890547263682,1.0,1.0,3.0,4.0,1.0,0.43312603648424547,5.4541406486127055,503.5671466670628,31.472946666691424,1.0,2.3591858628388236,alf,0.12479285694013999,18.0,16,0.001875,0.0,0.0,0.9936969799655555,0.125,0.0014365864202750187,0.6421433000014076,20043,15.0,200,0.003573057708843106
0.0,1.0,0.00375,0.04938271604938271,0.9994742063492064,118.0,0.0,1.0,7.375,7.375,5.0,4.0,1.0,0.49166666666666664,1.0,3.7555008722175223,0.0,9.0,1.0,7.388992537313433,118.22388059701493,0.0,7.388992537313433,1.0,1.0,4.9950248756218905,4.0,1.0,0.4925995024875621,6.929947865411883,785.2555706012529,49.078473162578305,1.0,3.740796427776961,alf,0.2012573974568555,18.0,16,0.00375,0.0,0.0,0.993240189486343,0.25031094527363185,0.003547634019476932,0.7010743999999249,20044,15.0,200,0.00387075838078817
0.0,1.0,0.004375,0.04938271604938271,0.999218501984127,97.0,0.0,1.0,6.0625,6.0625,3.0,3.0,1.0,0.4041666666666667,1.0,1.8129790126476182,0.0,9.0,1.0,6.07773631840796,97.24378109452736,0.0,6.07773631840796,1.0,1.0,3.084577114427861,3.054726368159204,1.0,0.40518242122719733,6.28977498930796,650.9461962336898,40.68413726460561,1.0,1.8848776042480544,alf,0.9955564478829505,18.0,16,0.004375,0.0,0.0,0.9942402487915417,0.1256218905472637,0.004713694254884048,0.6659529999997176,20045,15.0,200,0.003086154493298905
0.0,1.0,0.0046875,0.04938271604938271,0.9993836692821069,104.0,0.0,1.0,6.5,6.5,1.0,4.0,1.0,0.43333333333333335,1.0,3.09958391339581,0.0,9.0,1.0,6.521766169154229,104.34825870646766,0.0,6.521766169154229,1.0,1.0,1.0696517412935322,4.0,1.0,0.4347844112769486,6.2415310401296225,640.6433000878308,40.04020625548942,1.0,3.139904341648741,alf,0.5478907533344224,18.0,16,0.0046875,0.0,0.0,0.9928839638539735,0.18781094527363185,0.0020016618887050224,0.6385260999995808,20046,15.0,200,0.004284404360677847
0.0,1.0,0.0009375,0.04938271604938271,0.9998642113095237,118.0,0.0,1.0,7.375,7.375,5.0,5.0,1.0,0.49166666666666664,1.0,3.747171486058356,0.0,9.0,1.0,7.376243781094527,118.01990049751244,0.0,7.376243781094527,1.0,1.0,4.965174129353234,4.970149253731344,1.0,0.4917495854063018,6.933450960595791,783.9348371592419,48.995927322452616,1.0,3.746723534286154,alf,1.399398725163093,18.0,16,0.0009375,0.0,0.0,0.9916308675442096,0.3125,0.0007322330465170351,0.6997940000001108,20047,15.0,200,0.0033169664960668575
0.0,1.0,0.005625,0.04938271604938271,0.999208299512987,101.0,0.0,1.0,6.3125,6.3125,3.0,3.0,1.0,0.42083333333333334,1.0,3.735282770182049,0.0,9.0,1.0,6.370646766169155,101.93034825870647,0.0,6.370646766169155,1.0,1.0,3.0248756218905473,3.0,1.0,0.42470978441127694,6.538246757612627,707.7620741867781,44.23512963667363,1.0,3.7796552002612254,alf,0.3581810123654725,18.0,16,0.005625,0.0,0.0,0.992811110831555,0.2506218905472637,0.0025094839287037396,0.6356307000005472,20048,15.0,200,0.003989181856464138
0.0,1.0,0.0046875,0.04938271604938271,0.9993370197510822,115.0,0.0,1.0,7.1875,7.1875,4.0,4.0,1.0,0.4791666666666667,1.0,4.218986871992227,0.0,9.0,1.0,7.202114427860696,115.23383084577114,0.0,7.202114427860696,1.0,1.0,4.014925373134329,4.0,1.0,0.4801409618573798,6.731982452778794,753.3865349454403,47.08665843409002,1.0,4.2363565466575785,alf,0.08303694484457538,18.0,16,0.0040625,0.0,0.0,0.9944698442170901,0.314365671641791,0.002968401200890927,0.649261700000352,20049,15.0,200,0.0039188677854018325
0.0,1.0,0.0021875,0.04938271604938271,0.9997188740079365,103.0,0.0,1.0,6.4375,6.4375,4.0,5.0,1.0,0.42916666666666664,1.0,2.896723978111499,0.0,9.0,1.0,6.4443407960199,103.1094527363184,0.0,6.4443407960199,1.0,1.0,3.9800995024875623,4.9950248756218905,1.0,0.42962271973466,6.5270601460375435,707.5268503040826,44.22042814400516,1.0,2.8966545046279206,lint,1.1417460386552154,18.0,16,0.001875,0.0,0.0,0.9918512581306707,0.25031094527363185,0.00046875,0.6370196000007127,20000,15.0,200,0.003435901423520215
0.0,1.0,0.0021875,0.04938271604938271,0.9996837797619048,107.0,0.0,1.0,6.6875,6.6875,3.0,5.0,1.0,0.44583333333333336,1.0,3.4001904082555856,0.0,9.0,1.0,6.683146766169155,106.93034825870647,0.0,6.683146766169155,1.0,1.0,3.0,4.990049751243781,1.0,0.4455431177446103,6.687105242587136,723.320382642391,45.20752391514944,1.0,3.3951560747869074,lint,0.35881711109253045,18.0,16,0.0021875,0.0,0.0,0.9941360603196373,0.06312189054726368,0.000625,0.6355113000008714,20001,15.0,200,0.0041423834520876585
0.0,1.0,0.00375,0.04938271604938271,0.9993767361111111,106.0,0.0,1.0,6.625,6.625,4.0,4.0,1.0,0.44166666666666665,1.0,4.1764954979169975,0.0,9.0,1.0,6.631218905472637,106.09950248756219,0.0,6.631218905472637,1.0,1.0,4.0,4.0,1.0,0.44208126036484247,6.572433118505624,710.7363184079602,44.42101990049751,1.0,4.177586049903576,lint,0.9309617547256676,18.0,16,0.00375,0.0,0.0,0.9926290236395063,0.12779850746268656,0.001875,0.65431929999977,20002,15.0,200,0.0041412735181115806
0.0,1.0,0.001875,0.04938271604938271,0.9997182201479076,105.0,0.0,1.0,6.5625,6.5625,2.0,4.0,1.0,0.4375,1.0,3.5274937718829626,0.0,9.0,1.0,6.557835820895522,104.92537313432835,0.0,6.557835820895522,1.0,1.0,2.0,4.0,1.0,0.43718905472636815,6.280575676376542,643.6185182431165,40.22615739019478,1.0,3.521482054161495,lint,0.4719650751402056,18.0,16,0.0015625,0.0,0.0,0.9888745490833981,0.0024875621890547263,0.0009375,0.6048355999992054,20003,15.0,200,0.0035333655009721363
0.0,1.0,0.0025,0.04938271604938271,0.9996210204725829,93.0,0.0,1.0,5.8125,5.8125,1.0,4.0,1.0,0.3875,1.0,0.9807065216401842,0.0,9.0,1.0,5.858208955223881,93.73134328358209,0.0,5.858208955223881,1.0,1.0,1.0,4.0,1.0,0.39054726368159204,5.329418713042882,479.5751243781106,29.973445273631913,1.0,1.0025166785554045,lint,0.40673125289191986,18.0,16,0.0025,0.0,0.0,0.987849719931614,0.1256218905472637,0.0009375,0.6080820000006497,20004,15.0,200,0.0036239508794674133
0.0,1.0,0.0015625,0.04938271604938271,0.9997362351190476,108.0,0.0,1.0,6.75,6.75,5.0,5.0,1.0,0.45,1.0,2.439079783556138,0.0,9.0,1.0,6.751554726368159,108.02487562189054,0.0,6.751554726368159,1.0,1.0,5.0,4.985074626865671,1.0,0.4501036484245439,6.365545509932235,661.6614427860678,41.35384017412924,1.0,2.4416300827125634,lint,0.1715146644499249,18.0,16,0.0015625,0.0,0.0,0.973940317083027,0.06281094527363185,0.00046875,0.6584462999999232,20005,15.0,200,0.003981808454963929
0.0,1.0,0.0021875,0.04938271604938271,0.9996949404761906,106.0,0.0,1.0,6.625,6.625,2.0,5.0,1.0,0.44166666666666665,1.0,3.329333835096497,0.0,9.0,1.0,6.623756218905473,105.98009950248756,0.0,6.623756218905473,1.0,1.0,2.0199004975124377,5.0,1.0,0.4415837479270315,6.047533326332941,625.7289186803821,39.10805741752388,1.0,3.326799607010832,lint,0.942067275422024,18.0,16,0.001875,0.0,0.0,0.9956354122333607,0.3125,0.00046875,0.6199790000009671,20006,15.0,200,0.003151433677141466
0.0,1.0,0.003125,0.04938271604938271,0.9995228061868687,108.0,0.0,1.0,6.75,6.75,3.0,5.0,1.0,0.45,1.0,3.4042497245696617,0.0,9.0,1.0,6.7611940298507465,108.17910447761194,0.0,6.7611940298507465,1.0,1.0,3.0,5.0,1.0,0.45074626865671646,6.697215143392314,721.661878393907,45.10386739961919,1.0,3.4144736469096144,lint,0.8949370513109065,18.0,16,0.003125,0.0,0.0,0.9887522486461046,0.0018656716417910447,0.00171875,0.663233000001128,20007,15.0,200,0.004759115895474483
0.0,1.0,0.0021875,0.04938271604938271,0.9996241319444445,96.0,0.0,1.0,6.0,6.0,5.0,4.0,1.0,0.4,1.0,3.214098494961423,0.0,9.0,1.0,6.007151741293533,96.11442786069652,0.0,6.007151741293533,1.0,1.0,4.990049751243781,4.0,1.0,0.40047678275290216,6.485773163262133,682.7985074626865,42.67490671641791,1.0,3.2248049305050355,lint,1.3602370126953303,18.0,16,0.001875,0.0,0.0,0.9941774340315025,0.0012437810945273632,0.0009375,0.6883443999995507,20008,15.0,200,0.002910205302064242
0.0,1.0,0.004375,0.04938271604938271,0.9993172010281386,93.0,0.0,1.0,5.8125,5.8125,1.0,4.0,1.0,0.3875,1.0,1.3653194808706532,0.0,9.0,1.0,5.84794776119403,93.56716417910448,0.0,5.84794776119403,1.0,0.9695273631840796,1.0497512437810945,3.9800995024875623,1.0696517412935322,0.38986318407960197,5.623796577676627,527.2398509209738,32.952490682560864,0.960820895522388,1.4342581877811758,lint,0.9075390756080894,18.0,16,0.004375,0.0,0.0,0.989439233532081,0.009017412935323384,0.001875,0.6149658000013005,20009,15.0,200,0.005230138522938013
0.0,1.0,0.003125,0.04938271604938271,0.9995760168650792,110.0,0.0,1.0,6.875,6.875,4.0,5.0,1.0,0.4583333333333333,1.0,2.8196612965111574,0.0,9.0,1.0,6.878109452736318,110.04975124378109,0.0,6.878109452736318,1.0,1.0,4.014925373134329,4.990049751243781,1.0,0.4585406301824212,6.667382176361276,723.3909521363945,45.21193450852466,1.0,2.8297987281463155,lint,0.5952087350215677,18.0,16,0.003125,0.0,0.0,0.9851779874861619,0.0640547263681592,0.001875,0.6961508999993384,20010,15.0,200,0.004030008979636853
0.0,1.0,0.00125,0.04938271604938271,0.9998324652777778,102.0,0.0,1.0,6.375,6.375,1.0,4.0,1.0,0.425,1.0,2.4037410645270416,0.0,9.0,1.0,6.375310945273632,102.0049751243781,0.0,6.375310945273632,1.0,1.0,1.0049751243781095,4.0,1.0,0.4250207296849088,6.403554532097938,673.6435788753494,42.102723679709335,1.0,2.404831463741661,lint,0.564870595731561,18.0,16,0.00125,0.0,0.0,0.9851167058941954,0.18781094527363185,0.0003125,0.6915865999999369,20011,15.0,200,0.003347872577240827
0.0,1.0,0.0021875,0.04938271604938271,0.9996116071428571,100.0,0.0,1.0,6.25,6.25,3.0,4.0,1.0,0.4166666666666667,1.0,2.4289659711274796,0.0,9.0,1.0,6.247201492537314,99.95522388059702,0.0,6.247201492537314,1.0,1.0,3.0,4.0049751243781095,1.0,0.4164800995024876,5.9710526876023495,591.5106965174109,36.96941853233818,1.0,2.426428227048557,lint,0.38175934025371466,18.0,16,0.0021875,0.0,0.0,0.9885948673971394,0.12531094527363185,0.0003125,0.6697240000012243,20012,15.0,200,0.004111968134447407
0.0,1.0,0.0034375,0.04938271604938271,0.9994711061507937,94.0,0.0,1.0,5.875,5.875,2.0,4.0,1.0,0.39166666666666666,1.0,2.3376012140302245,0.0,9.0,1.0,5.880597014925373,94.08955223880596,0.0,5.880597014925373,1.0,1.0,2.0049751243781095,3.9950248756218905,1.0,0.39203980099502483,6.069168139842788,609.4676309564163,38.09172693477602,1.0,2.3279337414874433,lint,1.009000410615291,18.0,16,0.003125,0.0,0.0,0.9868922883648693,0.12531094527363185,0.00078125,0.6148240999991685,20013,15.0,200,0.0036074578215543654
0.0,1.0,0.0025,0.04938271604938271,0.9996220238095238,104.0,0.0,1.0,6.5,6.5,4.0,4.0,1.0,0.43333333333333335,1.0,3.2644099537088973,0.0,9.0,1.0,6.4931592039801,103.8905472636816,0.0,6.4931592039801,1.0,1.0,4.0049751243781095,4.0,1.0,0.43287728026534,6.484931024708518,681.7087760977564,42.606798506109776,1.0,3.253032846778915,lint,0.597467679948639,18.0,16,0.0025,0.0,0.0,0.9953839413376276,0.06343283582089553,0.00109375,0.6374324999997043,20014,15.0,200,0.003533415598049441
0.0,1.0,0.005625,0.04938271604938271,0.9990543154761906,89.0,0.0,1.0,5.5625,5.5625,2.0,4.0,1.0,0.37083333333333335,1.0,1.481226223958366,0.0,9.0,1.0,5.578047263681592,89.24875621890547,0.0,5.578047263681592,1.0,1.0,1.6965174129353233,4.0,1.0,0.3718698175787728,5.3616443655835315,477.70036526641877,29.856272829151173,1.0,1.4800890731962228,lint,0.12083634916521142,18.0,16,0.0053125,0.0,0.0,0.9828824226059115,0.005286069651741294,0.00140625,0.622630100000606,20015,15.0,200,0.004498146169474918
0.0,1.0,0.0028125,0.04938271604938271,0.9995873015873016,113.0,0.0,1.0,7.0625,7.0625,3.0,5.0,1.0,0.4708333333333333,1.0,4.205012853805465,0.0,9.0,1.0,7.067164179104478,113.07462686567165,0.0,7.067164179104478,1.0,1.0,3.0,5.0,1.0,0.4711442786069652,6.447925149374644,683.9468438756684,42.746677742229274,1.0,4.209748006824272,lint,1.3530916138958178,18.0,16,0.0025,0.0,0.0,0.9948626033303268,0.12624378109452736,0.0015625,0.6639109000007011,20016,15.0,200,0.002558182334442653
0.0,1.0,0.0028125,0.04938271604938271,0.9995059411075036,111.0,0.0,1.0,6.9375,6.9375,3.0,5.0,1.0,0.4625,1.0,4.157831711007198,0.0,9.0,1.0,6.943097014925373,111.08955223880596,0.0,6.943097014925373,1.0,1.0,3.0248756218905473,5.0,1.0,0.46287313432835825,6.740675448086694,744.0204610523629,46.50127881577268,1.0,4.157801555912771,lint,1.0267891144890349,18.0,16,0.0025,0.0,0.0,0.9938977114937217,0.25155472636815923,0.00140625,0.6581573999992543,20017,15.0,200,0.0035102126963618497
0.0,1.0,0.0025,0.04938271604938271,0.9996098484848486,94.0,0.0,1.0,5.875,5.875,3.0,4.0,1.0,0.39166666666666666,1.0,2.784917927671994,0.0,9.0,1.0,5.875,94.0,0.0,5.875,1.0,1.0,3.0,3.9950248756218905,1.0,0.39166666666666666,6.179221933824961,635.4672514879932,39.71670321799957,1.0,2.777681148419653,lint,0.7671551569291252,18.0,16,0.0021875,0.0,0.0,0.9903411011134935,0.18781094527363185,0.0009375,0.6804740999996284,20018,15.0,200,0.0031338270550853873
0.0,1.0,0.00375,0.04938271604938271,0.9994326298701298,107.0,0.0,1.0,6.6875,6.6875,3.0,4.0,1.0,0.44583333333333336,1.0,3.3956383179117418,0.0,9.0,1.0,6.692164179104478,107.07462686567165,0.0,6.692164179104478,1.0,1.0,3.0199004975124377,4.0,1.0,0.4461442786069652,6.336542437858544,665.3043072656988,41.58151920410617,1.0,3.399713856442225,lint,1.0464349908985504,18.0,16,0.003125,0.0,0.0,0.992008681764729,0.1884328358208955,0.00125,0.6988371000006737,20019,15.0,200,0.0038444486781575474
0.0,1.0,0.003125,0.04938271604938271,0.9994292261557887,106.0,0.0,1.0,6.625,6.625,4.0,4.0,1.0,0.44166666666666665,1.0,3.3217117672141567,0.0,9.0,1.0,6.633084577114428,106.12935323383084,0.0,6.633084577114428,1.0,1.0,4.0,4.0,1.0,0.44220563847429517,6.340420397954516,661.7935323383084,41.362095771144276,1.0,3.3330459286934087,lint,0.8787905437355862,18.0,16,0.003125,0.0,0.0,0.9947223840348387,0.18874378109452736,0.00140625,0.701255999998466,20020,15.0,200,0.0036205843306872793
0.0,1.0,0.0028125,0.04938271604938271,0.999623263888889,112.0,0.0,1.0,7.0,7.0,4.0,5.0,1.0,0.4666666666666667,1.0,3.0599041297227854,0.0,9.0,1.0,7.001554726368159,112.02487562189054,0.0,7.001554726368159,1.0,1.0,4.0,4.960199004975125,1.0,0.46677031509121064,6.685271845311586,737.9764146962427,46.12352591851517,1.0,3.070948868201507,lint,0.688717817363079,18.0,16,0.0021875,0.0,0.0,0.9889784440283595,0.3131218905472637,0.00078125,0.7262750999998389,20021,15.0,200,0.0034668116304064564
0.0,1.0,0.00625,0.04938271604938271,0.9990165832431458,92.0,0.0,1.0,5.75,5.75,2.0,4.0,1.0,0.38333333333333336,1.0,3.608660640488302,0.0,9.0,1.0,5.76181592039801,92.18905472636816,0.0,5.76181592039801,1.0,1.0,2.0049751243781095,3.9950248756218905,1.0,0.3841210613598674,6.25817143501732,649.4885572139283,40.59303482587052,1.0,3.5972411917927047,lint,0.15612901597744397,18.0,16,0.00625,0.0,0.0,0.9900257140491707,0.18874378109452736,0.00125,0.6885689000009734,20022,15.0,200,0.0052499225869793945
0.0,1.0,0.0046875,0.04938271604938271,0.9992488613816738,102.0,0.0,1.0,6.375,6.375,4.0,4.0,1.0,0.425,1.0,2.607856202953027,0.0,9.0,1.0,6.384950248756219,102.1592039800995,0.0,6.384950248756219,1.0,1.0,4.014925373134329,4.0,1.0,0.42566334991708127,6.886482387708558,766.9937484223892,47.937109276399326,1.0,2.61848224144699,lint,0.558379013008093,18.0,16,0.004375,0.0,0.0,0.9901525228953396,0.1302860696517413,0.00203125,0.7045288000008441,20023,15.0,200,0.005018176824114183
0.0,1.0,0.0034375,0.04938271604938271,0.9994227092352093,94.0,0.0,1.0,5.875,5.875,3.0,4.0,1.0,0.39166666666666666,1.0,1.9477010628876659,0.0,9.0,1.0,5.875,94.0,0.0,5.875,1.0,1.0,2.9950248756218905,3.9950248756218905,1.0,0.39166666666666666,6.130657159290004,617.3273728224231,38.58296080140144,1.0,1.9491584830009898,lint,0.09974589167968301,18.0,16,0.0028125,0.0,0.0,0.9723728445224422,0.06312189054726368,0.00109375,0.6741785000012896,20024,15.0,200,0.004848946936426928
0.0,1.0,0.003125,0.04938271604938271,0.9994817708333333,104.0,0.0,1.0,6.5,6.5,4.0,4.0,1.0,0.43333333333333335,1.0,2.468525228279685,0.0,9.0,1.0,6.5096393034825875,104.1542288557214,0.0,6.5096393034825875,1.0,1.0,4.019900497512438,4.0,1.0,0.43397595356550583,6.270500528107123,644.2313451248591,40.264459070303694,1.0,2.482170932295979,lint,0.9601681631330082,18.0,16,0.003125,0.0,0.0,0.9881255339395782,0.003109452736318408,0.00109375,0.7059286999992764,20025,15.0,200,0.003989261728816072
0.0,1.0,0.0025,0.04938271604938271,0.9996899688852814,106.0,0.0,1.0,6.625,6.625,3.0,4.0,1.0,0.44166666666666665,1.0,3.341835482063352,0.0,9.0,1.0,6.6200248756218905,105.92039800995025,0.0,6.6200248756218905,1.0,1.0,3.0049751243781095,3.9950248756218905,1.0,0.441334991708126,6.56231768205904,703.2049385406375,43.950308658789844,1.0,3.3331415352761904,lint,0.17038910255545858,18.0,16,0.0025,0.0,0.0,0.9881161314891204,0.06343283582089553,0.0009375,0.7068419999995967,20026,15.0,200,0.003849275090305464
0.0,1.0,0.0025,0.04938271604938271,0.9995614966630592,104.0,0.0,1.0,6.5,6.5,2.0,4.0,1.0,0.43333333333333335,1.0,3.4418615175139493,0.0,9.0,1.0,6.503731343283582,104.05970149253731,0.0,6.503731343283582,1.0,1.0,2.014925373134328,4.0,1.0,0.4335820895522388,6.1781285846888245,640.6940428992048,40.0433776812003,1.0,3.443956338533974,lint,0.3522120098924016,18.0,16,0.0021875,0.0,0.0,0.9917582753239108,0.2506218905472637,0.00078125,0.690395499999795,20027,15.0,200,0.0038184107043406153
0.0,1.0,0.0046875,0.04938271604938271,0.9991367243867244,89.0,0.0,1.0,5.5625,5.5625,4.0,4.0,1.0,0.37083333333333335,1.0,2.0485629226781272,0.0,9.0,1.0,5.568407960199005,89.09452736318408,0.0,5.568407960199005,1.0,1.0,4.0,3.990049751243781,1.0,0.37122719734660037,6.1458514778052065,623.9631449633581,38.99769656020988,1.0,2.0620136609634603,lint,0.5781462015990331,18.0,16,0.0046875,0.0,0.0,0.9921588752503039,0.06374378109452736,0.00203125,0.646587900000668,20028,15.0,200,0.004946512038916275
0.0,1.0,0.001875,0.04938271604938271,0.9997437657828283,108.0,0.0,1.0,6.75,6.75,2.0,5.0,1.0,0.45,1.0,3.396874712781284,0.0,9.0,1.0,6.754353233830845,108.06965174129353,0.0,6.754353233830845,1.0,1.0,2.014925373134328,4.990049751243781,1.0,0.45029021558872306,5.962505630639006,584.7907978611755,36.54942486632347,1.0,3.402808161858502,lint,0.8996180987133965,18.0,16,0.0015625,0.0,0.0,0.9894260930168726,0.1256218905472637,0.00125,0.6908942999998544,20029,15.0,200,0.0029534791520226824
0.0,1.0,0.003125,0.04938271604938271,0.9995943700396824,103.0,0.0,1.0,6.4375,6.4375,1.0,4.0,1.0,0.42916666666666664,1.0,4.027877535724643,0.0,9.0,1.0,6.433768656716418,102.94029850746269,0.0,6.433768656716418,1.0,1.0,1.0099502487562189,3.9800995024875623,1.0,0.4289179104477612,6.405360655072418,682.2646289420604,42.64153930887878,1.0,3.9999041194000404,lint,0.22872093302821864,18.0,16,0.003125,0.0,0.0,0.9886321673716686,0.1259328358208955,0.0015625,0.6803178999998636,20030,15.0,200,0.0038318396204057065
0.0,1.0,0.0040625,0.04938271604938271,0.9994495174963924,112.0,0.0,1.0,7.0,7.0,3.0,4.0,1.0,0.4666666666666667,1.0,2.4560292505090033,0.0,9.0,1.0,6.987873134328358,111.80597014925372,0.0,6.987873134328358,1.0,1.0,3.0348258706467663,3.990049751243781,1.0,0.4658582089552239,6.856212219661365,759.9100924046097,47.49438077528811,1.0,2.4298480466313634,lint,0.5073809863661017,18.0,16,0.0028125,0.0,0.0,0.9696510312245673,0.1265547263681592,0.00265625,0.6777829000002384,20031,15.0,200,0.006141064360587378
0.0,1.0,0.0028125,0.04938271604938271,0.9996195211038961,104.0,0.0,1.0,6.5,6.5,3.0,5.0,1.0,0.43333333333333335,1.0,3.604067016620143,0.0,9.0,1.0,6.499067164179104,103.98507462686567,0.0,6.499067164179104,1.0,1.0,3.0,4.980099502487562,1.0,0.43327114427860697,6.782583220829727,750.1669197827606,46.88543248642254,1.0,3.59545798528391,lint,1.202988756847544,18.0,16,0.0025,0.0,0.0,0.9903107627914546,0.18781094527363185,0.00109375,0.628523800000039,20032,15.0,200,0.004229838907284424
0.0,1.0,0.0025,0.04938271604938271,0.9994957386363637,109.0,0.0,1.0,6.8125,6.8125,2.0,4.0,1.0,0.45416666666666666,1.0,4.084513383353117,0.0,9.0,1.0,6.823383084577115,109.17412935323384,0.0,6.823383084577115,1.0,1.0,2.0,3.9950248756218905,1.0,0.4548922056384743,5.888578224770151,577.6806538823307,36.10504086764567,1.0,4.086423931519956,lint,0.35025666471748346,18.0,16,0.0025,0.0,0.0,0.99611105280319,0.1256218905472637,0.001875,0.7039140999986557,20033,15.0,200,0.0021587716554220832
0.0,1.0,0.0015625,0.04938271604938271,0.9997708333333333,97.0,0.0,1.0,6.0625,6.0625,4.0,4.0,1.0,0.4041666666666667,1.0,1.6539693210956603,0.0,9.0,1.0,6.038246268656716,96.61194029850746,0.0,6.038246268656716,1.0,1.0,4.0,3.990049751243781,1.0,0.40254975124378106,6.189343261399369,620.026225372976,38.751639085811,1.0,1.5953116536106045,lint,0.10331704674216023,18.0,16,0.0015625,0.0,0.0,0.9842389049043674,0.0006218905472636816,0.001875,0.6700637000012648,20034,15.0,200,0.0031285834057584345
0.0,1.0,0.003125,0.04938271604938271,0.9995067866161617,98.0,0.0,1.0,6.125,6.125,3.0,4.0,1.0,0.4083333333333333,1.0,2.417059001650059,0.0,9.0,1.0,6.126554726368159,98.02487562189054,0.0,6.126554726368159,1.0,1.0,3.0,3.9950248756218905,1.0,0.4084369817578773,6.6564771331344,715.0796019900497,44.692475124378106,1.0,2.420592279649318,lint,0.4541179006205648,18.0,16,0.003125,0.0,0.0,0.9888345194437501,0.0009328358208955224,0.00109375,0.6430624000004173,20035,15.0,200,0.003904218656112261
0.0,1.0,0.004375,0.04938271604938271,0.9992468885281386,102.0,0.0,1.0,6.375,6.375,4.0,4.0,1.0,0.425,1.0,2.5831371495954873,0.0,9.0,1.0,6.377487562189055,102.03980099502488,0.0,6.377487562189055,1.0,1.0,3.970149253731343,4.0,1.0,0.4251658374792703,6.430714441469388,671.0204445469913,41.938777784186954,1.0,2.5916505103611662,lint,0.15003631182513116,18.0,16,0.003125,0.0,0.0,0.9921813299246647,0.001554726368159204,0.0015625,0.6881288000004133,20036,15.0,200,0.004250785280908635
0.0,1.0,0.003125,0.04938271604938271,0.9995053097943724,106.0,0.0,1.0,6.625,6.625,3.0,4.0,1.0,0.44166666666666665,1.0,3.070726000822305,0.0,9.0,1.0,6.627176616915423,106.03482587064677,0.0,6.627176616915423,1.0,1.0,3.0,3.990049751243781,1.0,0.44181177446102815,6.249106141534437,651.9375515355785,40.74609697097365,1.0,3.0463343732531385,lint,1.4544693333136505,18.0,16,0.003125,0.0,0.0,0.9936945029808495,0.0640547263681592,0.00171875,0.683733799998663,20037,15.0,200,0.004096211124923905
0.0,1.0,0.0046875,0.04938271604938271,0.9994020224567101,105.0,0.0,1.0,6.5625,6.5625,5.0,5.0,1.0,0.4375,1.0,1.8747034550362354,0.0,9.0,1.0,6.562810945273632,105.0049751243781,0.0,6.562810945273632,1.0,1.0,5.0,4.900497512437811,1.0,0.4375207296849088,5.9867843742779305,582.3749221589318,36.398432634933236,1.0,1.8873985580962342,lint,0.21623030063026388,18.0,16,0.004375,0.0,0.0,0.9867988111520941,0.0018656716417910447,0.0021875,0.6690307999997458,20038,15.0,200,0.005342636717709431
0.0,1.0,0.0025,0.04938271604938271,0.9996927083333332,112.0,0.0,1.0,7.0,7.0,3.0,4.0,1.0,0.4666666666666667,1.0,3.586412236277324,0.0,9.0,1.0,7.000932835820896,112.01492537313433,0.0,7.000932835820896,1.0,1.0,3.009950248756219,4.0,1.0,0.46672885572139305,6.539091663216128,694.9021296608664,43.43138310380415,1.0,3.589062693000857,lint,1.273027615758185,18.0,16,0.0021875,0.0,0.0,0.986883822246777,0.0640547263681592,0.00140625,0.7251556000010169,20039,15.0,200,0.003860554941508646
0.0,1.0,0.0021875,0.04938271604938271,0.9996906001984126,110.0,0.0,1.0,6.875,6.875,5.0,5.0,1.0,0.4583333333333333,1.0,4.5732151181710465,0.0,9.0,1.0,6.876865671641791,110.02985074626865,0.0,6.876865671641791,1.0,1.0,5.0,4.990049751243781,1.0,0.458457711442786,7.0764485415377445,812.9948691934845,50.81217932459278,1.0,4.571882750192782,lint,0.508259292161265,18.0,16,0.0021875,0.0,0.0,0.9916813601185481,0.3162313432835821,0.00109375,0.6926527000014175,20040,15.0,200,0.0038730628623806994
0.0,1.0,0.003125,0.04938271604938271,0.9994666193181818,90.0,0.0,1.0,5.625,5.625,4.0,4.0,1.0,0.375,1.0,1.6498931215602863,0.0,9.0,1.0,5.6346393034825875,90.1542288557214,0.0,5.6346393034825875,1.0,1.0,4.0,3.9950248756218905,1.0,0.37564262023217243,6.464452003658443,678.462044029346,42.40387775183412,1.0,1.6743020888028946,lint,0.3655042690816376,18.0,16,0.0028125,0.0,0.0,0.9852596067665474,0.06560945273631841,0.00171875,0.6731055000000197,20041,15.0,200,0.004647561014091835
0.0,1.0,0.0040625,0.04938271604938271,0.9994368123196249,108.0,0.0,1.0,6.75,6.75,3.0,5.0,1.0,0.45,1.0,4.123339431789801,0.0,9.0,1.0,6.75839552238806,108.13432835820896,0.0,6.75839552238806,1.0,1.0,3.014925373134328,5.0,1.0,0.4505597014925373,6.358546162443057,668.216868885844,41.76355430536525,1.0,4.125471358117973,lint,0.06769094840078613,18.0,16,0.00375,0.0,0.0,0.9900207967102707,0.12686567164179105,0.00203125,0.725424700000076,20042,15.0,200,0.0035106247841974795
0.0,1.0,0.003125,0.04938271604938271,0.9994822668650793,92.0,0.0,1.0,5.75,5.75,3.0,4.0,1.0,0.38333333333333336,1.0,1.2833233162643611,0.0,9.0,1.0,5.776119402985074,92.41791044776119,0.0,5.776119402985074,1.0,1.0,3.0,4.0,1.0,0.3850746268656717,5.30125061616117,466.7218114432703,29.170113215204395,1.0,1.3551902127940632,lint,0.12479285694013999,18.0,16,0.0025,0.0,0.0,0.9936673341145902,0.0037313432835820895,0.00078125,0.6784005000008619,20043,15.0,200,0.003585770780638593
0.0,1.0,0.0025,0.04938271604938271,0.9996337820165945,115.0,0.0,1.0,7.1875,7.1875,5.0,4.0,1.0,0.4791666666666667,1.0,3.231078581004367,0.0,9.0,1.0,7.188432835820896,115.01492537313433,0.0,7.188432835820896,1.0,1.0,4.980099502487562,4.0,1.0,0.47922885572139307,6.811478916978164,746.9200866456692,46.68250541535433,1.0,3.2221766842373363,lint,0.2012573974568555,18.0,16,0.0025,0.0,0.0,0.9929819123405429,0.06374378109452736,0.001875,0.6923162000002776,20044,15.0,200,0.003896852765057969
0.0,1.0,0.00125,0.04938271604938271,0.9997934027777778,95.0,0.0,1.0,5.9375,5.9375,4.0,4.0,1.0,0.3958333333333333,1.0,2.8183226124578478,0.0,9.0,1.0,5.940609452736318,95.04975124378109,0.0,5.940609452736318,1.0,1.0,4.0,4.0,1.0,0.3960406301824212,6.468502906689516,681.723880597015,42.607742537313435,1.0,2.8195496600918872,lint,0.9955564478829505,18.0,16,0.0009375,0.0,0.0,0.9942196639656501,0.06343283582089553,0.000625,0.6660568000006606,20045,15.0,200,0.003087973889359239
0.0,1.0,0.004375,0.04938271604938271,0.9994243438852815,101.0,0.0,1.0,6.3125,6.3125,2.0,4.0,1.0,0.42083333333333334,1.0,3.2312104249164837,0.0,9.0,1.0,6.323383084577115,101.17412935323384,0.0,6.323383084577115,1.0,1.0,2.0,4.0,1.0,0.42155887230514094,6.074277328497854,611.5991145545769,38.224944659661055,1.0,3.236459493928328,lint,0.5478907533344224,18.0,16,0.004375,0.0,0.0,0.9928194626312276,0.1256218905472637,0.00109375,0.6699356000008265,20046,15.0,200,0.0042934837786798305
0.0,1.0,0.00125,0.04938271604938271,0.9998222853535352,111.0,0.0,1.0,6.9375,6.9375,3.0,5.0,1.0,0.4625,1.0,3.4552117262490665,0.0,9.0,1.0,6.936567164179104,110.98507462686567,0.0,6.936567164179104,1.0,1.0,3.009950248756219,4.970149253731344,1.0,0.46243781094527364,6.790140784076315,746.5099502487562,46.656871890547265,1.0,3.456823117410034,lint,1.399398725163093,18.0,16,0.00125,0.0,0.0,0.9916015189792018,0.1259328358208955,0.00078125,0.675610799999049,20047,15.0,200,0.0033163320270128776
0.0,1.0,0.0040625,0.04938271604938271,0.9993195233585859,105.0,0.0,1.0,6.5625,6.5625,3.0,4.0,1.0,0.4375,1.0,3.8369871960013864,0.0,9.0,1.0,6.55410447761194,104.86567164179104,0.0,6.55410447761194,1.0,1.0,3.029850746268657,3.990049751243781,1.0,0.4369402985074627,6.620058704751314,712.1582915533073,44.50989322208171,1.0,3.8166038174450194,lint,0.3581810123654725,18.0,16,0.0034375,0.0,0.0,0.9928840198564423,0.12624378109452736,0.0021875,0.6781768999990163,20048,15.0,200,0.003959897870921826
0.0,1.0,0.0040625,0.04938271604938271,0.9992403273809524,104.0,0.0,1.0,6.5,6.5,4.0,4.0,1.0,0.43333333333333335,1.0,3.2737284721785143,0.0,9.0,1.0,6.516169154228856,104.2587064676617,0.0,6.516169154228856,1.0,1.0,4.0049751243781095,4.0,1.0,0.4344112769485904,6.625634311316781,716.6057213930349,44.78785758706468,1.0,3.3056470131450815,lint,0.08303694484457538,18.0,16,0.0034375,0.0,0.0,0.9944653087670103,0.1265547263681592,0.00125,0.687309599999935,20049,15.0,200,0.003952274322714248
0.0,1.0,0.0228125,0.04938271604938271,0.9921780753968253,50.0,0.0,0.9375,3.125,3.125,0.0,2.0,2.0,0.20833333333333334,0.0625,0.374746010980812,0.0,9.0,1.0,3.2101990049751246,51.36318407960199,0.0,3.2101990049751246,1.0,0.9530472636815921,0.29850746268656714,2.0199004975124377,1.7512437810945274,0.2140132669983416,4.290636096775404,303.9278198598374,18.99548874123984,0.2957089552238806,0.41472939112646107,stardisplay,1.1417460386552154,18.0,16,0.0228125,0.0,0.0,0.9861426981266118,0.001554726368159204,0.05435901763795051,0.5152192000005016,20000,15.0,200,0.0037510459623222633
0.0,1.0,0.0128125,0.04938271604938271,0.9966666666666667,51.0,0.0,1.0,3.1875,3.1875,1.0,2.0,1.0,0.2125,1.0,0.32466831760895964,0.0,9.0,1.0,3.1629353233830844,50.60696517412935,0.0,3.1629353233830844,1.0,0.8429726368159204,1.0298507462686568,2.0248756218905473,1.5024875621890548,0.21086235489220564,4.708515316560051,359.88195790911755,22.492622369319847,0.8429726368159204,0.341904788256388,stardisplay,0.35881711109253045,18.0,16,0.0128125,0.0,0.0,0.9925336342648915,0.0009328358208955224,0.04505253038130674,0.5137478999986342,20001,15.0,200,0.0045838267163159545
0.0,1.0,0.015,0.04938271604938271,0.9964353918650793,48.0,0.0,1.0,3.0,3.0,1.0,2.0,1.0,0.2,1.0,0.49108507717896643,0.0,9.0,1.0,3.0649875621890548,49.039800995024876,0.0,3.0649875621890548,1.0,1.0,1.0398009950248757,2.0248756218905473,1.0,0.20433250414593698,4.734321359477868,364.86939072354954,22.804336920221846,1.0,0.5433292038256643,stardisplay,0.9309617547256676,18.0,16,0.015,0.0,0.0,0.992365661012638,0.002798507462686567,0.05044322872902763,0.5227715000000899,20002,15.0,200,0.0041621136532846385
0.0,1.0,0.0125,0.04938271604938271,0.9968506606240982,50.0,0.0,0.875,3.125,3.125,1.0,2.0,2.0,0.20833333333333334,0.125,0.6228189399039169,0.0,9.0,1.0,3.197450248756219,51.159203980099505,0.0,3.197450248756219,1.0,0.8893034825870647,1.0149253731343284,2.029850746268657,1.8855721393034826,0.21316334991708125,4.566236344063837,341.66232122186744,21.353895076366715,0.22512437810945274,0.6883838160724647,stardisplay,0.4719650751402056,18.0,16,0.0125,0.0,0.0,0.9880191223223722,0.0012437810945273632,0.036573094770504466,0.529814699999406,20003,15.0,200,0.0035550871026837167
0.0,1.0,0.0103125,0.04938271604938271,0.9976414817821068,61.0,0.0,0.75,3.8125,3.8125,0.0,2.0,4.0,0.25416666666666665,0.0625,0.37095565942557474,0.0,9.0,1.0,3.833644278606965,61.33830845771144,0.0,3.833644278606965,1.0,0.6184701492537313,0.24875621890547264,2.044776119402985,4.149253731343284,0.25557628524046433,3.803327454794598,247.45389769812653,15.465868606132908,0.06467661691542288,0.33442158093375063,stardisplay,0.40673125289191986,18.0,16,0.01,0.0,0.0,0.9770959413619469,0.0012437810945273632,0.06039959908922985,0.5832806999987952,20004,15.0,200,0.004034267617943851
0.0,1.0,0.015625,0.04938271604938271,0.9963665674603175,54.0,0.0,1.0,3.375,3.375,1.0,2.0,1.0,0.225,1.0,0.6208956672644141,0.0,9.0,1.0,3.4126243781094527,54.601990049751244,0.0,3.4126243781094527,1.0,0.9912935323383084,1.263681592039801,2.0597014925373136,1.0199004975124377,0.22750829187396351,4.469710217619839,326.1942915807314,20.38714322379571,0.9888059701492538,0.5621792220049291,stardisplay,0.1835811239933957,18.0,16,0.015625,0.0,0.0,0.9208479332201751,0.0006218905472636816,0.05194628808860109,0.5604702999989968,20005,15.0,200,0.005319475657493062
0.0,1.0,0.011875,0.04938271604938271,0.9971387648809524,55.0,0.0,0.75,3.4375,3.4375,1.0,2.0,2.0,0.22916666666666666,0.25,0.21579084841359056,0.0,9.0,1.0,3.4912935323383083,55.86069651741293,0.0,3.4912935323383083,1.0,0.7524875621890548,1.0149253731343284,2.0398009950248754,1.9900497512437811,0.23275290215588723,4.175073792887833,294.6457091350051,18.41535682093782,0.2574626865671642,0.25538511747118314,stardisplay,0.942067275422024,18.0,16,0.011875,0.0,0.0,0.995559956458978,0.001554726368159204,0.035035133320807786,0.5519917000001442,20006,15.0,200,0.003268014386246574
0.0,1.0,0.014375,0.04938271604938271,0.9962622767857142,48.0,0.0,1.0,3.0,3.0,1.0,2.0,1.0,0.2,1.0,0.6820796137788825,0.0,9.0,1.0,3.0727611940298507,49.16417910447761,0.0,3.0727611940298507,1.0,1.0,1.0248756218905473,2.029850746268657,1.0,0.20485074626865674,4.944018931573736,397.5932158696572,24.849575991853573,1.0,0.7267672989879027,stardisplay,0.8949370513109065,18.0,16,0.014375,0.0,0.0,0.9856468254442677,0.0012437810945273632,0.05009615668084705,0.5608792999992147,20007,15.0,200,0.004813250709432894
0.0,1.0,0.0109375,0.04938271604938271,0.997274181547619,52.0,0.0,1.0,3.25,3.25,1.0,2.0,1.0,0.21666666666666667,1.0,0.7244175180465916,0.0,9.0,1.0,3.3053482587064678,52.885572139303484,0.0,3.3053482587064678,1.0,1.0,1.0348258706467661,2.0646766169154227,1.0,0.22035655058043116,4.616326588160704,346.3424779075034,21.646404869218962,1.0,0.7643929789756525,stardisplay,1.3602370126953303,18.0,16,0.010625,0.0,0.0,0.993575463678564,0.0012437810945273632,0.041855443972083545,0.58606619999955,20008,15.0,200,0.0029950778345298793
0.0,1.0,0.016875,0.04938271604938271,0.9961556186868691,60.0,0.0,0.875,3.75,3.75,1.0,2.0,2.0,0.25,0.125,0.4304813681090962,0.0,9.0,1.0,3.7328980099502487,59.72636815920398,0.0,3.7328980099502487,1.0,0.7925995024875622,0.9353233830845771,2.0248756218905473,2.2139303482587063,0.24885986733001658,3.8683333274905256,248.5477360585395,15.534233503658719,0.13090796019900497,0.42303839608624694,stardisplay,0.9075390756080894,18.0,16,0.016875,0.0,0.0,0.9787235036722802,0.0009328358208955224,0.06373624297751453,0.5905370000000403,20009,15.0,200,0.008036617079852836
0.0,1.0,0.0215625,0.04938271604938271,0.9954743303571432,56.0,0.0,1.0,3.5,3.5,1.0,2.0,1.0,0.23333333333333334,1.0,0.5620682600922601,0.0,9.0,1.0,3.5712064676616917,57.13930348258707,0.0,3.5712064676616917,1.0,1.0,1.0398009950248757,2.009950248756219,1.0,0.2380804311774461,4.475565091146279,329.6391039834932,20.602443998968326,1.0,0.5947325215380176,stardisplay,0.5952087350215677,18.0,16,0.0215625,0.0,0.0,0.9819710317931832,0.001554726368159204,0.03764769456920462,0.5822122000008676,20010,15.0,200,0.004196296701226526
0.0,1.0,0.0125,0.04938271604938271,0.9972172619047619,52.0,0.0,0.875,3.25,3.25,1.0,2.0,2.0,0.21666666666666667,0.125,0.4742259586827751,0.0,9.0,1.0,3.300995024875622,52.81592039800995,0.0,3.300995024875622,1.0,0.8768656716417911,1.0049751243781095,2.029850746268657,1.9850746268656716,0.22006633499170813,4.4027995044024335,321.98685205520974,20.12417825345061,0.13805970149253732,0.5018194339583781,stardisplay,0.564870595731561,18.0,16,0.0125,0.0,0.0,0.9837885163021666,0.0012437810945273632,0.05414633867692672,0.5672298000008595,20011,15.0,200,0.003418323790558503
0.0,1.0,0.01125,0.04938271604938271,0.9973601190476191,56.0,0.0,0.875,3.5,3.5,1.0,2.0,2.0,0.23333333333333334,0.125,0.3095232372540508,0.0,9.0,1.0,3.5472636815920398,56.756218905472636,0.0,3.5472636815920398,1.0,0.8812189054726368,1.0248756218905473,2.029850746268657,1.9502487562189055,0.2364842454394693,4.178630801417066,292.9937335501423,18.312108346883893,0.1685323383084577,0.3385773153240085,stardisplay,0.38175934025371466,18.0,16,0.01125,0.0,0.0,0.9839920373284035,0.0009328358208955224,0.05584974073011597,0.6096891999986838,20012,15.0,200,0.004242954102961996
0.0,1.0,0.0146875,0.04938271604938271,0.9964517609126986,53.0,0.0,0.9375,3.3125,3.3125,0.0,2.0,2.0,0.22083333333333333,0.0625,0.5693913477042877,0.0,9.0,1.0,3.279850746268657,52.47761194029851,0.0,3.279850746268657,1.0,0.8302238805970149,0.06467661691542288,2.0199004975124377,2.2487562189054726,0.21865671641791043,4.542561799575991,342.0138076867444,21.375862980421527,0.1044776119402985,0.43621786326492223,stardisplay,1.009000410615291,18.0,16,0.0146875,0.0,0.0,0.9821878663410079,0.0009328358208955224,0.043395764009323295,0.5953675000000658,20013,15.0,200,0.0038578113995085235
0.0,1.0,0.015,0.04938271604938271,0.9945727926587304,49.0,0.0,1.0,3.0625,3.0625,1.0,1.0,1.0,0.20416666666666666,1.0,0.26964321908398303,0.0,9.0,1.0,3.142412935323383,50.27860696517413,0.0,3.142412935323383,1.0,1.0,1.0398009950248757,1.318407960199005,1.0,0.20949419568822555,4.5261461534888285,338.9907870513188,21.186924190707426,1.0,0.32011491260796515,stardisplay,0.597467679948639,18.0,16,0.015,0.0,0.0,0.9951938526308531,0.0012437810945273632,0.03837763234148297,0.5538851000001159,20014,15.0,200,0.0036868599952600725
0.0,1.0,0.0103125,0.04938271604938271,0.9973418231074481,60.0,0.0,0.875,3.75,3.75,1.0,2.0,2.0,0.25,0.125,0.2405676269343859,0.0,9.0,1.0,3.762126865671642,60.19402985074627,0.0,3.762126865671642,1.0,0.8762437810945274,1.0099502487562189,2.08955223880597,1.8159203980099503,0.2508084577114428,3.6673619742999644,228.61131139157675,14.288206961973547,0.31654228855721395,0.25475258873395434,stardisplay,0.12077868408904054,18.0,16,0.0103125,0.0,0.0,0.9738444999655298,0.0009328358208955224,0.05531906893543297,0.5853427999991254,20015,15.0,200,0.0058207832553426615
0.0,1.0,0.0146875,0.04938271604938271,0.9966896081349206,54.0,0.0,0.9375,3.375,3.375,0.0,3.0,2.0,0.225,0.0625,0.7349676555446513,0.0,9.0,1.0,3.4521144278606966,55.233830845771145,0.0,3.4521144278606966,1.0,0.9387437810945274,0.05472636815920398,3.009950248756219,1.9800995024875623,0.23014096185737976,4.5800873860729405,346.6295727469996,21.664348296687475,0.08115671641791045,0.785397087486265,stardisplay,1.3530916138958178,18.0,16,0.0146875,0.0,0.0,0.994403467052953,0.0018656716417910447,0.047866387173057794,0.5511067999996158,20016,15.0,200,0.002662364422080749
0.0,1.0,0.0146875,0.04938271604938271,0.9965193339646464,52.0,0.0,1.0,3.25,3.25,1.0,2.0,1.0,0.21666666666666667,1.0,0.6724655109890305,0.0,9.0,1.0,3.324004975124378,53.18407960199005,0.0,3.324004975124378,1.0,1.0,1.054726368159204,2.029850746268657,1.0,0.22160033167495852,4.603745685541715,344.6362518507678,21.539765740672987,1.0,0.7157918002025414,stardisplay,1.0267891144890349,18.0,16,0.0146875,0.0,0.0,0.9934975317991968,0.0024875621890547263,0.051618822770799835,0.526922500001092,20017,15.0,200,0.003561422894568642
0.0,1.0,0.01,0.04938271604938271,0.9975406407828282,52.0,0.0,0.5625,3.25,3.25,2.0,2.0,2.0,0.21666666666666667,0.4375,0.1785168244194898,0.0,9.0,1.0,3.3022388059701493,52.83582089552239,0.0,3.3022388059701493,1.0,0.5690298507462687,2.0049751243781095,2.0696517412935322,1.9850746268656716,0.22014925373134328,4.4398577050335355,323.181666817161,20.19885417607256,0.4458955223880597,0.2106967764158627,stardisplay,0.7671551569291252,18.0,16,0.01,0.0,0.0,0.9884243087229353,0.0012437810945273632,0.04892499266006607,0.5233482000003278,20018,15.0,200,0.0032156806876639014
0.0,1.0,0.015,0.04938271604938271,0.996606838474026,52.0,0.0,1.0,3.25,3.25,1.0,2.0,1.0,0.21666666666666667,1.0,0.32458442332890286,0.0,9.0,1.0,3.3078358208955225,52.92537313432836,0.0,3.3078358208955225,1.0,1.0,1.0597014925373134,2.0348258706467663,1.0,0.2205223880597015,4.472701365100265,332.11476415173314,20.75717275948332,1.0,0.39822054509032645,stardisplay,1.0464349908985504,18.0,16,0.015,0.0,0.0,0.9916730698698846,0.0018656716417910447,0.04354309736396139,0.5059427999985928,20019,15.0,200,0.003914116819881257
0.0,1.0,0.014375,0.04938271604938271,0.996435858412421,50.0,0.0,1.0,3.125,3.125,1.0,2.0,1.0,0.20833333333333334,1.0,0.5376267919489314,0.0,9.0,1.0,3.2108208955223883,51.37313432835821,0.0,3.2108208955223883,1.0,1.0,1.044776119402985,2.0398009950248754,1.0,0.2140547263681592,4.5396310671212765,338.2154196717845,21.13846372948653,1.0,0.5956653869593165,stardisplay,0.8561919989440371,18.0,16,0.014375,0.0,0.0,0.9942227194075273,0.0021766169154228856,0.04355018702861813,0.5126571000000695,20020,15.0,200,0.003689123698285464
0.0,1.0,0.0190625,0.04938271604938271,0.9943829365079364,50.0,0.0,1.0,3.125,3.125,1.0,2.0,1.0,0.20833333333333334,1.0,0.47814869237670704,0.0,9.0,1.0,3.1921641791044775,51.07462686567164,0.0,3.1921641791044775,1.0,0.9881840796019901,1.0398009950248757,2.0398009950248754,1.0945273631840795,0.21281094527363184,4.380077538837966,316.09537168496115,19.755960730310072,0.9172885572139303,0.5164210298400101,stardisplay,0.688717817363079,18.0,16,0.0190625,0.0,0.0,0.9825743715868317,0.0021766169154228856,0.03833717866757001,0.5732676999996329,20021,15.0,200,0.004199958113750347
0.0,1.0,0.0128125,0.04938271604938271,0.996330064033189,47.0,0.0,0.5625,2.9375,2.9375,1.0,2.0,3.0,0.19583333333333333,0.0,0.14115761692298978,0.0,9.0,1.0,3.0481965174129355,48.77114427860697,0.0,3.0481965174129355,1.0,0.5712064676616916,1.0149253731343284,1.945273631840796,2.945273631840796,0.20321310116086236,4.563461115829692,346.243796508751,21.64023728179694,0.04757462686567164,0.267037416105638,stardisplay,0.15612901597744397,18.0,16,0.0128125,0.0,0.0,0.9888982471856834,0.0018656716417910447,0.046041830120133236,0.5383786000002146,20022,15.0,200,0.006596184012926015
0.0,1.0,0.0134375,0.04938271604938271,0.9965294913419913,51.0,0.0,1.0,3.1875,3.1875,1.0,2.0,1.0,0.2125,1.0,0.5424496138779966,0.0,9.0,1.0,3.2353855721393034,51.766169154228855,0.0,3.2353855721393034,1.0,1.0,1.054726368159204,2.0398009950248754,1.0,0.21569237147595355,4.750799028805858,366.4291094193171,22.90181933870732,1.0,0.5645618264986938,stardisplay,0.558379013008093,18.0,16,0.0134375,0.0,0.0,0.9857506873900843,0.0024875621890547263,0.04607422213156224,0.544962799998757,20023,15.0,200,0.005498668489497131
0.0,1.0,0.0128125,0.04938271604938271,0.9972772366522367,52.0,0.0,0.75,3.25,3.25,0.0,2.0,3.0,0.21666666666666667,0.0,0.3737356008285434,0.0,9.0,1.0,3.283271144278607,52.53233830845771,0.0,3.283271144278607,1.0,0.7540422885572139,0.03980099502487562,2.0199004975124377,2.9651741293532337,0.21888474295190716,4.313811912979315,305.75432210867325,19.109645131792078,0.01585820895522388,0.4001465740371198,stardisplay,0.09974589167968301,18.0,16,0.0128125,0.0,0.0,0.876405501170816,0.0009328358208955224,0.042750758597750745,0.5660688999996637,20024,15.0,200,0.005742682379261861
0.0,1.0,0.014375,0.04938271604938271,0.9964854910714286,50.0,0.0,1.0,3.125,3.125,1.0,2.0,1.0,0.20833333333333334,1.0,0.5127374055185457,0.0,9.0,1.0,3.209266169154229,51.34825870646766,0.0,3.209266169154229,1.0,1.0,1.0398009950248757,2.054726368159204,1.0,0.2139510779436153,4.479005984532007,329.14976595639445,20.571860372274653,1.0,0.563840739397745,stardisplay,0.9601681631330082,18.0,16,0.014375,0.0,0.0,0.9831529593437587,0.001554726368159204,0.022213464959602698,0.5608011999993323,20025,15.0,200,0.004258944287062538
0.0,1.0,0.0121875,0.04938271604938271,0.9970930961399711,50.0,0.0,1.0,3.125,3.125,2.0,3.0,1.0,0.20833333333333334,1.0,0.38007220788433194,0.0,9.0,1.0,3.1962064676616917,51.13930348258707,0.0,3.1962064676616917,1.0,1.0,2.0248756218905473,3.0,1.0,0.2130804311774461,4.47344798223168,325.1048542219655,20.319053388872845,1.0,0.4164204811032167,stardisplay,0.17038910255545858,18.0,16,0.0121875,0.0,0.0,0.9864079093382428,0.0012437810945273632,0.04441595219996224,0.5721813000000111,20026,15.0,200,0.003947655000948634
0.0,1.0,0.0125,0.04938271604938271,0.9968678977272728,53.0,0.0,1.0,3.3125,3.3125,1.0,2.0,1.0,0.22083333333333333,1.0,0.5927671311058578,0.0,9.0,1.0,3.362562189054726,53.80099502487562,0.0,3.362562189054726,1.0,1.0,1.0199004975124377,2.029850746268657,1.0,0.2241708126036484,4.470163862080332,332.4691714324838,20.779323214530237,1.0,0.631682877917982,stardisplay,0.3522120098924016,18.0,16,0.011875,0.0,0.0,0.9915171883487975,0.0018656716417910447,0.05538632673212172,0.581595899999229,20027,15.0,200,0.0038324161855286636
0.0,1.0,0.0125,0.04938271604938271,0.9971190363455988,53.0,0.0,0.6875,3.3125,3.3125,1.0,3.0,2.0,0.22083333333333333,0.6875,0.5968696178543502,0.0,9.0,1.0,3.3563432835820897,53.701492537313435,0.0,3.3563432835820897,1.0,0.695273631840796,1.044776119402985,2.7960199004975124,1.9751243781094527,0.22375621890547265,4.249964887710322,300.06772894789276,18.754233059243298,0.695273631840796,0.617764041917294,stardisplay,0.5781462015990331,18.0,16,0.0125,0.0,0.0,0.9909056391484038,0.001554726368159204,0.05011811019800188,0.5329793000000791,20028,15.0,200,0.0054633097165552955
0.0,1.0,0.01375,0.04938271604938271,0.9972099341630591,57.0,0.0,1.0,3.5625,3.5625,1.0,3.0,1.0,0.2375,1.0,0.6096481284413997,0.0,9.0,1.0,3.629042288557214,58.06467661691542,0.0,3.629042288557214,1.0,1.0,1.0348258706467661,3.0,1.0,0.2419361525704809,4.2791634155375435,302.5281621005231,18.908010131282694,1.0,0.6581325298527592,stardisplay,0.899897990532227,18.0,16,0.01375,0.0,0.0,0.9853006081624215,0.0012437810945273632,0.046027280599087096,0.5819412000000739,20029,15.0,200,0.00298522817041806
0.0,1.0,0.01125,0.04938271604938271,0.9974301835317461,53.0,0.0,0.875,3.3125,3.3125,1.0,2.0,2.0,0.22083333333333333,0.125,0.2488132076725845,0.0,9.0,1.0,3.327425373134328,53.23880597014925,0.020522388059701493,3.327425373134328,0.9794776119402985,0.8109452736318408,1.0099502487562189,2.0,2.3383084577114426,0.22182835820895522,4.4061211394046795,325.5400173910834,20.34625108694271,0.09017412935323384,0.23445962541874285,stardisplay,0.22872093302821864,18.0,16,0.01125,0.0,0.0,0.9859444702559907,0.001554726368159204,0.043816196926556195,0.5604301000003034,20030,15.0,200,0.004396797251047201
0.0,1.0,0.0140625,0.04938271604938271,0.9971129599567099,56.0,0.0,1.0,3.5,3.5,2.0,2.0,1.0,0.23333333333333334,1.0,0.47542192039353626,0.0,9.0,1.0,3.5628109452736316,57.004975124378106,0.0,3.5628109452736316,1.0,1.0,2.029850746268657,2.074626865671642,1.0,0.23752072968490878,4.5657103728301065,338.4022733427923,21.150142083924518,1.0,0.5100028025562144,stardisplay,0.5073809863661017,18.0,16,0.0140625,0.0,0.0,0.9664046133191558,0.0021766169154228856,0.06477121262054841,0.5597378999991633,20031,15.0,200,0.006718849638519687
0.0,1.0,0.0134375,0.04938271604938271,0.9967680826118326,47.0,0.0,0.6875,2.9375,2.9375,1.0,2.0,3.0,0.19583333333333333,0.0,0.5262353830755834,0.0,9.0,1.0,2.995957711442786,47.93532338308458,0.0,2.995957711442786,1.0,0.6962064676616916,1.0149253731343284,2.014925373134328,2.945273631840796,0.19973051409618575,4.696395054260312,360.07286696990053,22.504554185618783,0.025497512437810944,0.5460089717410456,stardisplay,1.202988756847544,18.0,16,0.013125,0.0,0.0,0.9889804632055588,0.0012437810945273632,0.057379184794887725,0.5512998000012885,20032,15.0,200,0.004414423697884026
0.0,1.0,0.0121875,0.04938271604938271,0.9971606804653681,58.0,0.0,1.0,3.625,3.625,1.0,2.0,1.0,0.24166666666666667,1.0,0.44747996505076254,0.0,9.0,1.0,3.691542288557214,59.06467661691542,0.0,3.691542288557214,1.0,1.0,1.0099502487562189,2.009950248756219,1.0,0.2461028192371476,4.189106846544534,289.5956782834067,18.09972989271292,1.0,0.5014412583607459,stardisplay,0.35025666471748346,18.0,16,0.0121875,0.0,0.0,0.9960621338529017,0.0012437810945273632,0.04708154142157382,0.6032162999999855,20033,15.0,200,0.002251161927981123
0.0,1.0,0.010625,0.04938271604938271,0.9975398065476191,58.0,0.0,0.9375,3.625,3.625,0.0,3.0,2.0,0.24166666666666667,0.0625,0.40854821787599926,0.0,9.0,1.0,3.6001243781094527,57.601990049751244,0.026119402985074626,3.6001243781094527,0.9738805970149254,0.8967661691542289,0.06467661691542288,3.0,2.144278606965174,0.24000829187396353,3.9681197357920914,256.8900835697286,16.055630223108036,0.07680348258706468,0.36251858942715726,stardisplay,0.10331704674216023,18.0,16,0.0103125,0.0,0.0,0.9562998539465815,0.0006218905472636816,0.040134804005365815,0.5938650000007328,20034,15.0,200,0.005184061328437168
0.0,1.0,0.011875,0.04938271604938271,0.9968721478174604,49.0,0.0,0.9375,3.0625,3.0625,0.0,2.0,2.0,0.20416666666666666,0.0625,0.32021688403589,0.0,9.0,1.0,3.0911069651741294,49.45771144278607,0.0,3.0911069651741294,1.0,0.9129353233830846,0.0945273631840796,2.014925373134328,2.014925373134328,0.2060737976782753,4.68815346545603,357.5523163541353,22.347019772133457,0.0945273631840796,0.31520587930914323,stardisplay,0.4541179006205648,18.0,16,0.011875,0.0,0.0,0.9830200822796142,0.0009328358208955224,0.04484207226567847,0.5559200000006967,20035,15.0,200,0.004699247498269429
0.0,1.0,0.0190625,0.04938271604938271,0.9947592780483404,57.0,0.0,1.0,3.5625,3.5625,1.0,2.0,1.0,0.2375,1.0,0.5068901247679028,0.0,9.0,1.0,3.5680970149253732,57.08955223880597,0.0,3.5680970149253732,1.0,0.9654850746268657,1.0746268656716418,2.0497512437810945,1.1144278606965174,0.23787313432835822,4.26758443584626,297.8591568802153,18.616197305013458,0.9605099502487562,0.4985494131302318,stardisplay,0.15003631182513116,18.0,16,0.0190625,0.0,0.0,0.9916420837667596,0.001554726368159204,0.04894656774047292,0.5955890000004729,20036,15.0,200,0.005095035810044213
0.0,1.0,0.0121875,0.04938271604938271,0.9973747181637808,55.0,0.0,0.9375,3.4375,3.4375,0.0,2.0,2.0,0.22916666666666666,0.0625,0.3307075064682998,0.0,9.0,1.0,3.492226368159204,55.875621890547265,0.0,3.492226368159204,1.0,0.9396766169154229,0.06965174129353234,2.0049751243781095,1.9651741293532339,0.2328150912106136,4.227728792930435,292.2124930688371,18.263280816802318,0.09514925373134328,0.3521707332588589,stardisplay,1.4544693333136505,18.0,16,0.0121875,0.0,0.0,0.9929050661925181,0.0012437810945273632,0.044834395651992424,0.5572745999998006,20037,15.0,200,0.004912806954314384
0.0,1.0,0.0146875,0.04938271604938271,0.996951129599567,54.0,0.0,1.0,3.375,3.375,1.0,3.0,1.0,0.225,1.0,0.5216886396813498,0.0,9.0,1.0,3.433146766169154,54.930348258706466,0.0,3.433146766169154,1.0,1.0,1.099502487562189,3.009950248756219,1.0,0.22887645107794363,4.124838378057768,277.7918548643485,17.361990929021783,1.0,0.5509302330933785,stardisplay,0.21623030063026388,18.0,16,0.0146875,0.0,0.0,0.9810268781843504,0.0012437810945273632,0.036274287155593686,0.5774552000002586,20038,15.0,200,0.005979229931658436
0.0,1.0,0.0146875,0.04938271604938271,0.996640873015873,51.0,0.0,1.0,3.1875,3.1875,1.0,2.0,1.0,0.2125,1.0,0.5564280745178456,0.0,9.0,1.0,3.2468905472636815,51.950248756218905,0.0,3.2468905472636815,1.0,1.0,1.0248756218905473,2.029850746268657,1.0,0.21645936981757877,4.8263559425330795,379.72638669739695,23.73289916858731,1.0,0.6026385795740462,stardisplay,1.273027615758185,18.0,16,0.0146875,0.0,0.0,0.9855157963331742,0.001554726368159204,0.05468325597421398,0.5782562999993388,20039,15.0,200,0.0038741387923916133
0.0,1.0,0.018125,0.04938271604938271,0.9956785714285715,50.0,0.0,1.0,3.125,3.125,1.0,2.0,1.0,0.20833333333333334,1.0,0.6833385346455547,0.0,9.0,1.0,3.2021144278606966,51.233830845771145,0.0,3.2021144278606966,1.0,1.0,1.054726368159204,2.0348258706467663,1.0,0.2134742951907131,4.6632457500977615,354.63241818917123,22.164526136823202,1.0,0.7225038971586907,stardisplay,0.508259292161265,18.0,16,0.018125,0.0,0.0,0.9906692363022768,0.002798507462686567,0.05304740875724672,0.5841541999998299,20040,15.0,200,0.003964440114708846
0.0,1.0,0.010625,0.04938271604938271,0.9972332363816738,49.0,0.0,1.0,3.0625,3.0625,2.0,2.0,1.0,0.20416666666666666,1.0,0.6284907953190346,0.0,9.0,1.0,3.1069651741293534,49.711442786069654,0.0,3.1069651741293534,1.0,0.972636815920398,2.0199004975124377,2.009950248756219,1.109452736318408,0.20713101160862354,4.561801433719761,338.6857101977995,21.16785688736247,0.972636815920398,0.603514379519648,stardisplay,0.3655042690816376,18.0,16,0.010625,0.0,0.0,0.9807207388166242,0.001554726368159204,0.03403584772955912,0.6069729999999254,20041,15.0,200,0.005623163432617281
0.0,1.0,0.0146875,0.04938271604938271,0.996446800595238,51.0,0.0,0.75,3.1875,3.1875,1.0,2.0,2.0,0.2125,0.25,0.5177187041251383,0.0,9.0,1.0,3.259950248756219,52.159203980099505,0.0,3.259950248756219,1.0,0.7574626865671642,1.0497512437810945,2.0646766169154227,1.9701492537313432,0.2173300165837479,4.43567342909095,329.4205707463033,20.588785671643958,0.27238805970149255,0.5678774734640091,stardisplay,0.06764826564663394,18.0,16,0.0146875,0.0,0.0,0.9877445708069833,0.0021766169154228856,0.05745423502239886,0.5587790000008681,20042,15.0,200,0.0037111245915629914
0.0,1.0,0.0140625,0.04938271604938271,0.9969222470238094,57.0,0.0,1.0,3.5625,3.5625,1.0,2.0,1.0,0.2375,1.0,0.3241800886075902,0.0,9.0,1.0,3.574004975124378,57.18407960199005,0.02736318407960199,3.574004975124378,0.972636815920398,0.7611940298507462,1.0248756218905473,2.2786069651741294,1.9800995024875623,0.2382669983416252,3.9523707683409777,258.0832537482053,16.130203359262833,0.654228855721393,0.29303371682100765,stardisplay,0.12479285694013999,18.0,16,0.0140625,0.0,0.0,0.9852890910354826,0.0006218905472636816,0.04934809566185419,0.5808212000010826,20043,15.0,200,0.005866092581405792
0.0,1.0,0.0165625,0.04938271604938271,0.9961265782828284,53.0,0.0,0.8125,3.3125,3.3125,1.0,2.0,2.0,0.22083333333333333,0.1875,0.42604393113731687,0.0,9.0,1.0,3.398942786069652,54.38308457711443,0.0,3.398942786069652,1.0,0.8090796019900498,1.6169154228855722,2.0497512437810945,1.6567164179104477,0.2265961857379768,4.456322769196412,323.31104584920683,20.206940365575427,0.7375621890547264,0.33213695798608045,stardisplay,0.2012573974568555,18.0,16,0.0165625,0.0,0.0,0.9881442978955625,0.001554726368159204,0.03773960343246511,0.5101516000013362,20044,15.0,200,0.00459027207912249
0.0,1.0,0.0128125,0.04938271604938271,0.997242683531746,54.0,0.0,1.0,3.375,3.375,1.0,3.0,1.0,0.225,1.0,0.31389468519126223,0.0,9.0,1.0,3.4017412935323383,54.42786069651741,0.0,3.4017412935323383,1.0,1.0,1.064676616915423,3.014925373134328,1.0,0.2267827529021559,4.273144223560306,295.81473128104597,18.488420705065373,1.0,0.30093924071114564,stardisplay,0.9955564478829505,18.0,16,0.0128125,0.0,0.0,0.9941689548283555,0.0012437810945273632,0.04445900955885771,0.5533355999996274,20045,15.0,200,0.0033935942543479006
0.0,1.0,0.01375,0.04938271604938271,0.9969278161075036,55.0,0.0,0.9375,3.4375,3.4375,0.0,2.0,2.0,0.22916666666666666,0.0625,0.5350971372454935,0.0,9.0,1.0,3.4776119402985075,55.64179104477612,0.0,3.4776119402985075,1.0,0.9116915422885572,0.01990049751243781,2.0398009950248754,2.074626865671642,0.2318407960199005,4.3470366969358345,308.664637078002,19.291539817375124,0.07182835820895522,0.4913060320561421,stardisplay,0.5478907533344224,18.0,16,0.01375,0.0,0.0,0.9913276726429253,0.0012437810945273632,0.04626081920417382,0.5350892000005842,20046,15.0,200,0.004508240832774127
0.0,1.0,0.0134375,0.04938271604938271,0.996739448051948,51.0,0.0,0.9375,3.1875,3.1875,0.0,2.0,2.0,0.2125,0.0625,0.4062647873424342,0.0,9.0,1.0,3.2565298507462686,52.1044776119403,0.0,3.2565298507462686,1.0,0.9393656716417911,0.05970149253731343,2.0248756218905473,1.9701492537313432,0.21710199004975123,4.613294312656064,349.0302892363371,21.81439307727107,0.09048507462686567,0.4528101161001515,stardisplay,1.399398725163093,18.0,16,0.0134375,0.0,0.0,0.9908845162580054,0.001554726368159204,0.04154964849113412,0.555690200000754,20047,15.0,200,0.0033523584844037868
0.0,1.0,0.011875,0.04938271604938271,0.9967004644660895,48.0,0.0,0.5625,3.0,3.0,1.0,2.0,2.0,0.2,0.4375,0.31496557561374405,0.0,9.0,1.0,3.058457711442786,48.93532338308458,0.0,3.058457711442786,1.0,0.5755597014925373,1.0298507462686568,2.0199004975124377,1.9701492537313432,0.2038971807628524,4.601503161311524,354.73038171379574,22.170648857112234,0.4542910447761194,0.3504848978651966,stardisplay,0.3581810123654725,18.0,16,0.011875,0.0,0.0,0.9917902715262227,0.0018656716417910447,0.0484707841618298,0.5419404000003851,20048,15.0,200,0.004286870376448857
0.0,1.0,0.0146875,0.04938271604938271,0.9966072668650793,52.0,0.0,0.875,3.25,3.25,1.0,3.0,2.0,0.21666666666666667,0.125,0.8042556204504452,0.0,9.0,1.0,3.3152985074626864,53.04477611940298,0.0,3.3152985074626864,1.0,0.8799751243781094,1.054726368159204,3.009950248756219,1.9601990049751243,0.22101990049751247,4.623583002260834,353.25677406580684,22.078548379112927,0.15982587064676618,0.8577960430375903,stardisplay,0.08303694484457538,18.0,16,0.0146875,0.0,0.0,0.9937151898106705,0.0021766169154228856,0.05322053466527501,0.5396776000015961,20049,15.0,200,0.004087576105304648
0.0,1.0,0.0025,0.08163265306122448,0.9996645585317461,117.0,0.0,1.0,7.3125,7.3125,4.0,5.0,1.0,0.4875,1.0,3.0215107724997377,0.0,7.000000000000001,1.0,7.3028606965174125,116.8457711442786,0.0,7.3028606965174125,1.0,1.0,3.9950248756218905,5.0,1.0,0.48685737976782756,5.312583512440532,462.7343220290132,28.920895126813324,1.0,3.0627168122846253,alf,0.8329228446143011,14.000000000000002,16,0.001875,0.0,0.0,0.9933144321483002,0.12531094527363185,0.0014212836131793452,0.7183316999999079,20000,15.0,200,0.0033741898282700785
0.0,1.0,0.0078125,0.08163265306122448,0.9990096387987013,119.0,0.0,1.0,7.4375,7.4375,4.0,5.0,1.0,0.49583333333333335,1.0,3.985783423498646,0.0,7.000000000000001,1.0,7.52363184079602,120.37810945273633,0.0,7.52363184079602,1.0,1.0,4.064676616915423,4.9950248756218905,1.0,0.501575456053068,5.409898647693295,478.4588966224843,29.90368103890527,1.0,4.055925763437987,alf,0.2790799752941906,14.000000000000002,16,0.0065625,0.0,0.0,0.9942807134352565,0.1881218905472637,0.002404685541201294,0.7219559000004665,20001,15.0,200,0.003980612123282289
0.0,1.0,0.0025,0.08163265306122448,0.9995979324494949,126.0,0.0,1.0,7.875,7.875,5.0,6.0,1.0,0.525,1.0,5.991177255030989,0.0,7.000000000000001,1.0,7.852611940298507,125.64179104477611,0.0,7.852611940298507,1.0,1.0,4.985074626865671,5.91542288557214,1.0,0.5235074626865672,5.508149558746067,497.22734937534005,31.076709335958753,1.0,5.979220349668669,alf,0.6756817347146005,14.000000000000002,16,0.0025,0.0,0.0,0.9930725249945263,0.25031094527363185,0.001937200872926512,0.7598444999985077,20002,15.0,200,0.004115861409663879
0.0,1.0,0.0025,0.08163265306122448,0.9996723979145854,126.0,0.0,1.0,7.875,7.875,5.0,5.0,1.0,0.525,1.0,4.587170175480489,0.0,7.000000000000001,1.0,7.8784203980099505,126.05472636815921,0.0,7.8784203980099505,1.0,1.0,4.990049751243781,5.0,1.0,0.5252280265339967,5.353116061091359,472.1547908964586,29.509674431028664,1.0,4.594676369687152,alf,0.4008108166382402,14.000000000000002,16,0.001875,0.0,0.0,0.9914527411367011,0.25,0.0007784640948855381,0.7664473999993788,20003,15.0,200,0.0034507491468428035
0.0,1.0,0.0021875,0.08163265306122448,0.9997029897186147,115.0,0.0,1.0,7.1875,7.1875,2.0,5.0,1.0,0.4791666666666667,1.0,2.490620069246644,0.0,7.000000000000001,1.0,7.186567164179104,114.98507462686567,0.0,7.186567164179104,1.0,1.0,2.0,4.845771144278607,1.0,0.4791044776119403,4.760791305390386,383.88640436103987,23.99290027256499,1.0,2.498484739926547,alf,0.4130609416168813,14.000000000000002,16,0.0021875,0.0,0.0,0.989131147845169,0.18781094527363185,0.0011672621729716187,0.7449178000006214,20004,15.0,200,0.00355825862362297
0.0,1.0,0.003125,0.08163265306122448,0.9995297393578643,118.0,0.0,1.0,7.375,7.375,4.0,4.0,1.0,0.49166666666666664,1.0,3.1621819420476176,0.0,7.000000000000001,1.0,7.324626865671642,117.19402985074628,0.0,7.324626865671642,1.0,1.0,4.0049751243781095,4.0,1.0,0.48830845771144277,5.10198220880891,426.97507780907983,26.68594236306749,1.0,3.102122270680265,alf,0.052269999562369655,14.000000000000002,16,0.0028125,0.0,0.0,0.9618126606392364,0.0003109452736318408,0.003998295230346151,0.6503893999997672,20005,15.0,200,0.0038375694222692732
0.0,1.0,0.0025,0.08163265306122448,0.9996367694805195,117.0,0.0,1.0,7.3125,7.3125,3.0,5.0,1.0,0.4875,1.0,4.087734950514522,0.0,7.000000000000001,1.0,7.310012437810945,116.96019900497512,0.0,7.310012437810945,1.0,1.0,3.0,5.0497512437810945,1.0,0.4873341625207297,4.805144822248105,399.36456605802647,24.960285378626654,1.0,4.10027479002668,alf,0.47408272504113785,14.000000000000002,16,0.0021875,0.0,0.0,0.9956440615577787,0.18781094527363185,0.0012540441251425699,0.6309615999998641,20006,15.0,200,0.0031331793088179606
0.0,1.0,0.0034375,0.08163265306122448,0.9995676970598845,133.0,0.0,1.0,8.3125,8.3125,6.0,5.0,1.0,0.5541666666666667,1.0,5.181171960757903,0.0,7.000000000000001,1.0,8.305659203980099,132.89054726368158,0.0,8.305659203980099,1.0,1.0,5.940298507462686,5.0,1.0,0.5537106135986734,5.714382232260356,534.8627525250421,33.42892203281513,1.0,5.182816178214465,alf,0.48837796481237805,14.000000000000002,16,0.0034375,0.0,0.0,0.9890773793775962,0.1881218905472637,0.002828210742546736,0.6857993000012357,20007,15.0,200,0.004759270243700858
0.0,1.0,0.0025,0.08163265306122448,0.9996964476495727,129.0,0.0,1.0,8.0625,8.0625,5.0,5.0,1.0,0.5375,1.0,5.093227848601114,0.0,7.000000000000001,1.0,8.031405472636816,128.50248756218906,0.0,8.031405472636816,1.0,1.0,5.0,4.985074626865671,1.0,0.535427031509121,5.594066628217115,512.5053880752558,32.03158675470349,1.0,5.053853874593815,alf,0.8437825688481643,14.000000000000002,16,0.0025,0.0,0.0,0.9945845502446126,0.12624378109452736,0.002314814715971499,0.7084395000001678,20008,15.0,200,0.0028682797708951095
0.0,1.0,0.0046875,0.08163265306122448,0.999410432449495,109.0,0.0,0.5625,6.8125,6.8125,2.0,4.0,2.0,0.45416666666666666,0.4375,1.8071501372843726,0.0,7.000000000000001,1.0,6.846393034825871,109.54228855721394,0.0,6.846393034825871,1.0,0.5973258706467661,2.0398009950248754,3.9950248756218905,1.9203980099502487,0.45642620232172465,4.677715594949472,367.35753361769594,22.959845851105996,0.4822761194029851,1.841869362849057,alf,0.6362718393041915,14.000000000000002,16,0.0040625,0.0,0.0,0.9920926106658922,0.12531094527363185,0.0018413312352047778,0.6299662000001263,20009,15.0,200,0.004751192456523174
0.0,1.0,0.0025,0.08163265306122448,0.999680183531746,121.0,0.0,1.0,7.5625,7.5625,4.0,5.0,1.0,0.5041666666666667,1.0,4.557339507112862,0.0,7.000000000000001,1.0,7.570273631840796,121.12437810945273,0.0,7.570273631840796,1.0,1.0,4.054726368159204,4.9950248756218905,1.0,0.5046849087893864,5.182501661073237,451.28322179610257,28.20520136225641,1.0,4.548683781494281,alf,0.46294012723899797,14.000000000000002,16,0.001875,0.0,0.0,0.9857959772385986,0.25031094527363185,0.0016653623392599017,0.7035914999996749,20010,15.0,200,0.0039334455760016915
0.0,1.0,0.000625,0.08163265306122448,0.9999162946428573,115.0,0.0,1.0,7.1875,7.1875,2.0,5.0,1.0,0.4791666666666667,1.0,4.540977369508688,0.0,7.000000000000001,1.0,7.173818407960199,114.78109452736318,0.0,7.173818407960199,1.0,1.0,2.0,4.980099502487562,1.0,0.47825456053067994,5.033386758715554,420.72108639496463,26.29506789968529,1.0,4.501072185947506,alf,0.28958580626534797,14.000000000000002,16,0.0003125,0.0,0.0,0.9875744185308152,0.1875,0.0010796291305954163,0.7018209999987448,20011,15.0,200,0.003289054841613368
0.0,1.0,0.0034375,0.08163265306122448,0.9994900680916305,114.0,0.0,1.0,7.125,7.125,3.0,5.0,1.0,0.475,1.0,3.777723940441724,0.0,7.000000000000001,1.0,7.125310945273632,114.0049751243781,0.0,7.125310945273632,1.0,1.0,3.0,4.9950248756218905,1.0,0.4750207296849087,4.850685473156005,393.83124911144415,24.61445306946526,1.0,3.782456152193903,alf,0.29692393130844413,14.000000000000002,16,0.0025,0.0,0.0,0.9838145593177939,0.1881218905472637,0.0012419898743246552,0.7496655999984796,20012,15.0,200,0.004108166160482504
0.0,1.0,0.0025,0.08163265306122448,0.9995362103174602,126.0,0.0,1.0,7.875,7.875,4.0,5.0,1.0,0.525,1.0,4.453387541927042,0.0,7.000000000000001,1.0,7.8190298507462686,125.1044776119403,0.0,7.8190298507462686,1.0,1.0,3.9353233830845773,4.990049751243781,1.0,0.521268656716418,5.271042452750258,460.9230685388555,28.807691783678468,1.0,4.416005929512357,alf,0.6636965897806668,14.000000000000002,16,0.001875,0.0,0.0,0.986456138573933,0.1875,0.002771797610904413,0.7383302999987791,20013,15.0,200,0.003569684541109262
0.0,1.0,0.0015625,0.08163265306122448,0.9998173137626263,140.0,0.0,1.0,8.75,8.75,4.0,5.0,1.0,0.5833333333333334,1.0,6.169661165223197,0.0,7.000000000000001,1.0,8.682835820895523,138.92537313432837,0.0,8.682835820895523,1.0,1.0,3.9651741293532337,4.9950248756218905,1.0,0.5788557213930349,5.662666239749283,523.4564827326531,32.716030170790816,1.0,6.097721895182712,alf,0.46469708440449753,14.000000000000002,16,0.00125,0.0,0.0,0.9955507360136049,0.12531094527363185,0.0025618138638921627,0.7315288999998302,20014,15.0,200,0.00341225028591967
0.0,1.0,0.0040625,0.08163265306122448,0.9994608212967588,114.0,0.0,1.0,7.125,7.125,2.0,5.0,1.0,0.475,1.0,3.24067542846784,0.0,7.000000000000001,1.0,7.177549751243781,114.8407960199005,0.0,7.177549751243781,1.0,1.0,2.0,5.0,1.0,0.47850331674958535,4.852438863804408,391.9024698893106,24.493904368081914,1.0,3.3153557410576577,alf,0.06352214361744449,14.000000000000002,16,0.0040625,0.0,0.0,0.9916233740508656,0.1881218905472637,0.0019902389610515175,0.744170199999644,20015,15.0,200,0.0035059500409014986
0.0,1.0,0.00375,0.08163265306122448,0.9995182369713621,128.0,0.0,1.0,8.0,8.0,5.0,5.0,1.0,0.5333333333333333,1.0,4.753576809401514,0.0,7.000000000000001,1.0,8.04912935323383,128.7860696517413,0.0,8.04912935323383,1.0,1.0,5.0,5.0,1.0,0.536608623548922,5.365603319288714,476.52543898706233,29.782839936691396,1.0,4.7973730366233145,alf,0.9329767344496117,14.000000000000002,16,0.003125,0.0,0.0,0.995210651693928,0.25217661691542287,0.0010273110425396787,0.6735907000002044,20016,15.0,200,0.002485573797089529
0.0,1.0,0.00375,0.08163265306122448,0.999519457972583,129.0,0.0,1.0,8.0625,8.0625,5.0,5.0,1.0,0.5375,1.0,4.38142664792419,0.0,7.000000000000001,1.0,7.981343283582089,127.70149253731343,0.0,7.981343283582089,1.0,1.0,4.766169154228856,5.0,1.0,0.5320895522388059,5.603792595886849,514.8118915622889,32.17574322264306,1.0,4.379386122952342,alf,0.6612582944264899,14.000000000000002,16,0.0034375,0.0,0.0,0.9937993382360809,0.18781094527363185,0.003373269192134741,0.6866090999992593,20017,15.0,200,0.003501141391985098
0.0,1.0,0.0025,0.08163265306122448,0.9996059027777778,122.0,0.0,1.0,7.625,7.625,5.0,5.0,1.0,0.5083333333333333,1.0,4.453122600561231,0.0,7.000000000000001,1.0,7.575559701492537,121.2089552238806,0.0,7.575559701492537,1.0,1.0,4.9502487562189055,4.955223880597015,1.0,0.5050373134328358,5.300997374572021,460.8993625508392,28.80621015942745,1.0,4.418543069555338,alf,0.5966762331670976,14.000000000000002,16,0.001875,0.0,0.0,0.9932308650862633,0.1875,0.0018324550229970329,0.6978949000003922,20018,15.0,200,0.0030159136764133093
0.0,1.0,0.0046875,0.08163265306122448,0.9993726213023088,131.0,0.0,1.0,8.1875,8.1875,5.0,5.0,1.0,0.5458333333333333,1.0,4.679814870011008,0.0,7.000000000000001,1.0,8.208333333333334,131.33333333333334,0.0,8.208333333333334,1.0,1.0,4.990049751243781,4.990049751243781,1.0,0.5472222222222222,5.338533800699538,477.08427685105727,29.81776730319108,1.0,4.7081355768238575,alf,0.8139049642213636,14.000000000000002,16,0.004375,0.0,0.0,0.9920600010699017,0.25217661691542287,0.002240341396838113,0.7220417999997153,20019,15.0,200,0.0037867535313158506
0.0,1.0,0.0028125,0.08163265306122448,0.9996067595598845,122.0,0.0,1.0,7.625,7.625,4.0,5.0,1.0,0.5083333333333333,1.0,4.956121153310101,0.0,7.000000000000001,1.0,7.6361940298507465,122.17910447761194,0.0,7.6361940298507465,1.0,1.0,4.069651741293533,5.0,1.0,0.5090796019900496,5.430802048521583,489.1650490850736,30.5728155678171,1.0,4.94314869140999,alf,0.6059292623751751,14.000000000000002,16,0.0028125,0.0,0.0,0.9952851232108988,0.25,0.001449021268688827,0.7386848999994982,20020,15.0,200,0.003562929648446935
0.0,1.0,0.00625,0.08163265306122448,0.9991959065240315,113.0,0.0,1.0,7.0625,7.0625,3.0,4.0,1.0,0.4708333333333333,1.0,3.498298008159763,0.0,7.000000000000001,1.0,7.104166666666667,113.66666666666667,0.0,7.104166666666667,1.0,1.0,3.0248756218905473,4.0049751243781095,1.0,0.4736111111111111,5.10760835922518,436.8448127568432,27.3028007973027,1.0,3.5070923269178587,alf,0.5186338193946863,14.000000000000002,16,0.005625,0.0,0.0,0.9887916661051992,0.1884328358208955,0.002078483363913025,0.7613760000003822,20021,15.0,200,0.003531422073593386
0.0,1.0,0.004375,0.08163265306122448,0.9992667410714285,125.0,0.0,1.0,7.8125,7.8125,3.0,4.0,1.0,0.5208333333333334,1.0,4.870722279505833,0.0,7.000000000000001,1.0,7.750310945273632,124.0049751243781,0.0,7.750310945273632,1.0,1.0,3.029850746268657,4.0,1.0,0.5166873963515755,5.596683879916801,513.3530074545571,32.08456296590982,1.0,4.842279367349654,alf,0.06575880194482532,14.000000000000002,16,0.0040625,0.0,0.0,0.9890562198677102,0.1884328358208955,0.002558325978589525,0.7454187000003003,20022,15.0,200,0.005013955508298374
0.0,1.0,0.00625,0.08163265306122448,0.9992736707736708,124.0,0.0,1.0,7.75,7.75,5.0,5.0,1.0,0.5166666666666667,1.0,4.2448123678514325,0.0,7.000000000000001,1.0,7.771766169154229,124.34825870646766,0.0,7.771766169154229,1.0,1.0,5.08457711442786,4.9950248756218905,1.0,0.518117744610282,5.636943039037277,520.6623419540533,32.54139637212833,1.0,4.290364921644149,alf,0.4342947878951851,14.000000000000002,16,0.005625,0.0,0.0,0.991711982031937,0.18998756218905472,0.0030939567552703295,0.7682820999998512,20023,15.0,200,0.004617965330794797
0.0,1.0,0.003125,0.08163265306122448,0.9995676970598845,116.0,0.0,1.0,7.25,7.25,3.0,6.0,1.0,0.48333333333333334,1.0,2.6799588834296184,0.0,7.000000000000001,1.0,7.233519900497512,115.7363184079602,0.0,7.233519900497512,1.0,1.0,2.9950248756218905,5.940298507462686,1.0,0.4822346600331675,5.153984248443422,435.9916329798993,27.249477061243706,1.0,2.7050010577477934,alf,0.15870484040198599,14.000000000000002,16,0.0028125,0.0,0.0,0.9807515656806935,0.06281094527363185,0.002277939585977934,0.7319200000001729,20024,15.0,200,0.004676187324059935
0.0,1.0,0.0028125,0.08163265306122448,0.9995996911075037,116.0,0.0,1.0,7.25,7.25,5.0,4.0,1.0,0.48333333333333334,1.0,3.7948029226390667,0.0,7.000000000000001,1.0,7.239116915422885,115.82587064676616,0.0,7.239116915422885,1.0,1.0,5.0,3.9950248756218905,1.0,0.4826077943615257,5.155566920335092,438.8389241119833,27.427432756998957,1.0,3.7941921329737536,alf,0.620883183510162,14.000000000000002,16,0.0021875,0.0,0.0,0.9887261225101881,0.1259328358208955,0.0030378181921648876,0.711122400000022,20025,15.0,200,0.0039606627996116636
0.0,1.0,0.0084375,0.08163265306122448,0.9988284857503608,103.0,0.0,1.0,6.4375,6.4375,3.0,5.0,1.0,0.42916666666666664,1.0,2.2358269317375603,0.0,7.000000000000001,1.0,6.5049751243781095,104.07960199004975,0.0,6.5049751243781095,1.0,1.0,3.074626865671642,5.0,1.0,0.43366500829187393,5.078578190824303,421.7372818466299,26.35858011541437,1.0,2.4005677268081707,alf,0.1556308114835627,14.000000000000002,16,0.008125,0.0,0.0,0.9881337964002233,0.06374378109452736,0.0030056406597403582,0.7388081000008242,20026,15.0,200,0.003747229283419833
0.0,1.0,0.001875,0.08163265306122448,0.9997387152777777,123.0,0.0,1.0,7.6875,7.6875,3.0,5.0,1.0,0.5125,1.0,4.717323029459924,0.0,7.000000000000001,1.0,7.646455223880597,122.34328358208955,0.0,7.646455223880597,1.0,1.0,3.1194029850746268,4.9950248756218905,1.0,0.5097636815920398,5.205406312748142,453.95973815349146,28.372483634593216,1.0,4.6748450269132285,alf,0.22912402367631823,14.000000000000002,16,0.0015625,0.0,0.0,0.9922675525529759,0.1259328358208955,0.0019909458671790226,0.7232815999996092,20027,15.0,200,0.0037785151371820735
0.0,1.0,0.005,0.08163265306122448,0.9993545274170273,113.0,0.0,1.0,7.0625,7.0625,5.0,5.0,1.0,0.4708333333333333,1.0,3.6762991540309593,0.0,7.000000000000001,1.0,7.068718905472637,113.09950248756219,0.0,7.068718905472637,1.0,1.0,4.985074626865671,5.0,1.0,0.4712479270315091,5.286714307069278,459.0226022612371,28.68891264132732,1.0,3.6900478699171435,alf,0.4510395453011576,14.000000000000002,16,0.004375,0.0,0.0,0.9923904531881371,0.18781094527363185,0.0018672546278703018,0.6868140999995376,20028,15.0,200,0.004759901652880687
0.0,1.0,0.001875,0.08163265306122448,0.9996727317821068,116.0,0.0,1.0,7.25,7.25,4.0,5.0,1.0,0.48333333333333334,1.0,4.145219526675801,0.0,7.000000000000001,1.0,7.2356965174129355,115.77114427860697,0.0,7.2356965174129355,1.0,1.0,3.9402985074626864,4.9950248756218905,1.0,0.482379767827529,4.853810823905573,396.13785815760735,24.75861613485046,1.0,4.127117977523887,alf,0.7211794771939203,14.000000000000002,16,0.00125,0.0,0.0,0.9904020926227938,0.1875,0.0009564572554275083,0.738817299999937,20029,15.0,200,0.002954763789180079
0.0,1.0,0.0034375,0.08163265306122448,0.9994906994047619,119.0,0.0,1.0,7.4375,7.4375,3.0,5.0,1.0,0.49583333333333335,1.0,5.893775133945133,0.0,7.000000000000001,1.0,7.443097014925373,119.08955223880596,0.0,7.443097014925373,1.0,1.0,3.0,5.124378109452737,1.0,0.4962064676616915,5.198844761558201,459.4155719453945,28.713473246587156,1.0,5.86006318241834,alf,0.17789405902194774,14.000000000000002,16,0.003125,0.0,0.0,0.9908650216161137,0.3125,0.0013425855296688338,0.7310887999992701,20030,15.0,200,0.0037154750152679655
0.0,1.0,0.0065625,0.08163265306122448,0.9990966099872349,105.0,0.0,1.0,6.5625,6.5625,3.0,5.0,1.0,0.4375,1.0,3.482638205813263,0.0,7.000000000000001,1.0,6.615049751243781,105.8407960199005,0.0,6.615049751243781,1.0,1.0,3.084577114427861,5.0,1.0,0.44100331674958543,5.168291127461059,442.7852133863884,27.674075836649276,1.0,3.5663785567394606,alf,0.39462965606252304,14.000000000000002,16,0.005625,0.0,0.0,0.9869111615272897,0.19247512437810946,0.002186251826381212,0.7033515999992233,20031,15.0,200,0.005042443139558792
0.0,1.0,0.0040625,0.08163265306122448,0.9994511408730159,105.0,0.0,1.0,6.5625,6.5625,3.0,4.0,1.0,0.4375,1.0,3.9882039568933654,0.0,7.000000000000001,1.0,6.584888059701493,105.35820895522389,0.0,6.584888059701493,1.0,1.0,3.074626865671642,4.0049751243781095,1.0,0.4389925373134328,5.2258433063549825,452.7199845441905,28.294999034011905,1.0,4.02325397991213,alf,0.9489439841496365,14.000000000000002,16,0.003125,0.0,0.0,0.9907195084026794,0.25,0.0010778522068606202,0.6923305000000255,20032,15.0,200,0.004017497900734821
0.0,1.0,0.00625,0.08163265306122448,0.999059512536075,100.0,0.0,1.0,6.25,6.25,2.0,3.0,1.0,0.4166666666666667,1.0,3.212995254871845,0.0,7.000000000000001,1.0,6.331778606965174,101.30845771144278,0.0,6.331778606965174,1.0,1.0,2.014925373134328,3.1144278606965172,1.0,0.42211857379767825,4.507707037172995,344.060316244093,21.50376976525581,1.0,3.316489634294298,alf,0.2864014161326122,14.000000000000002,16,0.0059375,0.0,0.0,0.996226848602636,0.12531094527363185,0.0023419051288819204,0.6702588000007381,20033,15.0,200,0.002116784723869436
0.0,1.0,0.0003125,0.08163265306122448,0.9999479166666666,100.0,0.0,1.0,6.25,6.25,4.0,5.0,1.0,0.4166666666666667,1.0,2.026481282463153,0.0,7.000000000000001,1.0,6.209266169154229,99.34825870646766,0.0,6.209266169154229,1.0,1.0,3.9502487562189055,4.890547263681592,1.0,0.41395107794361524,5.100121183428155,423.9330309892922,26.495814436830763,1.0,1.959998147881447,alf,0.1355888771647798,14.000000000000002,16,0.0003125,0.0,0.0,0.9866970152707366,0.0,0.0013330467265132897,0.6703226999998151,20034,15.0,200,0.0029061608260065146
0.0,1.0,0.0025,0.08163265306122448,0.9996743438852814,139.0,0.0,1.0,8.6875,8.6875,5.0,4.0,1.0,0.5791666666666667,1.0,5.55717462923803,0.0,7.000000000000001,1.0,8.692786069651742,139.08457711442787,0.0,8.692786069651742,1.0,1.0,5.014925373134329,4.0,1.0,0.5795190713101162,5.6804608272782415,528.175199230933,33.01094995193331,1.0,5.573905984425083,alf,0.25428898457677324,14.000000000000002,16,0.0021875,0.0,0.0,0.9919547422827045,0.31281094527363185,0.0016598802183066374,0.7448764000000665,20035,15.0,200,0.003484646366259818
0.0,1.0,0.003125,0.08163265306122448,0.9993969494047619,109.0,0.0,1.0,6.8125,6.8125,4.0,4.0,1.0,0.45416666666666666,1.0,2.578255628233524,0.0,7.000000000000001,1.0,6.781405472636816,108.50248756218906,0.0,6.781405472636816,1.0,1.0,3.990049751243781,4.0049751243781095,1.0,0.45209369817578776,4.999904429603982,410.88131488188145,25.68008218011759,1.0,2.554982719926978,alf,0.1166949091973248,14.000000000000002,16,0.0028125,0.0,0.0,0.9925787684158154,0.0625,0.002601309192303852,0.6888896000000386,20036,15.0,200,0.004186474875737729
0.0,1.0,0.0040625,0.08163265306122448,0.9993810954670329,111.0,0.0,1.0,6.9375,6.9375,4.0,4.0,1.0,0.4625,1.0,3.5852952179551085,0.0,7.000000000000001,1.0,6.931592039800995,110.90547263681592,0.0,6.931592039800995,1.0,1.0,3.9303482587064678,4.009950248756219,1.0,0.46210613598673306,4.739043080296719,379.1912310907463,23.699451943171645,1.0,3.5844046804897007,alf,1.1312539259106162,14.000000000000002,16,0.0028125,0.0,0.0,0.9938689840478739,0.06343283582089553,0.001629470599837366,0.6838877000009234,20037,15.0,200,0.0038630445907605533
0.0,1.0,0.0046875,0.08163265306122448,0.9993576276154401,110.0,0.0,1.0,6.875,6.875,4.0,5.0,1.0,0.4583333333333333,1.0,2.8728692874687254,0.0,7.000000000000001,1.0,6.861629353233831,109.7860696517413,0.0,6.861629353233831,1.0,1.0,4.009950248756219,5.0,1.0,0.45744195688225536,4.898966456157694,393.7425359981181,24.608908499882382,1.0,2.8111916971044697,alf,0.17653672810381074,14.000000000000002,16,0.0040625,0.0,0.0,0.9867772981998769,0.06281094527363185,0.003337083404889687,0.7568460000002233,20038,15.0,200,0.005115734119860728
0.0,1.0,0.004375,0.08163265306122448,0.9994350276459651,134.0,0.0,1.0,8.375,8.375,5.0,4.0,1.0,0.5583333333333333,1.0,5.940688153374785,0.0,7.000000000000001,1.0,8.416666666666666,134.66666666666666,0.0,8.416666666666666,1.0,1.0,5.009950248756219,4.159203980099503,1.0,0.5611111111111111,5.3778000441693115,477.87867017876835,29.86741688617302,1.0,5.957552189967828,alf,0.8724825592829815,14.000000000000002,16,0.004375,0.0,0.0,0.988773026757481,0.2506218905472637,0.002377848691182042,0.8224539000002551,20039,15.0,200,0.003840310054861774
0.0,1.0,0.0028125,0.08163265306122448,0.9996155303030304,125.0,0.0,1.0,7.8125,7.8125,5.0,5.0,1.0,0.5208333333333334,1.0,5.54400679122983,0.0,7.000000000000001,1.0,7.794776119402985,124.71641791044776,0.0,7.794776119402985,1.0,1.0,4.9054726368159205,4.990049751243781,1.0,0.5196517412935323,5.396569345831177,484.5441608424505,30.284010052653155,1.0,5.5280900400504205,alf,0.3953127827920943,14.000000000000002,16,0.001875,0.0,0.0,0.9920222822553433,0.18781094527363185,0.0016892439151953143,0.7646049999984825,20040,15.0,200,0.0039000225000360516
0.0,1.0,0.005625,0.08163265306122448,0.9993277573121323,112.0,0.0,1.0,7.0,7.0,5.0,4.0,1.0,0.4666666666666667,1.0,3.812215541636602,0.0,7.000000000000001,1.0,7.030783582089552,112.49253731343283,0.0,7.030783582089552,1.0,1.0,4.940298507462686,4.0,1.0,0.46871890547263684,5.561509146596192,507.2333139485061,31.702082121781633,1.0,3.858567109840308,alf,0.2856299000150588,14.000000000000002,16,0.0046875,0.0,0.0,0.9896766449892591,0.2512437810945274,0.001446877554055642,0.6774903999994422,20041,15.0,200,0.004213807335070047
0.0,1.0,0.003125,0.08163265306122448,0.999630918560606,125.0,0.0,1.0,7.8125,7.8125,4.0,5.0,1.0,0.5208333333333334,1.0,5.605356918045643,0.0,7.000000000000001,1.0,7.77705223880597,124.43283582089552,0.0,7.77705223880597,1.0,1.0,4.0,4.955223880597015,1.0,0.5184701492537314,5.3282792554027605,469.380421028942,29.336276314308876,1.0,5.510959228879706,alf,0.18645400279006233,14.000000000000002,16,0.003125,0.0,0.0,0.9887331536048573,0.12531094527363185,0.002759591441733672,0.7269386999996641,20042,15.0,200,0.003577165050427883
0.0,1.0,0.0028125,0.08163265306122448,0.999621516504329,110.0,0.0,1.0,6.875,6.875,4.0,4.0,1.0,0.4583333333333333,1.0,2.5872669996345756,0.0,7.000000000000001,1.0,6.91542288557214,110.64676616915423,0.0,6.91542288557214,1.0,1.0,3.985074626865672,4.029850746268656,1.0,0.4610281923714759,4.4786531389174336,335.32546413144024,20.957841508215015,1.0,2.642566611950821,alf,0.10049298553254861,14.000000000000002,16,0.0028125,0.0,0.0,0.9945230305333329,0.06623134328358209,0.0010286642059817539,0.6986274999999296,20043,15.0,200,0.0033702494698805135
0.0,1.0,0.00625,0.08163265306122448,0.9992654558982684,117.0,0.0,1.0,7.3125,7.3125,4.0,5.0,1.0,0.4875,1.0,4.628947642704694,0.0,7.000000000000001,1.0,7.347636815920398,117.56218905472637,0.0,7.347636815920398,1.0,1.0,3.9950248756218905,4.980099502487562,1.0,0.48984245439469315,5.432006704177276,482.57390442135846,30.160869026334904,1.0,4.628997763498195,alf,0.1565335313553319,14.000000000000002,16,0.005625,0.0,0.0,0.9937252104132187,0.1256218905472637,0.0024001891685090223,0.7376242999998794,20044,15.0,200,0.0038513561885939592
0.0,1.0,0.0009375,0.08163265306122448,0.999858630952381,108.0,0.0,1.0,6.75,6.75,5.0,5.0,1.0,0.45,1.0,2.8232055547012394,0.0,7.000000000000001,1.0,6.690298507462686,107.04477611940298,0.0,6.690298507462686,1.0,1.0,4.9054726368159205,4.985074626865671,1.0,0.44601990049751244,5.290309474957447,454.05461880110926,28.37841367506933,1.0,2.8054120334595853,alf,0.8225897496012334,14.000000000000002,16,0.000625,0.0,0.0,0.9944266392488749,0.0625,0.0014322175403268015,0.6755801999988762,20045,15.0,200,0.0030772933315971855
0.0,1.0,0.0040625,0.08163265306122448,0.9993578869047619,110.0,0.0,1.0,6.875,6.875,3.0,5.0,1.0,0.4583333333333333,1.0,3.280906187982566,0.0,7.000000000000001,1.0,6.842039800995025,109.4726368159204,0.0,6.842039800995025,1.0,1.0,2.985074626865672,4.985074626865671,1.0,0.45613598673300165,4.914156597225611,397.6144575214288,24.8509035950893,1.0,3.2490676887346615,alf,0.4261372525934396,14.000000000000002,16,0.003125,0.0,0.0,0.9915034775288579,0.125,0.0016620010662621177,0.6741038999989541,20046,15.0,200,0.004405080814116934
0.0,1.0,0.0025,0.08163265306122448,0.999685763888889,119.0,0.0,1.0,7.4375,7.4375,3.0,5.0,1.0,0.49583333333333335,1.0,3.8924252467897347,0.0,7.000000000000001,1.0,7.439054726368159,119.02487562189054,0.0,7.439054726368159,1.0,1.0,3.009950248756219,5.0,1.0,0.4959369817578773,5.3836688430045605,473.87367313986715,29.617104571241697,1.0,3.912081183960581,alf,1.0505236739509178,14.000000000000002,16,0.0021875,0.0,0.0,0.9923454880101334,0.12531094527363185,0.0016366010949022413,0.7387300999998843,20047,15.0,200,0.003316733813754547
0.0,1.0,0.00375,0.08163265306122448,0.9994581867784993,143.0,0.0,1.0,8.9375,8.9375,5.0,5.0,1.0,0.5958333333333333,1.0,5.548106015829224,0.0,7.000000000000001,1.0,8.943407960199005,143.09452736318408,0.0,8.943407960199005,1.0,1.0,5.019900497512438,4.880597014925373,1.0,0.5962271973466003,5.844963264644785,556.6671717712961,34.79169823570601,1.0,5.464676412907734,alf,0.2785852318398117,14.000000000000002,16,0.0021875,0.0,0.0,0.9934039489030607,0.3774875621890547,0.0011385291640467349,0.781367899999168,20048,15.0,200,0.0037508905392989508
0.0,1.0,0.0025,0.08163265306122448,0.999699145472583,127.0,0.0,1.0,7.9375,7.9375,6.0,5.0,1.0,0.5291666666666667,1.0,4.585155168327956,0.0,7.000000000000001,1.0,7.9471393034825875,127.1542288557214,0.0,7.9471393034825875,1.0,1.0,5.850746268656716,5.0,1.0,0.5298092868988392,5.459038219405282,492.90512252549877,30.806570157843673,1.0,4.61481435271931,alf,0.06458429043467016,14.000000000000002,16,0.0025,0.0,0.0,0.9947194666620851,0.1881218905472637,0.0022499468102448682,0.7377946000015072,20049,15.0,200,0.0038065647327133805
0.0,1.0,0.0028125,0.08163265306122448,0.9996196338383838,105.0,0.0,1.0,6.5625,6.5625,4.0,5.0,1.0,0.4375,1.0,2.8961425494274335,0.0,7.000000000000001,1.0,6.571828358208955,105.14925373134328,0.0,6.571828358208955,1.0,1.0,3.9950248756218905,5.0,1.0,0.4381218905472637,5.173484029978101,436.2088930348275,27.26305581467672,1.0,2.903430798910536,lint,0.8329228446143011,14.000000000000002,16,0.0025,0.0,0.0,0.9933223948603415,0.001554726368159204,0.000625,0.6658729999999196,20000,15.0,200,0.003374174130612045
0.0,1.0,0.0046875,0.08163265306122448,0.9992976077741703,116.0,0.0,1.0,7.25,7.25,3.0,4.0,1.0,0.48333333333333334,1.0,4.689323107443388,0.0,7.000000000000001,1.0,7.2565298507462686,116.1044776119403,0.0,7.2565298507462686,1.0,1.0,3.009950248756219,4.0049751243781095,1.0,0.4837686567164179,5.324619589434351,461.75274183636066,28.85954636477254,1.0,4.694978498371871,lint,0.2790799752941906,14.000000000000002,16,0.0040625,0.0,0.0,0.994246999313116,0.1259328358208955,0.001875,0.721206300000631,20001,15.0,200,0.003995634580785282
0.0,1.0,0.0040625,0.08163265306122448,0.9992485231782107,104.0,0.0,1.0,6.5,6.5,4.0,4.0,1.0,0.43333333333333335,1.0,3.7399252272224515,0.0,7.000000000000001,1.0,6.5111940298507465,104.17910447761194,0.0,6.5111940298507465,1.0,1.0,4.0,4.009950248756219,1.0,0.43407960199004975,5.139535154083424,432.05073739900917,27.003171087438073,1.0,3.7683854495682887,lint,0.6756817347146005,14.000000000000002,16,0.00375,0.0,0.0,0.9930573397499094,0.06374378109452736,0.0015625,0.7568059999994148,20002,15.0,200,0.004118592507127295
0.0,1.0,0.0040625,0.08163265306122448,0.9993390723859474,112.0,0.0,1.0,7.0,7.0,4.0,5.0,1.0,0.4666666666666667,1.0,3.4647250139330454,0.0,7.000000000000001,1.0,7.012126865671642,112.19402985074628,0.0,7.012126865671642,1.0,1.0,4.0,5.0,1.0,0.4674751243781095,5.066065295224458,414.5921151962809,25.912007199767555,1.0,3.4838894015584807,lint,0.4008108166382402,14.000000000000002,16,0.0034375,0.0,0.0,0.9913487291881989,0.0012437810945273632,0.00171875,0.6701013000001694,20003,15.0,200,0.0034528700637002827
0.0,1.0,0.0040625,0.08163265306122448,0.9994324945887446,105.0,0.0,1.0,6.5625,6.5625,2.0,4.0,1.0,0.4375,1.0,1.620079706486826,0.0,7.000000000000001,1.0,6.573383084577115,105.17412935323384,0.0,6.573383084577115,1.0,1.0,2.0,4.0049751243781095,1.0,0.4382255389718076,4.517656169230221,338.0195806680897,21.126223791755606,1.0,1.6363323080105128,lint,0.4130609416168813,14.000000000000002,16,0.0040625,0.0,0.0,0.9888604554191183,0.0012437810945273632,0.00140625,0.6633060000003752,20004,15.0,200,0.0035615309666730136
0.0,1.0,0.0025,0.08163265306122448,0.9996394863816738,104.0,0.0,1.0,6.5,6.5,4.0,4.0,1.0,0.43333333333333335,1.0,1.9386730939045886,0.0,7.000000000000001,1.0,6.502176616915423,104.03482587064677,0.0,6.502176616915423,1.0,1.0,4.0,4.0,1.0,0.43347844112769485,4.856346637922456,378.91422445476644,23.682139028422903,1.0,1.9282955749613466,lint,0.052269999562369655,14.000000000000002,16,0.0021875,0.0,0.0,0.9626981784647366,0.0003109452736318408,0.0009375,0.6369105000012496,20005,15.0,200,0.0038441479215386757
0.0,1.0,0.00375,0.08163265306122448,0.9995517000360751,111.0,0.0,1.0,6.9375,6.9375,2.0,6.0,1.0,0.4625,1.0,3.9200180583378734,0.0,7.000000000000001,1.0,6.938743781094527,111.01990049751244,0.0,6.938743781094527,1.0,1.0,2.009950248756219,5.990049751243781,1.0,0.4625829187396352,4.762989625809303,386.38987206823094,24.149367004264434,1.0,3.9185519154626753,lint,0.47408272504113785,14.000000000000002,16,0.003125,0.0,0.0,0.9956387965294504,0.06343283582089553,0.00046875,0.6000757000001613,20006,15.0,200,0.003136908322404894
0.0,1.0,0.0034375,0.08163265306122448,0.9993536368145743,111.0,0.0,1.0,6.9375,6.9375,3.0,5.0,1.0,0.4625,1.0,3.807208983096114,0.0,7.000000000000001,1.0,6.943718905472637,111.09950248756219,0.0,6.943718905472637,1.0,1.0,3.0,5.0,1.0,0.4629145936981758,5.277252416688991,451.5827659435608,28.22392287147255,1.0,3.825816251992858,lint,0.48837796481237805,14.000000000000002,16,0.0034375,0.0,0.0,0.9891398983381744,0.06374378109452736,0.001875,0.6301855999990948,20007,15.0,200,0.004772859721528816
0.0,1.0,0.0034375,0.08163265306122448,0.9995452403499279,109.0,0.0,1.0,6.8125,6.8125,5.0,5.0,1.0,0.45416666666666666,1.0,3.095882956967773,0.0,7.000000000000001,1.0,6.808457711442786,108.93532338308458,0.0,6.808457711442786,1.0,1.0,4.985074626865671,4.985074626865671,1.0,0.4538971807628524,5.248403716672464,444.4836649258767,27.780229057867295,1.0,3.1015627416626805,lint,0.8437825688481643,14.000000000000002,16,0.003125,0.0,0.0,0.9945325807275944,0.0009328358208955224,0.00109375,0.646732899998824,20008,15.0,200,0.0028744653546703652
0.0,1.0,0.005,0.08163265306122448,0.9992360772907648,104.0,0.0,0.5625,6.5,6.5,3.0,4.0,2.0,0.43333333333333335,0.4375,1.8673228521153273,0.0,7.000000000000001,1.0,6.520522388059701,104.32835820895522,0.0,6.520522388059701,1.0,0.5886194029850746,2.9751243781094527,3.9950248756218905,1.9402985074626866,0.43470149253731344,4.683090487514587,361.5508250478753,22.596926565492208,0.4710820895522388,1.8741431183924355,lint,0.6362718393041915,14.000000000000002,16,0.0040625,0.0,0.0,0.9920853855014825,0.0009328358208955224,0.0015625,0.5614494000001287,20009,15.0,200,0.00476381051376293
0.0,1.0,0.003125,0.08163265306122448,0.9994878472222223,109.0,0.0,1.0,6.8125,6.8125,3.0,5.0,1.0,0.45416666666666666,1.0,3.6164013911320763,0.0,7.000000000000001,1.0,6.810945273631841,108.97512437810946,0.0,6.810945273631841,1.0,1.0,3.014925373134328,4.9950248756218905,1.0,0.4540630182421227,5.081931193987098,422.26175661031294,26.39135978814456,1.0,3.6071121095865233,lint,0.46294012723899797,14.000000000000002,16,0.0028125,0.0,0.0,0.9842480266778778,0.0018656716417910447,0.0015625,0.7280316999986098,20010,15.0,200,0.003962059296842351
0.0,1.0,0.00125,0.08163265306122448,0.9997942708333334,102.0,0.0,1.0,6.375,6.375,2.0,4.0,1.0,0.425,1.0,2.75235999795247,0.0,7.000000000000001,1.0,6.374378109452737,101.99004975124379,0.0,6.374378109452737,1.0,1.0,1.9800995024875623,4.0,1.0,0.42495854063018246,4.93160406783867,399.31884616255223,24.957427885159515,1.0,2.752195391581151,lint,0.28958580626534797,14.000000000000002,16,0.0009375,0.0,0.0,0.9875792602533018,0.06343283582089553,0.00046875,0.6717420999993919,20011,15.0,200,0.0032957956921468553
0.0,1.0,0.0040625,0.08163265306122448,0.9992588617979243,101.0,0.0,1.0,6.3125,6.3125,3.0,5.0,1.0,0.42083333333333334,1.0,2.429893006138661,0.0,7.000000000000001,1.0,6.318097014925373,101.08955223880596,0.0,6.318097014925373,1.0,1.0,3.0,4.9950248756218905,1.0,0.4212064676616915,4.671269089638824,362.6094171997154,22.66308857498221,1.0,2.4613367758654183,lint,0.29692393130844413,14.000000000000002,16,0.003125,0.0,0.0,0.9837458613358301,0.06374378109452736,0.0009375,0.6912692000005336,20012,15.0,200,0.004110870482200552
0.0,1.0,0.0046875,0.08163265306122448,0.9990080509768009,95.0,0.0,1.0,5.9375,5.9375,2.0,4.0,1.0,0.3958333333333333,1.0,2.6642555343012257,0.0,7.000000000000001,1.0,5.956467661691542,95.30348258706468,0.0,5.956467661691542,1.0,1.0,2.0049751243781095,4.0049751243781095,1.0,0.3970978441127695,4.803523068459377,379.7595063527334,23.734969147045838,1.0,2.6969548447807528,lint,0.6636965897806668,14.000000000000002,16,0.0040625,0.0,0.0,0.9859797497634372,0.06312189054726368,0.00078125,0.6668891000008443,20013,15.0,200,0.0035768701638795313
0.0,1.0,0.0034375,0.08163265306122448,0.9995199314574315,108.0,0.0,1.0,6.75,6.75,3.0,5.0,1.0,0.45,1.0,3.912849656039008,0.0,7.000000000000001,1.0,6.7534203980099505,108.05472636815921,0.0,6.7534203980099505,1.0,1.0,3.0,4.9950248756218905,1.0,0.4502280265339967,5.058391383538346,414.08533658931685,25.880333536832303,1.0,3.9151323848907196,lint,0.46469708440449753,14.000000000000002,16,0.003125,0.0,0.0,0.995543930130415,0.0012437810945273632,0.00125,0.6861086999997497,20014,15.0,200,0.0034167737082297237
0.0,1.0,0.0053125,0.08163265306122448,0.9989637671356421,95.0,0.0,1.0,5.9375,5.9375,2.0,5.0,1.0,0.3958333333333333,1.0,1.4772430803709296,0.0,7.000000000000001,1.0,5.976990049751244,95.6318407960199,0.0,5.976990049751244,1.0,1.0,2.0,5.0,1.0,0.3984660033167496,4.637018685684467,350.00955934612716,21.875597459132948,1.0,1.4852178124692261,lint,0.06352214361744449,14.000000000000002,16,0.0053125,0.0,0.0,0.990898398842482,0.0012437810945273632,0.00171875,0.7035407000003033,20015,15.0,200,0.003587700248100371
0.0,1.0,0.004375,0.08163265306122448,0.999277606074481,115.0,0.0,1.0,7.1875,7.1875,4.0,5.0,1.0,0.4791666666666667,1.0,3.6617759407954256,0.0,7.000000000000001,1.0,7.1940298507462686,115.1044776119403,0.0,7.1940298507462686,1.0,1.0,4.009950248756219,5.0,1.0,0.4796019900497513,5.06788472416117,421.54483038527894,26.346551899079934,1.0,3.6741410190278447,lint,0.9334750055854182,14.000000000000002,16,0.00375,0.0,0.0,0.9951771180453737,0.1259328358208955,0.0015625,0.7334820000014588,20016,15.0,200,0.0024929664030890427
0.0,1.0,0.004375,0.08163265306122448,0.9992737982503607,109.0,0.0,1.0,6.8125,6.8125,2.0,4.0,1.0,0.45416666666666666,1.0,3.8824534628882854,0.0,7.000000000000001,1.0,6.818097014925373,109.08955223880596,0.0,6.818097014925373,1.0,1.0,2.0199004975124377,4.0049751243781095,1.0,0.45453980099502483,5.085879954020862,421.93287711543724,26.370804819714827,1.0,3.890146944968875,lint,0.6612582944264899,14.000000000000002,16,0.00375,0.0,0.0,0.9937205876984966,0.003109452736318408,0.00125,0.7153513000012026,20017,15.0,200,0.003512519868080419
0.0,1.0,0.004375,0.08163265306122448,0.9992625924422799,98.0,0.0,1.0,6.125,6.125,4.0,4.0,1.0,0.4083333333333333,1.0,2.9491074562752497,0.0,7.000000000000001,1.0,6.132151741293533,98.11442786069652,0.0,6.132151741293533,1.0,1.0,4.0,4.0049751243781095,1.0,0.4088101160862355,4.856821021319831,384.85381417961037,24.053363386225648,1.0,2.9570506565586645,lint,0.5966762331670976,14.000000000000002,16,0.0040625,0.0,0.0,0.993067918555629,0.0009328358208955224,0.0009375,0.7293160000008356,20018,15.0,200,0.0030222540878110512
0.0,1.0,0.0053125,0.08163265306122448,0.9992001002469751,114.0,0.0,1.0,7.125,7.125,4.0,5.0,1.0,0.475,1.0,3.4207580988572657,0.0,7.000000000000001,1.0,7.143656716417911,114.29850746268657,0.0,7.143656716417911,1.0,1.0,4.0049751243781095,4.990049751243781,1.0,0.4762437810945273,5.110015900181963,428.26024342573004,26.766265214108127,1.0,3.4442435831905454,lint,0.8139049642213636,14.000000000000002,16,0.0053125,0.0,0.0,0.992034577997549,0.003109452736318408,0.0021875,0.6996243000012328,20019,15.0,200,0.0037922464958935038
0.0,1.0,0.0028125,0.08163265306122448,0.9994425955988455,106.0,0.0,1.0,6.625,6.625,4.0,5.0,1.0,0.44166666666666665,1.0,3.264614673283756,0.0,7.000000000000001,1.0,6.632462686567164,106.11940298507463,0.0,6.632462686567164,1.0,1.0,4.0,5.0,1.0,0.44216417910447764,4.952506887282701,398.85713061188403,24.928570663242752,1.0,3.269013399002709,lint,0.6059292623751751,14.000000000000002,16,0.0028125,0.0,0.0,0.9952279446191489,0.0012437810945273632,0.0015625,0.6512007000001176,20020,15.0,200,0.003574347701882398
0.0,1.0,0.0053125,0.08163265306122448,0.9992589103604729,102.0,0.0,1.0,6.375,6.375,3.0,4.0,1.0,0.425,1.0,2.5079237183506513,0.0,7.000000000000001,1.0,6.394589552238806,102.31343283582089,0.0,6.394589552238806,1.0,1.0,3.0,4.0049751243781095,1.0,0.42630597014925375,4.932111324578683,399.3145344705033,24.957158404406456,1.0,2.525419713525551,lint,0.5186338193946863,14.000000000000002,16,0.0053125,0.0,0.0,0.9885270106208337,0.0012437810945273632,0.00109375,0.7220403999999689,20021,15.0,200,0.00355298605591911
0.0,1.0,0.0071875,0.08163265306122448,0.9989079349469975,100.0,0.0,1.0,6.25,6.25,2.0,4.0,1.0,0.4166666666666667,1.0,3.314963692502202,0.0,7.000000000000001,1.0,6.257462686567164,100.11940298507463,0.0,6.257462686567164,1.0,1.0,2.0248756218905473,4.0,1.0,0.4171641791044777,5.0943302450012125,421.92143718658184,26.370089824161365,1.0,3.3031328170854333,lint,0.06575880194482532,14.000000000000002,16,0.0071875,0.0,0.0,0.988869252695691,0.0012437810945273632,0.00171875,0.6907701000000088,20022,15.0,200,0.005044804843090748
0.0,1.0,0.00625,0.08163265306122448,0.9991053954725829,111.0,0.0,1.0,6.9375,6.9375,5.0,5.0,1.0,0.4625,1.0,3.164633237684142,0.0,7.000000000000001,1.0,6.95273631840796,111.24378109452736,0.0,6.95273631840796,1.0,1.0,5.0049751243781095,4.9950248756218905,1.0,0.4635157545605307,5.42650991903096,476.2963930348241,29.768524564676508,1.0,3.1780587339026565,lint,0.4342947878951851,14.000000000000002,16,0.0059375,0.0,0.0,0.991434047514468,0.0018656716417910447,0.001875,0.6860328000002482,20023,15.0,200,0.0046445793658458035
0.0,1.0,0.00375,0.08163265306122448,0.9994038938492064,103.0,0.0,1.0,6.4375,6.4375,3.0,5.0,1.0,0.42916666666666664,1.0,1.814696481364538,0.0,7.000000000000001,1.0,6.443718905472637,103.09950248756219,0.0,6.443718905472637,1.0,1.0,2.9950248756218905,4.985074626865671,1.0,0.42958126036484245,4.956263001511345,400.7704666426383,25.048154165164895,1.0,1.8428560369913478,lint,0.15870484040198599,14.000000000000002,16,0.0034375,0.0,0.0,0.9808151571229957,0.0006218905472636816,0.000625,0.6924968000002991,20024,15.0,200,0.004694958963315023
0.0,1.0,0.005,0.08163265306122448,0.9991397231240982,100.0,0.0,1.0,6.25,6.25,4.0,4.0,1.0,0.4166666666666667,1.0,3.2474132336235715,0.0,7.000000000000001,1.0,6.256218905472637,100.09950248756219,0.0,6.256218905472637,1.0,1.0,4.0049751243781095,3.9950248756218905,1.0,0.4170812603648425,4.841188601248812,381.3213200325181,23.83258250203238,1.0,3.1949585742943216,lint,0.6637521431288753,14.000000000000002,16,0.004375,0.0,0.0,0.9880400706826988,0.0009328358208955224,0.00171875,0.6732549999996991,20025,15.0,200,0.004020890505590056
0.0,1.0,0.00375,0.08163265306122448,0.9994750744047619,116.0,0.0,1.0,7.25,7.25,5.0,5.0,1.0,0.48333333333333334,1.0,3.7234392245254533,0.0,7.000000000000001,1.0,7.254353233830845,116.06965174129353,0.0,7.254353233830845,1.0,1.0,5.0,5.0,1.0,0.48362354892205633,5.431028223862316,479.66125621890666,29.978828513681666,1.0,3.733312630168015,lint,0.1556308114835627,14.000000000000002,16,0.003125,0.0,0.0,0.9879284526094274,0.06374378109452736,0.0009375,0.7710084999998799,20026,15.0,200,0.003755471290154281
0.0,1.0,0.003125,0.08163265306122448,0.9994348958333333,101.0,0.0,1.0,6.3125,6.3125,2.0,5.0,1.0,0.42083333333333334,1.0,3.476203375195409,0.0,7.000000000000001,1.0,6.317164179104478,101.07462686567165,0.0,6.317164179104478,1.0,1.0,2.0049751243781095,4.9950248756218905,1.0,0.4211442786069652,4.755632441634624,375.11916448685463,23.444947780428414,1.0,3.4866564111496943,lint,0.22912402367631823,14.000000000000002,16,0.0025,0.0,0.0,0.9922911932397394,0.0012437810945273632,0.00109375,0.7026614999995218,20027,15.0,200,0.00378248368263727
0.0,1.0,0.0040625,0.08163265306122448,0.9991543786075036,96.0,0.0,1.0,6.0,6.0,4.0,5.0,1.0,0.4,1.0,2.6239617554722736,0.0,7.000000000000001,1.0,6.017412935323383,96.27860696517413,0.0,6.017412935323383,1.0,1.0,4.0,5.0,1.0,0.40116086235489223,5.057583934120364,416.94907031939715,26.059316894962322,1.0,2.634913509168859,lint,0.4510395453011576,14.000000000000002,16,0.00375,0.0,0.0,0.9923297060242151,0.003109452736318408,0.00140625,0.6573246999996627,20028,15.0,200,0.0047782079815909175
0.0,1.0,0.0040625,0.08163265306122448,0.999362463924964,103.0,0.0,1.0,6.4375,6.4375,3.0,5.0,1.0,0.42916666666666664,1.0,3.122232060356235,0.0,7.000000000000001,1.0,6.4424751243781095,103.07960199004975,0.0,6.4424751243781095,1.0,1.0,2.990049751243781,4.9950248756218905,1.0,0.4294983416252073,4.561387692069613,343.5968105899072,21.4748006618692,1.0,3.1327373727639274,lint,0.7211794771939203,14.000000000000002,16,0.0034375,0.0,0.0,0.9903847244785605,0.0009328358208955224,0.0009375,0.7041700000008859,20029,15.0,200,0.0029608930698350015
0.0,1.0,0.0028125,0.08163265306122448,0.9994367559523809,111.0,0.0,1.0,6.9375,6.9375,3.0,5.0,1.0,0.4625,1.0,4.808992176412859,0.0,7.000000000000001,1.0,6.939054726368159,111.02487562189054,0.0,6.939054726368159,1.0,1.0,3.0,4.9950248756218905,1.0,0.46260364842454393,5.166418456360411,447.35269334076673,27.95954333379792,1.0,4.811719683767941,lint,0.17789405902194774,14.000000000000002,16,0.0025,0.0,0.0,0.9902922917468217,0.1881218905472637,0.00046875,0.6869507999999769,20030,15.0,200,0.0037235554860038543
0.0,1.0,0.005,0.08163265306122448,0.9992309816919192,107.0,0.0,1.0,6.6875,6.6875,4.0,5.0,1.0,0.44583333333333336,1.0,4.050975552521381,0.0,7.000000000000001,1.0,6.689054726368159,107.02487562189054,0.0,6.689054726368159,1.0,1.0,4.0,5.0,1.0,0.4459369817578773,5.333620757311819,466.8074833338394,29.175467708364963,1.0,4.048810772626723,lint,0.39462965606252304,14.000000000000002,16,0.0040625,0.0,0.0,0.9866378527240431,0.06685323383084577,0.00109375,0.7134225999998307,20031,15.0,200,0.005060140195865003
0.0,1.0,0.003125,0.08163265306122448,0.9994871031746032,103.0,0.0,1.0,6.4375,6.4375,3.0,4.0,1.0,0.42916666666666664,1.0,4.139961750956569,0.0,7.000000000000001,1.0,6.441542288557214,103.06467661691542,0.0,6.441542288557214,1.0,1.0,3.0,4.0049751243781095,1.0,0.4294361525704809,5.337705517575481,466.46407537363774,29.15400471085236,1.0,4.145047408294397,lint,0.9489439841496365,14.000000000000002,16,0.0025,0.0,0.0,0.9906523185898017,0.12686567164179105,0.00046875,0.6938750999997865,20032,15.0,200,0.0040232180252444995
0.0,1.0,0.003125,0.08163265306122448,0.9993915502899878,108.0,0.0,1.0,6.75,6.75,2.0,5.0,1.0,0.45,1.0,3.845965869885142,0.0,7.000000000000001,1.0,6.7568407960199,108.1094527363184,0.0,6.7568407960199,1.0,1.0,2.0049751243781095,4.985074626865671,1.0,0.4504560530679934,4.654826983192747,362.6957361008496,22.6684835063031,1.0,3.852096905929594,lint,0.2864014161326122,14.000000000000002,16,0.0028125,0.0,0.0,0.996217790865555,0.12531094527363185,0.00140625,0.7505733999987569,20033,15.0,200,0.0021166464121225854
0.0,1.0,0.0003125,0.08163265306122448,0.9999479166666666,94.0,0.0,1.0,5.875,5.875,4.0,4.0,1.0,0.39166666666666666,1.0,1.6355278324434244,0.0,7.000000000000001,1.0,5.858830845771144,93.7412935323383,0.0,5.858830845771144,1.0,1.0,3.9502487562189055,4.0,1.0,0.39058872305140957,4.934618024271805,394.7665930413769,24.672912065086056,1.0,1.6025028050474874,lint,0.1355888771647798,14.000000000000002,16,0.0003125,0.0,0.0,0.9866825142857643,0.0,0.00046875,0.667815700000574,20034,15.0,200,0.002906963477092389
0.0,1.0,0.0046875,0.08163265306122448,0.9992292455808081,115.0,0.0,1.0,7.1875,7.1875,3.0,4.0,1.0,0.4791666666666667,1.0,3.5144987174016484,0.0,7.000000000000001,1.0,7.1943407960199,115.1094527363184,0.0,7.1943407960199,1.0,1.0,3.014925373134328,4.0,1.0,0.47962271973466003,5.518238774752352,493.62603631941715,30.851627269963572,1.0,3.5283674495393473,lint,0.25324487907991833,14.000000000000002,16,0.0040625,0.0,0.0,0.9916151305094417,0.0640547263681592,0.00140625,0.7266496000011102,20035,15.0,200,0.00352282243365821
0.0,1.0,0.00375,0.08163265306122448,0.999260443549506,97.0,0.0,1.0,6.0625,6.0625,4.0,4.0,1.0,0.4041666666666667,1.0,1.7920026102436823,0.0,7.000000000000001,1.0,6.065298507462686,97.04477611940298,0.0,6.065298507462686,1.0,1.0,3.990049751243781,4.0049751243781095,1.0,0.4043532338308458,4.85631556779871,381.7242823649,23.85776764780625,1.0,1.8028258394531371,lint,0.1166949091973248,14.000000000000002,16,0.003125,0.0,0.0,0.9925619974900859,0.0003109452736318408,0.00046875,0.6874406000006275,20036,15.0,200,0.0042045942004280915
0.0,1.0,0.005,0.08163265306122448,0.9991802026098902,96.0,0.0,1.0,6.0,6.0,2.0,5.0,1.0,0.4,1.0,3.0409553341858864,0.0,7.000000000000001,1.0,6.00839552238806,96.13432835820896,0.0,6.00839552238806,1.0,1.0,2.009950248756219,4.9950248756218905,1.0,0.40055970149253733,4.6901218729732355,369.13885278383924,23.071178298989953,1.0,3.0516176674544955,lint,1.1312539259106162,14.000000000000002,16,0.00375,0.0,0.0,0.9938685205464103,0.06343283582089553,0.00078125,0.6847698000001401,20037,15.0,200,0.0038582861641513503
0.0,1.0,0.0046875,0.08163265306122448,0.9993033121392497,101.0,0.0,1.0,6.3125,6.3125,3.0,5.0,1.0,0.42083333333333334,1.0,2.2497270228779973,0.0,7.000000000000001,1.0,6.320273631840796,101.12437810945273,0.0,6.320273631840796,1.0,1.0,3.029850746268657,5.0,1.0,0.42135157545605306,4.759004050404217,367.75435412902067,22.984647133063792,1.0,2.251856705804585,lint,0.17677333449604152,14.000000000000002,16,0.0040625,0.0,0.0,0.9864067181716583,0.0009328358208955224,0.00109375,0.7023329999992711,20038,15.0,200,0.005124031396470142
0.0,1.0,0.004375,0.08163265306122448,0.9993045522186148,120.0,0.0,1.0,7.5,7.5,3.0,5.0,1.0,0.5,1.0,4.921198888865056,0.0,7.000000000000001,1.0,7.5034203980099505,120.05472636815921,0.0,7.5034203980099505,1.0,1.0,3.0248756218905473,5.009950248756219,1.0,0.5002280265339967,5.191513028483699,437.8347713284976,27.3646732080311,1.0,4.9272797569701705,lint,0.8724825592829815,14.000000000000002,16,0.004375,0.0,0.0,0.9880913336279707,0.001554726368159204,0.0021875,0.745882299999721,20039,15.0,200,0.003854354917896391
0.0,1.0,0.00375,0.08163265306122448,0.9992787247474747,98.0,0.0,1.0,6.125,6.125,3.0,4.0,1.0,0.4083333333333333,1.0,4.107499763958411,0.0,7.000000000000001,1.0,6.1346393034825875,98.1542288557214,0.0,6.1346393034825875,1.0,1.0,3.0199004975124377,4.009950248756219,1.0,0.4089759535655058,5.0227210381153835,416.1094171997154,26.00683857498221,1.0,4.114103181060152,lint,0.3953127827920943,14.000000000000002,16,0.0034375,0.0,0.0,0.9917335854994578,0.0012437810945273632,0.00109375,0.6922033999999258,20040,15.0,200,0.003918255439376154
0.0,1.0,0.004375,0.08163265306122448,0.9993353408744033,101.0,0.0,1.0,6.3125,6.3125,4.0,4.0,1.0,0.42083333333333334,1.0,1.9629575191871909,0.0,7.000000000000001,1.0,6.316231343283582,101.05970149253731,0.0,6.316231343283582,1.0,1.0,4.0,4.0,1.0,0.4210820895522388,5.310821136878848,454.3539385577191,28.397121159857445,1.0,1.9629546788034802,lint,0.2856299000150588,14.000000000000002,16,0.0040625,0.0,0.0,0.9888308051466035,0.001554726368159204,0.001875,0.7158323000003293,20041,15.0,200,0.004311198721679014
0.0,1.0,0.0040625,0.08163265306122448,0.9991887513528138,101.0,0.0,1.0,6.3125,6.3125,3.0,4.0,1.0,0.42083333333333334,1.0,3.6322673535056325,0.0,7.000000000000001,1.0,6.324937810945274,101.19900497512438,0.0,6.324937810945274,1.0,1.0,3.044776119402985,4.0,1.0,0.4216625207296849,4.841310216653101,384.37620223931185,24.02351263995699,1.0,3.6362412621585007,lint,0.18645400279006233,14.000000000000002,16,0.00375,0.0,0.0,0.9881279891543796,0.0009328358208955224,0.00140625,0.6944372999987536,20042,15.0,200,0.003628677835891179
0.0,1.0,0.0025,0.08163265306122448,0.9995825667388167,107.0,0.0,1.0,6.6875,6.6875,4.0,4.0,1.0,0.44583333333333336,1.0,2.3119858249214,0.0,7.000000000000001,1.0,6.691231343283582,107.05970149253731,0.0,6.691231343283582,1.0,1.0,3.985074626865672,4.029850746268656,1.0,0.4460820895522388,4.417063844973635,324.37645700071175,20.273528562544485,1.0,2.326842245945562,lint,0.08600063759096059,14.000000000000002,16,0.0025,0.0,0.0,0.9945129014333922,0.0006218905472636816,0.000625,0.7503696999992826,20043,15.0,200,0.0033747881964572572
0.0,1.0,0.004375,0.08163265306122448,0.9993388460497836,107.0,0.0,1.0,6.6875,6.6875,3.0,5.0,1.0,0.44583333333333336,1.0,3.3295812301782854,0.0,7.000000000000001,1.0,6.703669154228856,107.2587064676617,0.0,6.703669154228856,1.0,1.0,3.0,4.980099502487562,1.0,0.4469112769485904,5.194199518905852,434.78277338459924,27.173923336537452,1.0,3.3510636293088556,lint,0.1565335313553319,14.000000000000002,16,0.0040625,0.0,0.0,0.9935225291555666,0.0012437810945273632,0.001875,0.7421097999995254,20044,15.0,200,0.0038841413133767085
0.0,1.0,0.0015625,0.08163265306122448,0.9997110615079364,94.0,0.0,1.0,5.875,5.875,4.0,4.0,1.0,0.39166666666666666,1.0,2.3098739882413453,0.0,7.000000000000001,1.0,5.879042288557214,94.06467661691542,0.0,5.879042288557214,1.0,1.0,4.0,4.0,1.0,0.3919361525704809,5.077842692088082,416.7281716417926,26.045510727612037,1.0,2.319887467150764,lint,0.8225897496012334,14.000000000000002,16,0.00125,0.0,0.0,0.9944329015041078,0.0003109452736318408,0.00046875,0.7186712999991869,20045,15.0,200,0.0030761210793535596
0.0,1.0,0.0059375,0.08163265306122448,0.9990541914682539,94.0,0.0,1.0,5.875,5.875,2.0,4.0,1.0,0.39166666666666666,1.0,2.6580753488445628,0.0,7.000000000000001,1.0,5.893034825870647,94.28855721393035,0.0,5.893034825870647,1.0,1.0,2.009950248756219,4.009950248756219,1.0,0.39286898839137646,4.685637027768544,360.789392324095,22.549337020255937,1.0,2.6874396830835066,lint,0.4261372525934396,14.000000000000002,16,0.0046875,0.0,0.0,0.9913416082264235,0.0018656716417910447,0.000625,0.6866257999990921,20046,15.0,200,0.004397957485728139
0.0,1.0,0.0028125,0.08163265306122448,0.9995650373931625,105.0,0.0,1.0,6.5625,6.5625,3.0,5.0,1.0,0.4375,1.0,3.017203636750397,0.0,7.000000000000001,1.0,6.5674751243781095,105.07960199004975,0.0,6.5674751243781095,1.0,1.0,3.009950248756219,5.0,1.0,0.4378316749585406,5.081741804894333,418.85299828085806,26.17831239255363,1.0,3.024158958181999,lint,1.0505236739509178,14.000000000000002,16,0.0028125,0.0,0.0,0.9923059523578289,0.0009328358208955224,0.00125,0.7680379000012181,20047,15.0,200,0.003322151815558011
0.0,1.0,0.006875,0.08163265306122448,0.9988274485930737,110.0,0.0,1.0,6.875,6.875,4.0,4.0,1.0,0.4583333333333333,1.0,2.8873092698078118,0.0,7.000000000000001,1.0,6.8861940298507465,110.17910447761194,0.0,6.8861940298507465,1.0,1.0,4.019900497512438,4.0049751243781095,1.0,0.4590796019900497,5.261674554697274,446.64320627605827,27.91520039225364,1.0,2.912001704447158,lint,0.2785852318398117,14.000000000000002,16,0.00625,0.0,0.0,0.9932466772778397,0.0021766169154228856,0.0028125,0.765361000001576,20048,15.0,200,0.003790318641552468
0.0,1.0,0.003125,0.08163265306122448,0.9995003945707072,112.0,0.0,1.0,7.0,7.0,4.0,5.0,1.0,0.4666666666666667,1.0,3.9690587817922256,0.0,7.000000000000001,1.0,7.009950248756219,112.1592039800995,0.0,7.009950248756219,1.0,1.0,4.014925373134329,5.0,1.0,0.46733001658374795,5.221156792445668,442.7048639524997,27.66905399703123,1.0,3.980890322098811,lint,0.06458429043467016,14.000000000000002,16,0.003125,0.0,0.0,0.9946947343801834,0.001554726368159204,0.0015625,0.8038083999999799,20049,15.0,200,0.003812560635642429
0.0,1.0,0.0134375,0.08163265306122448,0.9968725987554113,54.0,0.0,1.0,3.375,3.375,1.0,2.0,1.0,0.225,1.0,0.43541164115918085,0.0,7.000000000000001,1.0,3.4424751243781095,55.07960199004975,0.0,3.4424751243781095,1.0,1.0,1.0398009950248757,2.1144278606965172,1.0,0.22949834162520732,3.480093785311083,199.6841003903485,12.480256274396782,1.0,0.4826091022799684,stardisplay,0.8336837852062937,14.000000000000002,16,0.013125,0.0,0.0,0.9918683349791534,0.0009328358208955224,0.038731337005135154,0.6040419000000838,20000,15.0,200,0.003456294588746745
0.0,1.0,0.015625,0.08163265306122448,0.9961438379329004,51.0,0.0,0.5625,3.1875,3.1875,1.0,2.0,3.0,0.2125,0.125,0.6234450068542962,0.0,7.000000000000001,1.0,3.279850746268657,52.47761194029851,0.0,3.279850746268657,1.0,0.5851990049751243,1.0348258706467661,2.054726368159204,2.915422885572139,0.21865671641791043,3.736735983012816,226.63104482805716,14.164440301753572,0.1424129353233831,0.6832707399358474,stardisplay,0.2790799752941906,14.000000000000002,16,0.015625,0.0,0.0,0.9941189949765341,0.001554726368159204,0.03637967713912123,0.5647359999984474,20001,15.0,200,0.004041076351786595
0.0,1.0,0.0146875,0.08163265306122448,0.9967880817099567,56.0,0.0,1.0,3.5,3.5,1.0,2.0,1.0,0.23333333333333334,1.0,0.6770429525849901,0.0,7.000000000000001,1.0,3.566853233830846,57.069651741293534,0.0,3.566853233830846,1.0,1.0,1.0497512437810945,2.0646766169154227,1.0,0.23779021558872307,3.7942800681351705,234.10847036187891,14.631779397617432,1.0,0.7379665570976406,stardisplay,0.6756817347146005,14.000000000000002,16,0.01375,0.0,0.0,0.9929846963077679,0.001554726368159204,0.03644849580331041,0.587466900000436,20002,15.0,200,0.004140185957888483
0.0,1.0,0.0159375,0.08163265306122448,0.9964558878621378,57.0,0.0,1.0,3.5625,3.5625,1.0,2.0,1.0,0.2375,1.0,0.8669231802623628,0.0,7.000000000000001,1.0,3.6433457711442787,58.29353233830846,0.0,3.6433457711442787,1.0,1.0,1.0248756218905473,2.074626865671642,1.0,0.24288971807628523,3.6719110818380187,220.1216781075103,13.757604881719393,1.0,0.9503317805413661,stardisplay,0.4008108166382402,14.000000000000002,16,0.015625,0.0,0.0,0.9909738195020728,0.0012437810945273632,0.030243271551224426,0.6059654000000592,20003,15.0,200,0.0034715913789617075
0.0,1.0,0.013125,0.08163265306122448,0.9972112757034631,64.0,0.0,0.75,4.0,4.0,0.0,2.0,4.0,0.26666666666666666,0.0625,0.37125126627095467,0.0,7.000000000000001,1.0,4.074004975124378,65.18407960199005,0.0,4.074004975124378,1.0,0.6899875621890548,0.19402985074626866,2.1144278606965172,3.9800995024875623,0.27160033167495856,3.04779127336236,158.24135798688553,9.890084874180346,0.06778606965174129,0.371059071208813,stardisplay,0.4130609416168813,14.000000000000002,16,0.013125,0.0,0.0,0.9822494623172876,0.0012437810945273632,0.047680353333430035,0.5877863000005163,20004,15.0,200,0.003799479010817267
0.0,1.0,0.0134375,0.08163265306122448,0.9967838316197691,58.0,0.0,1.0,3.625,3.625,2.0,2.0,1.0,0.24166666666666667,1.0,0.7260839870891646,0.0,7.000000000000001,1.0,3.628731343283582,58.059701492537314,0.0,3.628731343283582,1.0,1.0,2.0398009950248754,2.0398009950248754,1.0,0.24191542288557213,3.5671409882892906,207.4991838179687,12.968698988623045,1.0,0.6451178617315299,stardisplay,0.052269999562369655,14.000000000000002,16,0.0134375,0.0,0.0,0.8862148189538908,0.0003109452736318408,0.047204897224408876,0.5702851000005467,20005,15.0,200,0.004662797661852177
0.0,1.0,0.0128125,0.08163265306122448,0.9971264655483405,61.0,0.0,0.75,3.8125,3.8125,1.0,2.0,2.0,0.25416666666666665,0.25,0.22498344486124722,0.0,7.000000000000001,1.0,3.863495024875622,61.81592039800995,0.0,3.863495024875622,1.0,0.7512437810945274,1.0248756218905473,2.0597014925373136,1.9950248756218905,0.2575663349917081,3.365427678436148,192.84423961630765,12.052764976019228,0.2537313432835821,0.28611953243103305,stardisplay,0.47408272504113785,14.000000000000002,16,0.0125,0.0,0.0,0.9956218940936502,0.0012437810945273632,0.031779083283727826,0.567183399998612,20006,15.0,200,0.0032060625224544586
0.0,1.0,0.01625,0.08163265306122448,0.9961425753066377,50.0,0.0,1.0,3.125,3.125,1.0,2.0,1.0,0.20833333333333334,1.0,0.7642180030328802,0.0,7.000000000000001,1.0,3.214863184079602,51.43781094527363,0.0,3.214863184079602,1.0,1.0,1.0398009950248757,2.0497512437810945,1.0,0.21432421227197346,3.89798919993568,247.35020693670072,15.459387933543795,1.0,0.831557403550783,stardisplay,0.48837796481237805,14.000000000000002,16,0.01625,0.0,0.0,0.988849106540134,0.001554726368159204,0.042713296965796316,0.5292129999997996,20007,15.0,200,0.004782489777267672
0.0,1.0,0.01375,0.08163265306122448,0.9971153273809523,55.0,0.0,1.0,3.4375,3.4375,1.0,3.0,1.0,0.22916666666666666,1.0,0.7806054210430864,0.0,7.000000000000001,1.0,3.514925373134328,56.23880597014925,0.0,3.514925373134328,1.0,1.0,1.0497512437810945,3.0248756218905473,1.0,0.23432835820895523,3.6997557465687474,222.14105905389377,13.88381619086836,1.0,0.8558367019430169,stardisplay,0.8437825688481643,14.000000000000002,16,0.01375,0.0,0.0,0.9943110472380087,0.0009328358208955224,0.04465428045493534,0.5523395999989589,20008,15.0,200,0.0029061550109586334
0.0,1.0,0.01875,0.08163265306122448,0.9961724837662339,62.0,0.0,0.875,3.875,3.875,1.0,2.0,2.0,0.25833333333333336,0.125,0.3811495173242372,0.0,7.000000000000001,1.0,3.896766169154229,62.34825870646766,0.0,3.896766169154229,1.0,0.6707089552238806,1.0099502487562189,2.0696517412935322,2.4378109452736316,0.2597844112769486,3.179120203995022,168.27956261672253,10.517472663545158,0.15578358208955223,0.4206275727856317,stardisplay,0.6362718393041915,14.000000000000002,16,0.0184375,0.0,0.0,0.9866467013574267,0.0009328358208955224,0.035237349216730635,0.5700066999997944,20009,15.0,200,0.005822580629435222
0.0,1.0,0.01375,0.08163265306122448,0.9969336557539683,57.0,0.0,1.0,3.5625,3.5625,1.0,2.0,1.0,0.2375,1.0,0.5624466350346077,0.0,7.000000000000001,1.0,3.638059701492537,58.208955223880594,0.0,3.638059701492537,1.0,1.0,1.044776119402985,2.0398009950248754,1.0,0.24253731343283583,3.5654017562481406,210.5707020951725,13.16066888094828,1.0,0.6290955716845448,stardisplay,0.46294012723899797,14.000000000000002,16,0.013125,0.0,0.0,0.9837743577198392,0.001554726368159204,0.04484580212420292,0.5733262000012473,20010,15.0,200,0.004039851552440283
0.0,1.0,0.01125,0.08163265306122448,0.997547123015873,59.0,0.0,0.875,3.6875,3.6875,1.0,2.0,2.0,0.24583333333333332,0.125,0.9398754750232946,0.0,7.000000000000001,1.0,3.728233830845771,59.65174129353234,0.0,3.728233830845771,1.0,0.878731343283582,1.0049751243781095,2.0348258706467663,1.9701492537313432,0.2485489220563847,3.542053204703806,208.6826550816446,13.042665942602788,0.15111940298507462,0.940699726513956,stardisplay,0.28958580626534797,14.000000000000002,16,0.01125,0.0,0.0,0.98539794733811,0.0009328358208955224,0.03478734364195027,0.5614571999994951,20011,15.0,200,0.0033283799782341536
0.0,1.0,0.0121875,0.08163265306122448,0.9974372710622711,60.0,0.0,0.875,3.75,3.75,1.0,2.0,2.0,0.25,0.125,0.3138748102999427,0.0,7.000000000000001,1.0,3.804726368159204,60.875621890547265,0.0,3.804726368159204,1.0,0.8824626865671642,1.0497512437810945,2.0497512437810945,1.9402985074626866,0.2536484245439469,3.3236088876409187,185.74398693831634,11.608999183644771,0.17723880597014927,0.3617243700982101,stardisplay,0.29692393130844413,14.000000000000002,16,0.0121875,0.0,0.0,0.9735993253831161,0.0012437810945273632,0.046061299571722086,0.5677976999995735,20012,15.0,200,0.004259045539063577
0.0,1.0,0.0125,0.08163265306122448,0.9968123664529915,55.0,0.0,1.0,3.4375,3.4375,1.0,2.0,1.0,0.22916666666666666,1.0,0.2816547274472031,0.0,7.000000000000001,1.0,3.4990671641791047,55.985074626865675,0.0,3.4990671641791047,1.0,1.0,1.0099502487562189,2.044776119402985,1.0,0.23327114427860696,3.69067336984757,224.20906704934353,14.01306669058397,1.0,0.34635854006003997,stardisplay,0.6636965897806668,14.000000000000002,16,0.0125,0.0,0.0,0.9782347650988052,0.0009328358208955224,0.026353010470409517,0.5508291000005556,20013,15.0,200,0.003668011492437467
0.0,1.0,0.0115625,0.08163265306122448,0.9971212459415585,54.0,0.0,1.0,3.375,3.375,1.0,3.0,1.0,0.225,1.0,0.34572598982945285,0.0,7.000000000000001,1.0,3.429415422885572,54.87064676616915,0.0,3.429415422885572,1.0,1.0,1.0248756218905473,3.014925373134328,1.0,0.22862769485903814,3.653325520471969,220.81925866447548,13.801203666529718,1.0,0.40469105924023985,stardisplay,0.46469708440449753,14.000000000000002,16,0.01125,0.0,0.0,0.9953425661587046,0.0009328358208955224,0.03636618289637124,0.5668623000001389,20014,15.0,200,0.003491902365585516
0.0,1.0,0.014375,0.08163265306122448,0.9965281272546898,61.0,0.0,0.875,3.8125,3.8125,1.0,2.0,2.0,0.25416666666666665,0.125,0.1415533362630898,0.0,7.000000000000001,1.0,3.8694029850746268,61.91044776119403,0.015236318407960199,3.8694029850746268,0.9847636815920398,0.8762437810945274,1.0149253731343284,2.174129353233831,1.8407960199004976,0.25796019900497513,2.9526707091053757,148.25026352492293,9.265641470307683,0.2708333333333333,0.23338308086939635,stardisplay,0.06352214361744449,14.000000000000002,16,0.0140625,0.0,0.0,0.9795112821993135,0.0012437810945273632,0.04361383732203846,0.6786367000004248,20015,15.0,200,0.005157547420255421
0.0,1.0,0.0175,0.08163265306122448,0.9963224587912087,55.0,0.0,0.9375,3.4375,3.4375,0.0,3.0,2.0,0.22916666666666666,0.0625,0.7406143488835738,0.0,7.000000000000001,1.0,3.5248756218905473,56.398009950248756,0.0,3.5248756218905473,1.0,0.9390547263681592,0.08955223880597014,3.0348258706467663,1.9751243781094527,0.23499170812603648,3.640075680988924,218.15764859548773,13.634853037217983,0.08582089552238806,0.8091243464505459,stardisplay,0.9334750055854182,14.000000000000002,16,0.0175,0.0,0.0,0.9949756576491475,0.001554726368159204,0.04770055328934619,0.5830399000005855,20016,15.0,200,0.0025415839430164597
0.0,1.0,0.0159375,0.08163265306122448,0.9964176361832611,53.0,0.0,1.0,3.3125,3.3125,1.0,2.0,1.0,0.22083333333333333,1.0,0.7689133477879985,0.0,7.000000000000001,1.0,3.3976990049751246,54.36318407960199,0.0,3.3976990049751246,1.0,1.0,1.064676616915423,2.054726368159204,1.0,0.22651326699834162,3.6708822629221642,218.95243071562132,13.684526919726332,1.0,0.832970234413001,stardisplay,0.6612582944264899,14.000000000000002,16,0.015,0.0,0.0,0.9936782996454376,0.0012437810945273632,0.03608670070675217,0.7143689000004088,20017,15.0,200,0.003529619530827966
0.0,1.0,0.013125,0.08163265306122448,0.9970631087662337,54.0,0.0,0.5625,3.375,3.375,2.0,3.0,2.0,0.225,0.4375,0.22864068113224076,0.0,7.000000000000001,1.0,3.4362562189054726,54.98009950248756,0.0,3.4362562189054726,1.0,0.5733830845771144,2.0248756218905473,3.0199004975124377,1.9751243781094527,0.2290837479270315,3.5090065118721094,202.5000523604441,12.656253272527756,0.45149253731343286,0.27378996490140106,stardisplay,0.5966762331670976,14.000000000000002,16,0.013125,0.0,0.0,0.992268494178375,0.0009328358208955224,0.04616029002177825,0.6114273000002868,20018,15.0,200,0.0030510572323700566
0.0,1.0,0.0171875,0.08163265306122448,0.9964056264915641,57.0,0.0,1.0,3.5625,3.5625,1.0,2.0,1.0,0.2375,1.0,0.8102457125342498,0.0,7.000000000000001,1.0,3.6449004975124377,58.318407960199,0.0,3.6449004975124377,1.0,1.0,1.0895522388059702,2.0497512437810945,1.0,0.24299336650082917,3.5618975714116483,210.7368680300139,13.17105425187587,1.0,0.8682709643308131,stardisplay,0.8139049642213636,14.000000000000002,16,0.0171875,0.0,0.0,0.9914392891418897,0.0021766169154228856,0.042242051569808335,0.5368850000013481,20019,15.0,200,0.0038610532582470884
0.0,1.0,0.01375,0.08163265306122448,0.996682922979798,55.0,0.0,1.0,3.4375,3.4375,1.0,2.0,1.0,0.22916666666666666,1.0,0.6111665334642392,0.0,7.000000000000001,1.0,3.5223880597014925,56.35820895522388,0.0,3.5223880597014925,1.0,1.0,1.0398009950248757,2.054726368159204,1.0,0.23482587064676616,3.7038576101811027,224.60851274304727,14.038032046440454,1.0,0.6832960581690152,stardisplay,0.6059292623751751,14.000000000000002,16,0.01375,0.0,0.0,0.9950757456924061,0.0012437810945273632,0.04387877673748977,0.49277749999964726,20020,15.0,200,0.003598680293391062
0.0,1.0,0.0125,0.08163265306122448,0.9970990832084581,57.0,0.0,1.0,3.5625,3.5625,1.0,3.0,1.0,0.2375,1.0,0.6095514980127431,0.0,7.000000000000001,1.0,3.6299751243781095,58.07960199004975,0.0,3.6299751243781095,1.0,1.0,1.0298507462686568,3.014925373134328,1.0,0.24199834162520728,3.489031653205298,200.36153330239105,12.52259583139944,1.0,0.6539841091526896,stardisplay,0.5186338193946863,14.000000000000002,16,0.0125,0.0,0.0,0.9849886794235689,0.0012437810945273632,0.03797790950514688,0.4873838999992586,20021,15.0,200,0.0039023291596419823
0.0,1.0,0.013125,0.08163265306122448,0.9965211793414918,54.0,0.0,0.6875,3.375,3.375,1.0,2.0,2.0,0.225,0.6875,0.28995493357769897,0.0,7.000000000000001,1.0,3.4194651741293534,54.711442786069654,0.0,3.4194651741293534,1.0,0.695273631840796,1.0348258706467661,1.9800995024875623,1.9751243781094527,0.2279643449419569,3.6812353945389615,225.30919504592273,14.081824690370171,0.695273631840796,0.36108060215517246,stardisplay,0.06575880194482532,14.000000000000002,16,0.013125,0.0,0.0,0.988470830844232,0.0012437810945273632,0.04181180561393599,0.5480573999993794,20022,15.0,200,0.005715710553798547
0.0,1.0,0.0159375,0.08163265306122448,0.996432280393218,54.0,0.0,1.0,3.375,3.375,1.0,3.0,1.0,0.225,1.0,0.5637990092629351,0.0,7.000000000000001,1.0,3.458644278606965,55.33830845771144,0.0,3.458644278606965,1.0,1.0,1.0845771144278606,3.0199004975124377,1.0,0.23057628524046433,3.8319364417041615,238.45384373005365,14.903365233128353,1.0,0.6190994411966706,stardisplay,0.4342947878951851,14.000000000000002,16,0.0159375,0.0,0.0,0.9887430258082682,0.0018656716417910447,0.03742533983675708,0.5358952000005957,20023,15.0,200,0.004917166273054085
0.0,1.0,0.013125,0.08163265306122448,0.9971019345238095,54.0,0.0,0.75,3.375,3.375,0.0,2.0,3.0,0.225,0.0,0.3767286338826866,0.0,7.000000000000001,1.0,3.4266169154228856,54.82587064676617,0.0,3.4266169154228856,1.0,0.7562189054726368,0.06965174129353234,2.0597014925373136,2.9502487562189055,0.22844112769485903,3.5259271428883783,202.72319572826086,12.670199733016304,0.026741293532338308,0.41223838695992854,stardisplay,0.15870484040198599,14.000000000000002,16,0.0128125,0.0,0.0,0.9601541364074823,0.0006218905472636816,0.030702743797656976,0.5397783999997046,20024,15.0,200,0.005025868961301074
0.0,1.0,0.0121875,0.08163265306122448,0.9972357052669553,56.0,0.0,1.0,3.5,3.5,1.0,2.0,1.0,0.23333333333333334,1.0,0.7137639645983938,0.0,7.000000000000001,1.0,3.5612562189054726,56.98009950248756,0.0,3.5612562189054726,1.0,1.0,1.054726368159204,2.044776119402985,1.0,0.23741708126036484,3.6090903874564715,213.1549114509622,13.322181965685138,1.0,0.7505966129090836,stardisplay,0.6545620859603114,14.000000000000002,16,0.0121875,0.0,0.0,0.9859721226223872,0.0009328358208955224,0.03297267679456779,0.5893615000004502,20025,15.0,200,0.004178356890124554
0.0,1.0,0.0146875,0.08163265306122448,0.9967454117063491,57.0,0.0,1.0,3.5625,3.5625,2.0,3.0,1.0,0.2375,1.0,0.41679846395249487,0.0,7.000000000000001,1.0,3.629042288557214,58.06467661691542,0.0,3.629042288557214,1.0,1.0,2.0398009950248754,3.0248756218905473,1.0,0.2419361525704809,3.604466517644567,210.39023652558737,13.14938978284921,1.0,0.47936249291661337,stardisplay,0.1556308114835627,14.000000000000002,16,0.0146875,0.0,0.0,0.9869540943732192,0.001554726368159204,0.03729027913754512,0.6016042999999627,20026,15.0,200,0.0038326691072729305
0.0,1.0,0.0121875,0.08163265306122448,0.9973147321428572,57.0,0.0,1.0,3.5625,3.5625,1.0,2.0,1.0,0.2375,1.0,0.775646294365832,0.0,7.000000000000001,1.0,3.6141169154228856,57.82587064676617,0.0,3.6141169154228856,1.0,1.0,1.0099502487562189,2.0348258706467663,1.0,0.24094112769485904,3.5689465629984465,211.39702028247913,13.212313767654946,1.0,0.8244582070334424,stardisplay,0.22912402367631823,14.000000000000002,16,0.0121875,0.0,0.0,0.9922135701420531,0.0012437810945273632,0.046756089653221734,0.6291473999990558,20027,15.0,200,0.003812317004839542
0.0,1.0,0.0125,0.08163265306122448,0.9970828373015873,54.0,0.0,0.6875,3.375,3.375,1.0,3.0,2.0,0.225,0.6875,0.7092658322749859,0.0,7.000000000000001,1.0,3.4371890547263684,54.995024875621894,0.0,3.4371890547263684,1.0,0.7092661691542289,1.054726368159204,3.0199004975124377,1.9303482587064678,0.2291459369817579,3.4691762891296114,199.04637827812948,12.440398642383093,0.7092661691542289,0.7172720708663678,stardisplay,0.4510395453011576,14.000000000000002,16,0.0125,0.0,0.0,0.9911631859769359,0.0012437810945273632,0.04209143247335656,0.5849106999994547,20028,15.0,200,0.0050864519267097615
0.0,1.0,0.0109375,0.08163265306122448,0.9976390016233766,64.0,0.0,1.0,4.0,4.0,1.0,3.0,1.0,0.26666666666666666,1.0,0.9815031840991549,0.0,7.000000000000001,1.0,4.068718905472637,65.09950248756219,0.0,4.068718905472637,1.0,1.0,1.054726368159204,3.0199004975124377,1.0,0.27124792703150913,3.395700889022787,191.0175099643461,11.93859437277163,1.0,1.0378988606751278,stardisplay,0.7211794771939203,14.000000000000002,16,0.010625,0.0,0.0,0.9887931349625356,0.0009328358208955224,0.04158164680816233,0.6716049000006024,20029,15.0,200,0.0029712558555234
0.0,1.0,0.0134375,0.08163265306122448,0.996844246031746,58.0,0.0,0.6875,3.625,3.625,1.0,2.0,3.0,0.24166666666666667,0.0,0.25270754289350716,0.0,7.000000000000001,1.0,3.6800373134328357,58.88059701492537,0.0,3.6800373134328357,1.0,0.6906094527363185,1.0149253731343284,2.044776119402985,2.9800995024875623,0.2453358208955224,3.6408125833533584,223.163173979879,13.947698373742437,0.009950248756218905,0.3174596615224294,stardisplay,0.17789405902194774,14.000000000000002,16,0.0128125,0.0,0.0,0.9895896034638394,0.001554726368159204,0.03625462353828058,0.5958133000003727,20030,15.0,200,0.003780972173022262
0.0,1.0,0.01375,0.08163265306122448,0.9969819737554113,57.0,0.0,1.0,3.5625,3.5625,2.0,3.0,1.0,0.2375,1.0,0.7553354325660103,0.0,7.000000000000001,1.0,3.630286069651741,58.08457711442786,0.0,3.630286069651741,1.0,1.0,2.044776119402985,3.029850746268657,1.0,0.24201907131011607,3.5912692976172575,209.60229741246255,13.10014358827891,1.0,0.8000624611794975,stardisplay,0.39462965606252304,14.000000000000002,16,0.0134375,0.0,0.0,0.9806912737293504,0.0018656716417910447,0.046091792302871255,0.6275726000003488,20031,15.0,200,0.005288771826178316
0.0,1.0,0.0140625,0.08163265306122448,0.9967839781746031,53.0,0.0,0.875,3.3125,3.3125,1.0,2.0,2.0,0.22083333333333333,0.125,0.5404341525862585,0.0,7.000000000000001,1.0,3.3799751243781095,54.07960199004975,0.0,3.3799751243781095,1.0,0.8774875621890548,1.0149253731343284,2.0398009950248754,1.9800995024875623,0.22533167495854062,3.7223970950068654,226.14027753985516,14.133767346240948,0.1424129353233831,0.6134109107659688,stardisplay,0.9489439841496365,14.000000000000002,16,0.01375,0.0,0.0,0.990454769029376,0.0012437810945273632,0.03240999838078067,0.604038399998899,20032,15.0,200,0.00404125798763887
0.0,1.0,0.013125,0.08163265306122448,0.9972672943376069,62.0,0.0,0.875,3.875,3.875,1.0,2.0,2.0,0.25833333333333336,0.125,0.7332639710424615,0.0,7.000000000000001,1.0,3.9210199004975124,62.7363184079602,0.0,3.9210199004975124,1.0,0.8818407960199005,1.0199004975124377,2.0199004975124377,1.945273631840796,0.2614013266998342,3.2685103503758293,176.99760294994644,11.062350184371653,0.17288557213930347,0.7829502904702098,stardisplay,0.2864014161326122,14.000000000000002,16,0.013125,0.0,0.0,0.9961744051334521,0.0009328358208955224,0.051475634131465525,0.5753456000002188,20033,15.0,200,0.002181494346966651
0.0,1.0,0.01,0.08163265306122448,0.9977901785714286,61.0,0.0,0.9375,3.8125,3.8125,0.0,3.0,2.0,0.25416666666666665,0.0625,0.42162612782686876,0.0,7.000000000000001,1.0,3.771144278606965,60.33830845771144,0.0,3.771144278606965,1.0,0.9197761194029851,0.5572139303482587,2.9800995024875623,1.6865671641791045,0.2514096185737977,3.3047555112075475,177.4127631135518,11.088297694596987,0.4110696517412935,0.377841286564015,stardisplay,0.1355888771647798,14.000000000000002,16,0.0096875,0.0,0.0,0.9706287008315202,0.0,0.03516847948075005,0.5395640999995521,20034,15.0,200,0.0036667138022642145
0.0,1.0,0.01625,0.08163265306122448,0.9962535173160174,52.0,0.0,0.5625,3.25,3.25,2.0,2.0,3.0,0.21666666666666667,0.1875,0.18793729060432604,0.0,7.000000000000001,1.0,3.3208955223880596,53.134328358208954,0.0,3.3208955223880596,1.0,0.5777363184079602,2.029850746268657,2.044776119402985,2.900497512437811,0.22139303482587064,3.780463113488015,234.12482925458187,14.632801828411367,0.2232587064676617,0.26641704062430493,stardisplay,0.2501052927402065,14.000000000000002,16,0.01625,0.0,0.0,0.9906400852386896,0.0018656716417910447,0.03227344834339824,0.5365777999995771,20035,15.0,200,0.0036201807070946734
0.0,1.0,0.0121875,0.08163265306122448,0.9973858042998668,64.0,0.0,1.0,4.0,4.0,1.0,2.0,1.0,0.26666666666666666,1.0,0.5309981420221677,0.0,7.000000000000001,1.0,3.995957711442786,63.93532338308458,0.0,3.995957711442786,1.0,0.9595771144278606,1.1194029850746268,2.084577114427861,1.1293532338308458,0.2663971807628524,3.4187793986027253,189.98211322329058,11.873882076455661,0.9595771144278606,0.5337203182729379,stardisplay,0.1166949091973248,14.000000000000002,16,0.011875,0.0,0.0,0.9922174203679557,0.0003109452736318408,0.045099459270947016,0.5407611999999062,20036,15.0,200,0.004543427763024942
0.0,1.0,0.010625,0.08163265306122448,0.9975602869352869,62.0,0.0,1.0,3.875,3.875,1.0,2.0,1.0,0.25833333333333336,1.0,0.4287770034335662,0.0,7.000000000000001,1.0,3.9107587064676617,62.57213930348259,0.0,3.9107587064676617,1.0,1.0,1.0298507462686568,2.0646766169154227,1.0,0.2607172470978441,3.3765944719129353,186.49734075771914,11.656083797357446,1.0,0.4679728577557956,stardisplay,1.1312539259106162,14.000000000000002,16,0.01,0.0,0.0,0.993440644049532,0.0009328358208955224,0.037463122798652625,0.6015580000002956,20037,15.0,200,0.004077061945623574
0.0,1.0,0.0140625,0.08163265306122448,0.9970435155122656,55.0,0.0,1.0,3.4375,3.4375,1.0,3.0,1.0,0.22916666666666666,1.0,0.5472772485536348,0.0,7.000000000000001,1.0,3.512437810945274,56.19900497512438,0.0,3.512437810945274,1.0,1.0,1.164179104477612,3.0199004975124377,1.0,0.23416252072968488,3.368645829841644,185.14121502716796,11.571325939197997,1.0,0.5863947132619027,stardisplay,0.17815115125322353,14.000000000000002,16,0.01375,0.0,0.0,0.9840026468214496,0.0006218905472636816,0.0417318936410743,0.608015300000261,20038,15.0,200,0.0053238797884764604
0.0,1.0,0.0175,0.08163265306122448,0.9961047641594516,51.0,0.0,1.0,3.1875,3.1875,1.0,2.0,1.0,0.2125,1.0,0.5718087875389295,0.0,7.000000000000001,1.0,3.2845149253731343,52.55223880597015,0.0,3.2845149253731343,1.0,1.0,1.054726368159204,2.0398009950248754,1.0,0.21896766169154228,3.8251767005056685,238.3455077600372,14.896594235002325,1.0,0.6570980705565752,stardisplay,0.8724825592829815,14.000000000000002,16,0.0175,0.0,0.0,0.9880257274393466,0.001554726368159204,0.05783062891368933,0.5806229999998322,20039,15.0,200,0.0038745549851598245
0.0,1.0,0.0134375,0.08163265306122448,0.9968147997835498,56.0,0.0,1.0,3.5,3.5,1.0,2.0,1.0,0.23333333333333334,1.0,0.7959655172073942,0.0,7.000000000000001,1.0,3.5401119402985075,56.64179104477612,0.0,3.5401119402985075,1.0,1.0,1.0746268656716418,2.0696517412935322,1.0,0.23600746268656717,3.6984997009289575,223.64343373274124,13.977714608296328,1.0,0.8379450831459062,stardisplay,0.3953127827920943,14.000000000000002,16,0.0134375,0.0,0.0,0.9907479130540067,0.0012437810945273632,0.057092245407598226,0.6105039000012766,20040,15.0,200,0.004047626236286866
0.0,1.0,0.0134375,0.08163265306122448,0.996855418886669,55.0,0.0,1.0,3.4375,3.4375,2.0,3.0,1.0,0.22916666666666666,1.0,0.6537074482008955,0.0,7.000000000000001,1.0,3.4916044776119404,55.865671641791046,0.0,3.4916044776119404,1.0,1.0,2.0348258706467663,3.0199004975124377,1.0,0.23277363184079602,3.723409535110681,225.34311574498804,14.083944734061753,1.0,0.6690644546739379,stardisplay,0.2856299000150588,14.000000000000002,16,0.0134375,0.0,0.0,0.9879879463721242,0.001554726368159204,0.0336890521463219,0.5995005999993737,20041,15.0,200,0.004547410337556042
0.0,1.0,0.01375,0.08163265306122448,0.9966935876623377,53.0,0.0,0.75,3.3125,3.3125,1.0,2.0,2.0,0.22083333333333333,0.25,0.5480911703161206,0.0,7.000000000000001,1.0,3.3949004975124377,54.318407960199,0.0,3.3949004975124377,1.0,0.7574626865671642,1.044776119402985,2.1144278606965172,1.9701492537313432,0.22632669983416254,3.506335525487641,205.67259197306734,12.854536998316709,0.27238805970149255,0.5996475905867875,stardisplay,0.18645400279006233,14.000000000000002,16,0.01375,0.0,0.0,0.9859380641871822,0.0009328358208955224,0.036952368978981964,0.5914560999990499,20042,15.0,200,0.00378313589061236
0.0,1.0,0.0140625,0.08163265306122448,0.997265230429293,60.0,0.0,1.0,3.75,3.75,2.0,3.0,1.0,0.25,1.0,0.4468022329031321,0.0,7.000000000000001,1.0,3.835509950248756,61.3681592039801,0.0,3.835509950248756,1.0,1.0,2.0199004975124377,3.0348258706467663,1.0,0.2557006633499171,3.2300496206097518,172.30148546069748,10.768842841293592,1.0,0.495930047936974,stardisplay,0.08767250840600904,14.000000000000002,16,0.0140625,0.0,0.0,0.9938082288741771,0.0006218905472636816,0.04872472460389522,0.6625428999996075,20043,15.0,200,0.003755132771142734
0.0,1.0,0.015625,0.08163265306122448,0.9963582025613276,56.0,0.0,0.8125,3.5,3.5,2.0,3.0,2.0,0.23333333333333334,0.1875,0.6094362781389338,0.0,7.000000000000001,1.0,3.619092039800995,57.90547263681592,0.0,3.619092039800995,1.0,0.7767412935323383,1.935323383084577,3.0199004975124377,2.014925373134328,0.24127280265339965,3.5041536684084074,200.4291088039979,12.52681930024987,0.31654228855721395,0.5991716806581996,stardisplay,0.1565335313553319,14.000000000000002,16,0.0153125,0.0,0.0,0.9914558910451329,0.0012437810945273632,0.04308601873998919,0.6528703999993013,20044,15.0,200,0.0045956738042071885
0.0,1.0,0.011875,0.08163265306122448,0.9973935673701299,57.0,0.0,1.0,3.5625,3.5625,1.0,3.0,1.0,0.2375,1.0,0.4231315199079265,0.0,7.000000000000001,1.0,3.550995024875622,56.81592039800995,0.0,3.550995024875622,1.0,1.0,1.054726368159204,3.0199004975124377,1.0,0.23673300165837477,3.4535156796569275,193.00206395361468,12.062628997100918,1.0,0.38984125667818614,stardisplay,0.8225897496012334,14.000000000000002,16,0.011875,0.0,0.0,0.9943952653811913,0.0003109452736318408,0.03956052878755665,0.6151026999996247,20045,15.0,200,0.003278310565660256
0.0,1.0,0.011875,0.08163265306122448,0.9974000496031746,58.0,0.0,0.9375,3.625,3.625,0.0,3.0,2.0,0.24166666666666667,0.0625,0.4043284792585103,0.0,7.000000000000001,1.0,3.6763059701492535,58.82089552238806,0.0,3.6763059701492535,1.0,0.9384328358208955,0.01990049751243781,3.0248756218905473,1.9850746268656716,0.24508706467661692,3.4839497516965547,197.13949728482376,12.321218580301485,0.07649253731343283,0.46540480224124026,stardisplay,0.4261372525934396,14.000000000000002,16,0.011875,0.0,0.0,0.9905669744891442,0.0006218905472636816,0.032063291041905535,0.6054600000006758,20046,15.0,200,0.004435349227833114
0.0,1.0,0.0125,0.08163265306122448,0.997050032432845,55.0,0.0,0.9375,3.4375,3.4375,0.0,2.0,2.0,0.22916666666666666,0.0625,0.3917609505812719,0.0,7.000000000000001,1.0,3.513370646766169,56.21393034825871,0.0,3.513370646766169,1.0,0.9521144278606966,0.263681592039801,2.044776119402985,1.7661691542288558,0.23422470978441126,3.6483783188555288,218.92665884372568,13.682916177732855,0.28171641791044777,0.4503108285147802,stardisplay,1.0505236739509178,14.000000000000002,16,0.0121875,0.0,0.0,0.9918572250639806,0.0009328358208955224,0.04360607210477641,0.5463013999997202,20047,15.0,200,0.00334561440473089
0.0,1.0,0.0146875,0.08163265306122448,0.9963260619588745,52.0,0.0,0.5625,3.25,3.25,1.0,2.0,2.0,0.21666666666666667,0.4375,0.3058076925871299,0.0,7.000000000000001,1.0,3.325559701492537,53.208955223880594,0.0,3.325559701492537,1.0,0.5777363184079602,1.064676616915423,2.0497512437810945,1.9651741293532339,0.22170398009950248,3.7468705616388926,235.21503628346656,14.70093976771666,0.457089552238806,0.3817385267262027,stardisplay,0.2785852318398117,14.000000000000002,16,0.0146875,0.0,0.0,0.9926808891690427,0.0021766169154228856,0.04077233563860412,0.5967727999995986,20048,15.0,200,0.003951374041491043
0.0,1.0,0.0159375,0.08163265306122448,0.9966443677849928,57.0,0.0,0.875,3.5625,3.5625,1.0,3.0,2.0,0.2375,0.125,0.8253013435365167,0.0,7.000000000000001,1.0,3.644278606965174,58.308457711442784,0.0,3.644278606965174,1.0,0.8861940298507462,1.054726368159204,3.0199004975124377,1.9104477611940298,0.24295190713101159,3.6385578496899624,218.73205429244504,13.670753393277815,0.20335820895522388,0.8923451453168106,stardisplay,0.06458429043467016,14.000000000000002,16,0.0159375,0.0,0.0,0.9944861539518375,0.001554726368159204,0.04308030186471962,0.5741471000001184,20049,15.0,200,0.003864572656181497
