bootstrap_unit,ci95_high,ci95_low,comparison,density,geometry,median_difference,metric,n_agents,n_pairs,paired_mean_difference,positive_fraction
shared held-out evaluation seed,0.08755208333333304,0.0,crdf - ALF,0.0123,uniform,0.0,final_fragmentation,16,30,0.03958333333333333,0.13333333333333333
shared held-out evaluation seed,0.09374222636815918,0.035969631011608626,crdf - ALF,0.0123,uniform,0.01632462686567164,mean_fragmentation,16,30,0.0636712271973466,0.8333333333333334
shared held-out evaluation seed,-0.1511157752902156,-0.26542703150912106,crdf - ALF,0.0123,uniform,-0.1943407960199005,mean_largest_scc_fraction,16,30,-0.20812603648424544,0.06666666666666667
shared held-out evaluation seed,-0.42073719941956883,-0.6517817164179105,crdf - ALF,0.0123,uniform,-0.47667910447761175,mean_degree,16,30,-0.5280472636815919,0.0
shared held-out evaluation seed,-0.7286810497870825,-1.237704851555216,crdf - ALF,0.0123,uniform,-0.8563773657366154,degree_variance,16,30,-0.9512622289671048,0.0
shared held-out evaluation seed,0.026086468172220923,0.02298273017509749,crdf - ALF,0.0123,uniform,0.024155409268084987,radius_temporal_variation,16,30,0.0245507223810943,1.0
shared held-out evaluation seed,0.0019270833333333334,0.0012395833333333332,crdf - ALF,0.0123,uniform,0.0015625,contact_break_rate,16,30,0.0015625,0.9666666666666667
shared held-out evaluation seed,0.0019062500000000002,0.0012083333333333332,crdf - ALF,0.0123,uniform,0.0015625,neighbor_loss_rate,16,30,0.0015416666666666667,0.9666666666666667
shared held-out evaluation seed,-0.6784514925373134,-0.7693319859038141,crdf - ALF,0.0123,uniform,-0.7405161691542288,radius_max_saturation_fraction,16,30,-0.7260986733001659,0.0
shared held-out evaluation seed,0.26666666666666666,-0.03333333333333333,crdf - ALF,0.0123,uniform,0.0,episode_failure,16,30,0.1,0.13333333333333333
shared held-out evaluation seed,-4.745268437484645e-06,-1.5740181224113788e-05,crdf - ALF,0.0123,uniform,-1.2607015625292221e-05,controller_wall_s_per_agent_step,16,30,-1.014099062499933e-05,0.16666666666666666
shared held-out evaluation seed,0.0375,0.0,crmf - ALF,0.0123,uniform,0.0,final_fragmentation,16,30,0.0125,0.03333333333333333
shared held-out evaluation seed,0.02205638474295191,-0.0008706467661691551,crmf - ALF,0.0123,uniform,0.0,mean_fragmentation,16,30,0.007016998341625208,0.16666666666666666
shared held-out evaluation seed,0.040621113184079585,0.0016239116915422885,crmf - ALF,0.0123,uniform,0.0,mean_largest_scc_fraction,16,30,0.01886401326699834,0.26666666666666666
shared held-out evaluation seed,0.10027104063018244,0.013358468076285249,crmf - ALF,0.0123,uniform,0.026430348258706493,mean_degree,16,30,0.0555037313432836,0.5666666666666667
shared held-out evaluation seed,0.10834131379470291,-0.12932660744976907,crmf - ALF,0.0123,uniform,0.025927576050097767,degree_variance,16,30,0.010726222870927334,0.5
shared held-out evaluation seed,0.0005316525562519955,0.00021043713361908813,crmf - ALF,0.0123,uniform,0.0003349364903026031,radius_temporal_variation,16,30,0.0003667538684451768,0.7
shared held-out evaluation seed,0.0,-0.00014583333333333335,crmf - ALF,0.0123,uniform,0.0,contact_break_rate,16,30,-7.291666666666667e-05,0.03333333333333333
shared held-out evaluation seed,-1.0416666666666665e-05,-0.00015625000000000003,crmf - ALF,0.0123,uniform,0.0,neighbor_loss_rate,16,30,-7.291666666666667e-05,0.03333333333333333
shared held-out evaluation seed,0.030814676616915428,-0.0011512748756218887,crmf - ALF,0.0123,uniform,0.0,radius_max_saturation_fraction,16,30,0.014852819237147596,0.23333333333333334
shared held-out evaluation seed,0.1,0.0,crmf - ALF,0.0123,uniform,0.0,episode_failure,16,30,0.03333333333333333,0.03333333333333333
shared held-out evaluation seed,3.0447133331435325e-06,-7.587648359488246e-06,crmf - ALF,0.0123,uniform,-3.6497187494432957e-06,controller_wall_s_per_agent_step,16,30,-2.314218750067695e-06,0.43333333333333335
shared held-out evaluation seed,0.0375,0.0,fixed_r_retained - ALF,0.0123,uniform,0.0,final_fragmentation,16,30,0.0125,0.03333333333333333
shared held-out evaluation seed,0.021758654643449407,-0.003275290215588723,fixed_r_retained - ALF,0.0123,uniform,0.0,mean_fragmentation,16,30,0.00593905472636816,0.3
shared held-out evaluation seed,0.044766013681592054,0.00568796641791046,fixed_r_retained - ALF,0.0123,uniform,0.0,mean_largest_scc_fraction,16,30,0.02284411276948591,0.36666666666666664
shared held-out evaluation seed,0.15646895729684893,0.047101730928689856,fixed_r_retained - ALF,0.0123,uniform,0.04446517412935336,mean_degree,16,30,0.09623756218905473,0.6333333333333333
shared held-out evaluation seed,0.3981574964883287,0.05773632171143141,fixed_r_retained - ALF,0.0123,uniform,0.06661412697086694,degree_variance,16,30,0.1880495139095154,0.5333333333333333
shared held-out evaluation seed,-0.00021413371846999954,-0.0006093757790241433,fixed_r_retained - ALF,0.0123,uniform,0.0,radius_temporal_variation,16,30,-0.00040093775887300044,0.0
shared held-out evaluation seed,2.604166666652487e-07,-0.00023958333333333335,fixed_r_retained - ALF,0.0123,uniform,0.0,contact_break_rate,16,30,-0.00011458333333333333,0.1
shared held-out evaluation seed,9.170543375605819e-21,-0.00025,fixed_r_retained - ALF,0.0123,uniform,0.0,neighbor_loss_rate,16,30,-0.00011458333333333333,0.1
shared held-out evaluation seed,0.19583514718076284,0.11170164800995025,fixed_r_retained - ALF,0.0123,uniform,0.125,radius_max_saturation_fraction,16,30,0.1517723880597015,0.8333333333333334
shared held-out evaluation seed,0.1,0.0,fixed_r_retained - ALF,0.0123,uniform,0.0,episode_failure,16,30,0.03333333333333333,0.03333333333333333
shared held-out evaluation seed,-9.787027344221667e-07,-1.096535945317309e-05,fixed_r_retained - ALF,0.0123,uniform,-7.083656250301835e-06,controller_wall_s_per_agent_step,16,30,-5.936871875064754e-06,0.3333333333333333
shared held-out evaluation seed,0.06666666666666667,-0.06666666666666667,crdf - ALF,0.0123,clustered,0.0,final_fragmentation,16,30,0.0,0.06666666666666667
shared held-out evaluation seed,0.10059468283582088,0.025041200248756217,crdf - ALF,0.0123,clustered,0.012437810945273638,mean_fragmentation,16,30,0.0582089552238806,0.6
shared held-out evaluation seed,0.021611733001658355,-0.04368055555555555,crdf - ALF,0.0123,clustered,0.0,mean_largest_scc_fraction,16,30,-0.009587479270315087,0.3333333333333333
shared held-out evaluation seed,-0.5468374274461029,-0.7825471600331675,crdf - ALF,0.0123,clustered,-0.657804726368159,mean_degree,16,30,-0.6618573797678275,0.0
shared held-out evaluation seed,-0.2185151331856473,-0.7696245795889696,crdf - ALF,0.0123,clustered,-0.38783969030778936,degree_variance,16,30,-0.4874161337281256,0.23333333333333334
shared held-out evaluation seed,0.00896336215055407,0.006457848651860271,crdf - ALF,0.0123,clustered,0.006323035619115567,radius_temporal_variation,16,30,0.007696413360679279,1.0
shared held-out evaluation seed,0.0021981770833333315,0.0011143229166666667,crdf - ALF,0.0123,clustered,0.0017187500000000002,contact_break_rate,16,30,0.0016458333333333333,0.8333333333333334
shared held-out evaluation seed,0.0021770833333333334,0.0010518229166666666,crdf - ALF,0.0123,clustered,0.0015625000000000003,neighbor_loss_rate,16,30,0.0015937500000000001,0.8
shared held-out evaluation seed,-0.0400800684079602,-0.07563614220563848,crdf - ALF,0.0123,clustered,-0.06218905472636816,radius_max_saturation_fraction,16,30,-0.05760779436152571,0.0
shared held-out evaluation seed,0.13333333333333333,-0.13333333333333333,crdf - ALF,0.0123,clustered,0.0,episode_failure,16,30,0.0,0.06666666666666667
shared held-out evaluation seed,-2.7977263020815704e-06,-1.723674356771075e-05,crdf - ALF,0.0123,clustered,-1.219321875026936e-05,controller_wall_s_per_agent_step,16,30,-1.017072187499934e-05,0.36666666666666664
shared held-out evaluation seed,-0.016666666666666666,-0.13333333333333333,crmf - ALF,0.0123,clustered,0.0,final_fragmentation,16,30,-0.06666666666666667,0.0
shared held-out evaluation seed,0.010761297678275277,-0.03178949004975124,crmf - ALF,0.0123,clustered,0.0,mean_fragmentation,16,30,-0.009038142620232174,0.3
shared held-out evaluation seed,0.0980345667495854,0.006348206882255388,crmf - ALF,0.0123,clustered,0.0037313432835821003,mean_largest_scc_fraction,16,30,0.04825870646766169,0.6333333333333333
shared held-out evaluation seed,0.32938743781094526,0.127913298092869,crmf - ALF,0.0123,clustered,0.18439054726368198,mean_degree,16,30,0.23009950248756217,0.8
shared held-out evaluation seed,-0.7935588824250431,-1.2886029715996872,crmf - ALF,0.0123,clustered,-0.8345536678392862,degree_variance,16,30,-1.0342065455269258,0.0
shared held-out evaluation seed,0.0018740311980046589,0.0005849639091071781,crmf - ALF,0.0123,clustered,0.0009847999674631755,radius_temporal_variation,16,30,0.0011858647023360786,0.8
shared held-out evaluation seed,1.494843745314318e-19,-0.0006666666666666666,crmf - ALF,0.0123,clustered,-0.0003125,contact_break_rate,16,30,-0.0003229166666666666,0.3
shared held-out evaluation seed,-3.1249999999999926e-05,-0.00071875,crmf - ALF,0.0123,clustered,-0.0003125,neighbor_loss_rate,16,30,-0.00035416666666666664,0.26666666666666666
shared held-out evaluation seed,-0.022376140132669992,-0.052022439883913765,crmf - ALF,0.0123,clustered,-0.062189054726368154,radius_max_saturation_fraction,16,30,-0.0375,0.03333333333333333
shared held-out evaluation seed,-0.03333333333333333,-0.26666666666666666,crmf - ALF,0.0123,clustered,0.0,episode_failure,16,30,-0.13333333333333333,0.0
shared held-out evaluation seed,1.2274002109521121e-05,-1.0698674477585684e-07,crmf - ALF,0.0123,clustered,9.472906249925479e-06,controller_wall_s_per_agent_step,16,30,5.976592708407227e-06,0.6666666666666666
shared held-out evaluation seed,-0.0625,-0.21458333333333332,fixed_r_retained - ALF,0.0123,clustered,0.0,final_fragmentation,16,30,-0.13125,0.0
shared held-out evaluation seed,-0.08451155679933668,-0.1971087271973466,fixed_r_retained - ALF,0.0123,clustered,-0.05348258706467662,mean_fragmentation,16,30,-0.1376762023217247,0.03333333333333333
shared held-out evaluation seed,0.2880607379767828,0.16136971393034824,fixed_r_retained - ALF,0.0123,clustered,0.2064676616915423,mean_largest_scc_fraction,16,30,0.2222118573797678,0.8666666666666667
shared held-out evaluation seed,1.9714246475953567,1.5865617226368156,fixed_r_retained - ALF,0.0123,clustered,1.8115671641791047,mean_degree,16,30,1.7801927860696518,1.0
shared held-out evaluation seed,0.8896303592939113,-0.02018099541678016,fixed_r_retained - ALF,0.0123,clustered,0.13273631067300318,degree_variance,16,30,0.4324329102053992,0.5666666666666667
shared held-out evaluation seed,-0.0023942947304922105,-0.003216352567871475,fixed_r_retained - ALF,0.0123,clustered,-0.0025301030230429076,radius_temporal_variation,16,30,-0.0027902513164837915,0.0
shared held-out evaluation seed,-0.0011250000000000001,-0.0023020833333333335,fixed_r_retained - ALF,0.0123,clustered,-0.001875,contact_break_rate,16,30,-0.0016979166666666668,0.13333333333333333
shared held-out evaluation seed,-0.00109375,-0.0022606770833333333,fixed_r_retained - ALF,0.0123,clustered,-0.001875,neighbor_loss_rate,16,30,-0.0016770833333333334,0.13333333333333333
shared held-out evaluation seed,0.9603651015754561,0.9236613805970149,fixed_r_retained - ALF,0.0123,clustered,0.9375,radius_max_saturation_fraction,16,30,0.9419568822553898,1.0
shared held-out evaluation seed,-0.13333333333333333,-0.43333333333333335,fixed_r_retained - ALF,0.0123,clustered,0.0,episode_failure,16,30,-0.26666666666666666,0.0
shared held-out evaluation seed,4.606012697897863e-05,2.1645070624871227e-05,fixed_r_retained - ALF,0.0123,clustered,2.6968484374947368e-05,controller_wall_s_per_agent_step,16,30,3.32183447915592e-05,0.8666666666666667
shared held-out evaluation seed,0.0375,-0.025,crdf - ALF,0.0204,uniform,0.0,final_fragmentation,16,30,0.004166666666666667,0.03333333333333333
shared held-out evaluation seed,0.03715200041459367,0.0036686359867330012,crdf - ALF,0.0204,uniform,0.0,mean_fragmentation,16,30,0.01753731343283582,0.3
shared held-out evaluation seed,-0.09886867744610282,-0.18100590796019903,crdf - ALF,0.0204,uniform,-0.1175373134328358,mean_largest_scc_fraction,16,30,-0.13968698175787728,0.0
shared held-out evaluation seed,-0.7666446413764512,-0.9828277881426202,crdf - ALF,0.0204,uniform,-0.855721393034826,mean_degree,16,30,-0.8694548092868988,0.0
shared held-out evaluation seed,-0.9985209652626947,-1.4537095708297751,crdf - ALF,0.0204,uniform,-1.1932544213014529,degree_variance,16,30,-1.2213265109722944,0.0
shared held-out evaluation seed,0.029837792753724123,0.024319074665459836,crdf - ALF,0.0204,uniform,0.02592017284658204,radius_temporal_variation,16,30,0.027057088158265238,1.0
shared held-out evaluation seed,0.003395833333333333,0.0025,crdf - ALF,0.0204,uniform,0.00296875,contact_break_rate,16,30,0.0029375,1.0
shared held-out evaluation seed,0.0033541666666666668,0.0024375,crdf - ALF,0.0204,uniform,0.00296875,neighbor_loss_rate,16,30,0.0028854166666666668,1.0
shared held-out evaluation seed,-0.6235574730514096,-0.7294221600331675,crdf - ALF,0.0204,uniform,-0.6840796019900497,radius_max_saturation_fraction,16,30,-0.6760364842454395,0.0
shared held-out evaluation seed,0.1,-0.1,crdf - ALF,0.0204,uniform,0.0,episode_failure,16,30,0.0,0.03333333333333333
shared held-out evaluation seed,-1.5369302342591663e-06,-1.9283489427125748e-05,crdf - ALF,0.0204,uniform,-1.2673234375313311e-05,controller_wall_s_per_agent_step,16,30,-1.0938169791662256e-05,0.26666666666666666
shared held-out evaluation seed,0.0,-0.025,crmf - ALF,0.0204,uniform,0.0,final_fragmentation,16,30,-0.008333333333333333,0.0
shared held-out evaluation seed,5.182421227197369e-05,-0.00287183872305141,crmf - ALF,0.0204,uniform,0.0,mean_fragmentation,16,30,-0.001119402985074627,0.03333333333333333
shared held-out evaluation seed,0.030618521973466005,0.0027464241293532307,crmf - ALF,0.0204,uniform,0.0,mean_largest_scc_fraction,16,30,0.014852819237147596,0.2
shared held-out evaluation seed,0.23499093076285235,0.1234242848258706,crmf - ALF,0.0204,uniform,0.18330223880596996,mean_degree,16,30,0.17813018242122716,0.8
shared held-out evaluation seed,0.1733371680188658,-0.06692587587430802,crmf - ALF,0.0204,uniform,0.002789757292517514,degree_variance,16,30,0.05074796390147106,0.5
shared held-out evaluation seed,0.0013360081991716356,0.0005174169209547851,crmf - ALF,0.0204,uniform,0.0008037801421957576,radius_temporal_variation,16,30,0.0009081512221257151,0.7333333333333333
shared held-out evaluation seed,-0.00021875,-0.0006770833333333334,crmf - ALF,0.0204,uniform,0.0,contact_break_rate,16,30,-0.00044791666666666667,0.06666666666666667
shared held-out evaluation seed,-0.00021875,-0.00071875,crmf - ALF,0.0204,uniform,0.0,neighbor_loss_rate,16,30,-0.0004583333333333333,0.06666666666666667
shared held-out evaluation seed,0.024826648009950228,-0.039513888888888876,crmf - ALF,0.0204,uniform,-0.007307213930348222,radius_max_saturation_fraction,16,30,-0.008219320066334988,0.3
shared held-out evaluation seed,0.0,-0.1,crmf - ALF,0.0204,uniform,0.0,episode_failure,16,30,-0.03333333333333333,0.0
shared held-out evaluation seed,6.93822908850118e-06,-5.211303776145826e-06,crmf - ALF,0.0204,uniform,-2.3875156253438978e-06,controller_wall_s_per_agent_step,16,30,8.378885416012352e-07,0.4666666666666667
shared held-out evaluation seed,0.0,-0.025,fixed_r_retained - ALF,0.0204,uniform,0.0,final_fragmentation,16,30,-0.008333333333333333,0.0
shared held-out evaluation seed,-2.072968490878935e-05,-0.002777777777777778,fixed_r_retained - ALF,0.0204,uniform,0.0,mean_fragmentation,16,30,-0.0012230514096185738,0.03333333333333333
shared held-out evaluation seed,0.033790682006633495,0.00647750829187396,fixed_r_retained - ALF,0.0204,uniform,0.0,mean_largest_scc_fraction,16,30,0.01877072968490879,0.43333333333333335
shared held-out evaluation seed,0.4415534307628517,0.17740257048092875,fixed_r_retained - ALF,0.0204,uniform,0.25171019900497527,mean_degree,16,30,0.2898528192371476,0.8
shared held-out evaluation seed,0.9257478646361887,0.11763501536742589,fixed_r_retained - ALF,0.0204,uniform,0.14483615233843217,degree_variance,16,30,0.43448478804670676,0.6333333333333333
shared held-out evaluation seed,-0.0005076641012916552,-0.0009851723557181991,fixed_r_retained - ALF,0.0204,uniform,-0.000669872980010873,radius_temporal_variation,16,30,-0.0007350783873943979,0.0
shared held-out evaluation seed,-0.00020833333333333332,-0.00075,fixed_r_retained - ALF,0.0204,uniform,0.0,contact_break_rate,16,30,-0.00046875000000000004,0.06666666666666667
shared held-out evaluation seed,-0.00022916666666666664,-0.0007708333333333333,fixed_r_retained - ALF,0.0204,uniform,0.0,neighbor_loss_rate,16,30,-0.0004791666666666667,0.06666666666666667
shared held-out evaluation seed,0.3415741604477611,0.2343125518242123,fixed_r_retained - ALF,0.0204,uniform,0.30923507462686567,radius_max_saturation_fraction,16,30,0.2914697346600332,0.8666666666666667
shared held-out evaluation seed,0.0,-0.1,fixed_r_retained - ALF,0.0204,uniform,0.0,episode_failure,16,30,-0.03333333333333333,0.0
shared held-out evaluation seed,1.4599877838503035e-05,-4.834815364678961e-07,fixed_r_retained - ALF,0.0204,uniform,4.4873124997479885e-06,controller_wall_s_per_agent_step,16,30,7.1383656249395255e-06,0.5333333333333333
shared held-out evaluation seed,0.13333333333333333,0.016666666666666666,crdf - ALF,0.0204,clustered,0.0,final_fragmentation,16,30,0.06666666666666667,0.13333333333333333
shared held-out evaluation seed,0.11161380597014921,0.020538971807628526,crdf - ALF,0.0204,clustered,0.003731343283582114,mean_fragmentation,16,30,0.06092454394693201,0.6
shared held-out evaluation seed,-0.004857224295190743,-0.10058898217247099,crdf - ALF,0.0204,clustered,0.0,mean_largest_scc_fraction,16,30,-0.04918117744610283,0.4
shared held-out evaluation seed,-0.08607898009950256,-0.4197771558872304,crdf - ALF,0.0204,clustered,-0.1861007462686568,mean_degree,16,30,-0.2390754560530679,0.3
shared held-out evaluation seed,0.06202917364746539,-0.6239686929385772,crdf - ALF,0.0204,clustered,0.053396632354397205,degree_variance,16,30,-0.2285469483531761,0.5333333333333333
shared held-out evaluation seed,0.00605727034543037,0.004019739932268222,crdf - ALF,0.0204,clustered,0.004895337707318332,radius_temporal_variation,16,30,0.005044539332494402,0.9666666666666667
shared held-out evaluation seed,0.0006669270833333319,-0.0006666666666666666,crdf - ALF,0.0204,clustered,0.0,contact_break_rate,16,30,1.0416666666666624e-05,0.4666666666666667
shared held-out evaluation seed,0.0006666666666666665,-0.0006354166666666666,crdf - ALF,0.0204,clustered,0.0,neighbor_loss_rate,16,30,-2.3491047070519264e-20,0.4666666666666667
shared held-out evaluation seed,-0.0020729684908789387,-0.01865671641791045,crdf - ALF,0.0204,clustered,0.0,radius_max_saturation_fraction,16,30,-0.010364842454394695,0.0
shared held-out evaluation seed,0.26666666666666666,0.03333333333333333,crdf - ALF,0.0204,clustered,0.0,episode_failure,16,30,0.13333333333333333,0.13333333333333333
shared held-out evaluation seed,-4.5517703138481803e-07,-1.1746869192780214e-05,crdf - ALF,0.0204,clustered,-6.19778125042104e-06,controller_wall_s_per_agent_step,16,30,-6.22973958345104e-06,0.36666666666666664
shared held-out evaluation seed,0.06458333333333334,-0.035416666666666666,crmf - ALF,0.0204,clustered,0.0,final_fragmentation,16,30,0.014583333333333334,0.06666666666666667
shared held-out evaluation seed,0.03720097429519071,-0.0649290008291874,crmf - ALF,0.0204,clustered,0.0,mean_fragmentation,16,30,-0.012603648424543944,0.3
shared held-out evaluation seed,0.04598958333333333,-0.01315298507462687,crmf - ALF,0.0204,clustered,0.0,mean_largest_scc_fraction,16,30,0.013070066334991703,0.43333333333333335
shared held-out evaluation seed,0.10338204809286901,-0.05956571310116064,crmf - ALF,0.0204,clustered,0.06156716417910468,mean_degree,16,30,0.024212271973466107,0.6333333333333333
shared held-out evaluation seed,-0.5226023537055344,-1.2253980595023175,crmf - ALF,0.0204,clustered,-0.5180324570400485,degree_variance,16,30,-0.8437882364710444,0.06666666666666667
shared held-out evaluation seed,0.0010814323851848049,-4.377770443090037e-05,crmf - ALF,0.0204,clustered,4.85441527320041e-05,radius_temporal_variation,16,30,0.00045388004471581014,0.5333333333333333
shared held-out evaluation seed,0.00013541666666666666,-0.0005106770833333334,crmf - ALF,0.0204,clustered,-0.0003124999999999994,contact_break_rate,16,30,-0.0001875,0.3333333333333333
shared held-out evaluation seed,0.00014583333333333335,-0.00053125,crmf - ALF,0.0204,clustered,-0.00031249999999999984,neighbor_loss_rate,16,30,-0.00020833333333333332,0.3333333333333333
shared held-out evaluation seed,-0.0020729684908789387,-0.01658374792703151,crmf - ALF,0.0204,clustered,0.0,radius_max_saturation_fraction,16,30,-0.008291873963515755,0.0
shared held-out evaluation seed,0.13333333333333333,-0.06666666666666667,crmf - ALF,0.0204,clustered,0.0,episode_failure,16,30,0.03333333333333333,0.06666666666666667
shared held-out evaluation seed,-4.5365591161043636e-07,-1.0871679843943598e-05,crmf - ALF,0.0204,clustered,-7.747828124990977e-06,controller_wall_s_per_agent_step,16,30,-5.718966666715154e-06,0.4
shared held-out evaluation seed,0.05,-0.11666666666666667,fixed_r_retained - ALF,0.0204,clustered,0.0,final_fragmentation,16,30,-0.03333333333333333,0.06666666666666667
shared held-out evaluation seed,-0.04195221807628526,-0.16292003524046433,fixed_r_retained - ALF,0.0204,clustered,-0.018656716417910446,mean_fragmentation,16,30,-0.10268449419568822,0.06666666666666667
shared held-out evaluation seed,0.22647206674958542,0.09245387645107794,fixed_r_retained - ALF,0.0204,clustered,0.09872512437810943,mean_largest_scc_fraction,16,30,0.159794776119403,0.7666666666666667
shared held-out evaluation seed,3.5522838930348257,2.7088772284411275,fixed_r_retained - ALF,0.0204,clustered,3.182524875621891,mean_degree,16,30,3.1414075456053068,1.0
shared held-out evaluation seed,3.73072107437071,2.5004893649497126,fixed_r_retained - ALF,0.0204,clustered,3.6593655440149995,degree_variance,16,30,3.1584147598708365,0.9
shared held-out evaluation seed,-0.0024929948404969616,-0.003297302010947878,fixed_r_retained - ALF,0.0204,clustered,-0.002849510597360564,radius_temporal_variation,16,30,-0.002892203824220996,0.0
shared held-out evaluation seed,-0.00023906250000000284,-0.0020627604166666667,fixed_r_retained - ALF,0.0204,clustered,-0.0015625,contact_break_rate,16,30,-0.0012083333333333332,0.2
shared held-out evaluation seed,-0.00029140625000000135,-0.0020104166666666664,fixed_r_retained - ALF,0.0204,clustered,-0.00140625,neighbor_loss_rate,16,30,-0.0011979166666666668,0.2
shared held-out evaluation seed,0.9978752072968491,0.9811668221393035,fixed_r_retained - ALF,0.0204,clustered,1.0,radius_max_saturation_fraction,16,30,0.9895522388059702,1.0
shared held-out evaluation seed,0.1,-0.23333333333333334,fixed_r_retained - ALF,0.0204,clustered,0.0,episode_failure,16,30,-0.06666666666666667,0.06666666666666667
shared held-out evaluation seed,5.1599703489704985e-05,3.533678385414069e-05,fixed_r_retained - ALF,0.0204,clustered,4.793335937534948e-05,controller_wall_s_per_agent_step,16,30,4.351360937497854e-05,0.9666666666666667
shared held-out evaluation seed,0.0,0.0,crdf - ALF,0.0331,uniform,0.0,final_fragmentation,16,30,0.0,0.0
shared held-out evaluation seed,0.0,0.0,crdf - ALF,0.0331,uniform,0.0,mean_fragmentation,16,30,0.0,0.0
shared held-out evaluation seed,-0.02300891376451078,-0.06601860489220562,crdf - ALF,0.0331,uniform,0.0,mean_largest_scc_fraction,16,30,-0.043345771144278594,0.03333333333333333
shared held-out evaluation seed,-1.6526344838308458,-1.998494506633499,crdf - ALF,0.0331,uniform,-1.7918221393034828,mean_degree,16,30,-1.8288764510779436,0.0
shared held-out evaluation seed,-1.530638421197934,-2.395496437117635,crdf - ALF,0.0331,uniform,-1.7890729421920248,degree_variance,16,30,-1.9299068053699167,0.06666666666666667
shared held-out evaluation seed,0.029189960356300726,0.024679001019832475,crdf - ALF,0.0331,uniform,0.026731995972456082,radius_temporal_variation,16,30,0.026907888743762872,1.0
shared held-out evaluation seed,0.007229166666666667,0.005551822916666667,crdf - ALF,0.0331,uniform,0.006875,contact_break_rate,16,30,0.006385416666666667,1.0
shared held-out evaluation seed,0.00727109375,0.005541666666666667,crdf - ALF,0.0331,uniform,0.006875,neighbor_loss_rate,16,30,0.0064062500000000005,1.0
shared held-out evaluation seed,-0.4258698694029851,-0.5143755182421227,crdf - ALF,0.0331,uniform,-0.43547885572139305,radius_max_saturation_fraction,16,30,-0.4691645936981758,0.0
shared held-out evaluation seed,0.0,0.0,crdf - ALF,0.0331,uniform,0.0,episode_failure,16,30,0.0,0.0
shared held-out evaluation seed,-9.68566578116281e-06,-2.3248056900869567e-05,crdf - ALF,0.0331,uniform,-1.583887500004267e-05,controller_wall_s_per_agent_step,16,30,-1.6609868749943264e-05,0.16666666666666666
shared held-out evaluation seed,0.0,0.0,crmf - ALF,0.0331,uniform,0.0,final_fragmentation,16,30,0.0,0.0
shared held-out evaluation seed,0.0,0.0,crmf - ALF,0.0331,uniform,0.0,mean_fragmentation,16,30,0.0,0.0
shared held-out evaluation seed,0.008364427860696522,-2.0729684908789756e-05,crmf - ALF,0.0331,uniform,0.0,mean_largest_scc_fraction,16,30,0.0031923714759535668,0.06666666666666667
shared held-out evaluation seed,0.4814210199004974,0.2687186463515755,crmf - ALF,0.0331,uniform,0.29306592039801016,mean_degree,16,30,0.3687292703150912,0.9333333333333333
shared held-out evaluation seed,-1.042074095699725,-1.6944517030570612,crmf - ALF,0.0331,uniform,-1.2519480489344323,degree_variance,16,30,-1.353554918581842,0.03333333333333333
shared held-out evaluation seed,0.0025398169875387017,0.0013382122120076164,crmf - ALF,0.0331,uniform,0.0017218612286019482,radius_temporal_variation,16,30,0.001913850147711002,0.9
shared held-out evaluation seed,-8.307291666666806e-05,-0.0008541666666666667,crmf - ALF,0.0331,uniform,-0.00031250000000000017,contact_break_rate,16,30,-0.00044791666666666667,0.2
shared held-out evaluation seed,-8.333333333333332e-05,-0.0008437500000000001,crmf - ALF,0.0331,uniform,-0.00046875,neighbor_loss_rate,16,30,-0.00044791666666666667,0.2
shared held-out evaluation seed,-0.09205793946932007,-0.18197113391376452,crmf - ALF,0.0331,uniform,-0.12437810945273632,radius_max_saturation_fraction,16,30,-0.1369402985074627,0.1
shared held-out evaluation seed,0.0,0.0,crmf - ALF,0.0331,uniform,0.0,episode_failure,16,30,0.0,0.0
shared held-out evaluation seed,9.375986301974137e-06,-4.597948854283608e-06,crmf - ALF,0.0331,uniform,3.414437500453012e-06,controller_wall_s_per_agent_step,16,30,2.4758708332418206e-06,0.5333333333333333
shared held-out evaluation seed,0.0,0.0,fixed_r_retained - ALF,0.0331,uniform,0.0,final_fragmentation,16,30,0.0,0.0
shared held-out evaluation seed,0.0,0.0,fixed_r_retained - ALF,0.0331,uniform,0.0,mean_fragmentation,16,30,0.0,0.0
shared held-out evaluation seed,0.0087893864013267,5.182421227197439e-05,fixed_r_retained - ALF,0.0331,uniform,0.0,mean_largest_scc_fraction,16,30,0.0034618573797678296,0.13333333333333333
shared held-out evaluation seed,1.320607120646766,0.8776868262852404,fixed_r_retained - ALF,0.0331,uniform,0.9715485074626864,mean_degree,16,30,1.0873445273631839,1.0
shared held-out evaluation seed,0.9868517935979556,-0.12142658931129484,fixed_r_retained - ALF,0.0331,uniform,0.21407562042090533,degree_variance,16,30,0.3770070892170574,0.5666666666666667
shared held-out evaluation seed,-0.0009360909511876813,-0.0015230514665765518,fixed_r_retained - ALF,0.0331,uniform,-0.00103598950383601,radius_temporal_variation,16,30,-0.001217362193856177,0.0
shared held-out evaluation seed,-0.00042708333333333335,-0.0015,fixed_r_retained - ALF,0.0331,uniform,-0.00078125,contact_break_rate,16,30,-0.0009166666666666666,0.23333333333333334
shared held-out evaluation seed,-0.0004997395833333347,-0.0014898437499999998,fixed_r_retained - ALF,0.0331,uniform,-0.00078125,neighbor_loss_rate,16,30,-0.0009687500000000001,0.2
shared held-out evaluation seed,0.5693117744610282,0.4856858934494196,fixed_r_retained - ALF,0.0331,uniform,0.5617226368159204,radius_max_saturation_fraction,16,30,0.5260364842454395,1.0
shared held-out evaluation seed,0.0,0.0,fixed_r_retained - ALF,0.0331,uniform,0.0,episode_failure,16,30,0.0,0.0
shared held-out evaluation seed,6.405023039065108e-05,3.662855437491051e-05,fixed_r_retained - ALF,0.0331,uniform,3.282824999956802e-05,controller_wall_s_per_agent_step,16,30,4.955756562501771e-05,0.9666666666666667
shared held-out evaluation seed,0.0,0.0,crdf - ALF,0.0331,clustered,0.0,final_fragmentation,16,30,0.0,0.0
shared held-out evaluation seed,0.027178689883913754,0.0037919776119403,crdf - ALF,0.0331,clustered,0.0,mean_fragmentation,16,30,0.013660862354892205,0.3333333333333333
shared held-out evaluation seed,0.021724709784411274,-0.026956882255389725,crdf - ALF,0.0331,clustered,0.0,mean_largest_scc_fraction,16,30,-0.0018242122719734652,0.26666666666666666
shared held-out evaluation seed,0.2798823590381425,-0.024103182006633486,crdf - ALF,0.0331,clustered,0.18874378109452739,mean_degree,16,30,0.1376243781094528,0.7
shared held-out evaluation seed,0.30646048268452514,-0.5344511251913114,crdf - ALF,0.0331,clustered,0.12200270414098663,degree_variance,16,30,-0.057410488498634525,0.6666666666666666
shared held-out evaluation seed,0.003498302511152661,0.0022996773452811144,crdf - ALF,0.0331,clustered,0.002691595215560988,radius_temporal_variation,16,30,0.002845112359513927,0.9666666666666667
shared held-out evaluation seed,-0.00016666666666666666,-0.0011666666666666665,crdf - ALF,0.0331,clustered,-0.0004687499999999999,contact_break_rate,16,30,-0.0006666666666666666,0.1
shared held-out evaluation seed,-0.00016666666666666663,-0.0011145833333333333,crdf - ALF,0.0331,clustered,-0.00031250000000000006,neighbor_loss_rate,16,30,-0.00065625,0.13333333333333333
shared held-out evaluation seed,0.0,-0.006218905472636816,crdf - ALF,0.0331,clustered,0.0,radius_max_saturation_fraction,16,30,-0.0020729684908789387,0.0
shared held-out evaluation seed,0.0,0.0,crdf - ALF,0.0331,clustered,0.0,episode_failure,16,30,0.0,0.0
shared held-out evaluation seed,1.9245886718422737e-06,-1.3551796276004312e-05,crdf - ALF,0.0331,clustered,-7.3393750000150276e-06,controller_wall_s_per_agent_step,16,30,-6.208843749978621e-06,0.26666666666666666
shared held-out evaluation seed,0.05,-0.05,crmf - ALF,0.0331,clustered,0.0,final_fragmentation,16,30,0.0,0.03333333333333333
shared held-out evaluation seed,0.03116034411276947,-0.040715174129353236,crmf - ALF,0.0331,clustered,0.0,mean_fragmentation,16,30,-0.0010157545605306794,0.2
shared held-out evaluation seed,0.0043635986733001585,-0.06219060945273632,crmf - ALF,0.0331,clustered,0.0,mean_largest_scc_fraction,16,30,-0.022667910447761196,0.2
shared held-out evaluation seed,-0.02472740464344945,-0.21284670398009947,crmf - ALF,0.0331,clustered,-0.09810323383084585,mean_degree,16,30,-0.11721600331674956,0.3333333333333333
shared held-out evaluation seed,-0.3350911752422847,-1.0890797647464376,crmf - ALF,0.0331,clustered,-0.3378142422990768,degree_variance,16,30,-0.6499591046374678,0.1
shared held-out evaluation seed,0.0016706129858187965,0.00045783627217470344,crmf - ALF,0.0331,clustered,0.0005760314554568245,radius_temporal_variation,16,30,0.001072632510197996,0.8
shared held-out evaluation seed,0.0005000000000000001,-0.0002187499999999999,crmf - ALF,0.0331,clustered,0.00031250000000000006,contact_break_rate,16,30,0.0001562500000000001,0.5333333333333333
shared held-out evaluation seed,0.0004895833333333333,-0.0001875,crmf - ALF,0.0331,clustered,0.00031249999999999984,neighbor_loss_rate,16,30,0.00014583333333333332,0.5333333333333333
shared held-out evaluation seed,0.0,-0.006218905472636816,crmf - ALF,0.0331,clustered,0.0,radius_max_saturation_fraction,16,30,-0.0020729684908789387,0.0
shared held-out evaluation seed,0.1,-0.1,crmf - ALF,0.0331,clustered,0.0,episode_failure,16,30,0.0,0.03333333333333333
shared held-out evaluation seed,1.788649385416409e-05,-8.151326039419911e-07,crmf - ALF,0.0331,clustered,7.318921875310017e-06,controller_wall_s_per_agent_step,16,30,8.230630208439981e-06,0.6333333333333333
shared held-out evaluation seed,0.0,-0.08333333333333333,fixed_r_retained - ALF,0.0331,clustered,0.0,final_fragmentation,16,30,-0.03333333333333333,0.0
shared held-out evaluation seed,-0.04302446102819237,-0.12596548507462688,fixed_r_retained - ALF,0.0331,clustered,-0.007462686567164179,mean_fragmentation,16,30,-0.08133291873963516,0.0
shared held-out evaluation seed,0.169720667495854,0.0658232276119403,fixed_r_retained - ALF,0.0331,clustered,0.03358208955223879,mean_largest_scc_fraction,16,30,0.11344320066334991,0.7
shared held-out evaluation seed,5.838595563847429,4.860357587064677,fixed_r_retained - ALF,0.0331,clustered,5.629664179104477,mean_degree,16,30,5.377580845771145,1.0
shared held-out evaluation seed,3.950999800083589,2.8752612252113963,fixed_r_retained - ALF,0.0331,clustered,3.936455103988763,degree_variance,16,30,3.4354044357658227,1.0
shared held-out evaluation seed,-0.0019255171995725612,-0.002695142611549768,fixed_r_retained - ALF,0.0331,clustered,-0.0021719604856872965,radius_temporal_variation,16,30,-0.0022974981995623773,0.0
shared held-out evaluation seed,0.00015625000000000008,-0.0020520833333333333,fixed_r_retained - ALF,0.0331,clustered,-0.00171875,contact_break_rate,16,30,-0.0010416666666666667,0.13333333333333333
shared held-out evaluation seed,0.00028151041666666526,-0.00196875,fixed_r_retained - ALF,0.0331,clustered,-0.0015625,neighbor_loss_rate,16,30,-0.0009479166666666667,0.13333333333333333
shared held-out evaluation seed,1.0,0.99375,fixed_r_retained - ALF,0.0331,clustered,1.0,radius_max_saturation_fraction,16,30,0.9979166666666667,1.0
shared held-out evaluation seed,0.0,-0.16666666666666666,fixed_r_retained - ALF,0.0331,clustered,0.0,episode_failure,16,30,-0.06666666666666667,0.0
shared held-out evaluation seed,7.54322978384252e-05,5.9434711875074216e-05,fixed_r_retained - ALF,0.0331,clustered,6.970548437493563e-05,controller_wall_s_per_agent_step,16,30,6.740150520827608e-05,1.0
shared held-out evaluation seed,0.10625,-0.03958333333333333,crdf - ALF,0.0123,uniform,0.0,final_fragmentation,32,30,0.03125,0.3
shared held-out evaluation seed,0.05281029747097843,-0.00969643967661692,crdf - ALF,0.0123,uniform,0.002643034825870652,mean_fragmentation,32,30,0.019833126036484242,0.5666666666666667
shared held-out evaluation seed,-0.14828928275290218,-0.22885818304311775,crdf - ALF,0.0123,uniform,-0.17187500000000003,mean_largest_scc_fraction,32,30,-0.1870594941956882,0.0
shared held-out evaluation seed,-0.5841162676202323,-0.7928268812189055,crdf - ALF,0.0123,uniform,-0.7350746268656716,mean_degree,32,30,-0.68981135986733,0.0
shared held-out evaluation seed,-1.011644745173935,-1.518100433151955,crdf - ALF,0.0123,uniform,-1.1374234529312393,degree_variance,32,30,-1.2557792859654877,0.0
shared held-out evaluation seed,0.029645624459484012,0.026204399240115226,crdf - ALF,0.0123,uniform,0.026662362310310744,radius_temporal_variation,32,30,0.02787171315959234,1.0
shared held-out evaluation seed,0.0026981770833333324,0.0019998697916666667,crdf - ALF,0.0123,uniform,0.0022656250000000003,contact_break_rate,32,30,0.00234375,0.9666666666666667
shared held-out evaluation seed,0.0026614583333333334,0.0019427083333333334,crdf - ALF,0.0123,uniform,0.0022656250000000003,neighbor_loss_rate,32,30,0.002296875,0.9666666666666667
shared held-out evaluation seed,-0.6816761245854063,-0.7530137075041459,crdf - ALF,0.0123,uniform,-0.7380286069651741,radius_max_saturation_fraction,32,30,-0.7182110281923715,0.0
shared held-out evaluation seed,0.4,0.0,crdf - ALF,0.0123,uniform,0.0,episode_failure,32,30,0.2,0.3
shared held-out evaluation seed,-3.82264115884823e-06,-1.4433878203160802e-05,crdf - ALF,0.0123,uniform,-1.1358007812560801e-05,controller_wall_s_per_agent_step,32,30,-9.193398437522165e-06,0.26666666666666666
shared held-out evaluation seed,0.05625,-0.020833333333333332,crmf - ALF,0.0123,uniform,0.0,final_fragmentation,32,30,0.016666666666666666,0.13333333333333333
shared held-out evaluation seed,0.01563938121890545,-0.0227285447761194,crmf - ALF,0.0123,uniform,0.0,mean_fragmentation,32,30,-0.0026274875621890544,0.4
shared held-out evaluation seed,0.04669594734660029,0.003246916459369812,crmf - ALF,0.0123,uniform,0.005052860696517392,mean_largest_scc_fraction,32,30,0.024352197346600324,0.6
shared held-out evaluation seed,0.11305089137645102,0.04607120646766168,crmf - ALF,0.0123,uniform,0.05977922885572129,mean_degree,32,30,0.07905265339966833,0.9
shared held-out evaluation seed,0.12713222384156767,-0.11961232101148225,crmf - ALF,0.0123,uniform,0.049731060377527614,degree_variance,32,30,0.014195447797290484,0.6666666666666666
shared held-out evaluation seed,0.0005666362174496038,6.860244405957385e-05,crmf - ALF,0.0123,uniform,0.00018393159203516593,radius_temporal_variation,32,30,0.0003214537048373391,0.6
shared held-out evaluation seed,-0.00011458333333333333,-0.00037500000000000006,crmf - ALF,0.0123,uniform,-0.00015625000000000014,contact_break_rate,32,30,-0.00023958333333333335,0.1
shared held-out evaluation seed,-0.00010924479166666736,-0.00036458333333333335,crmf - ALF,0.0123,uniform,-0.00015625000000000014,neighbor_loss_rate,32,30,-0.00023437500000000002,0.13333333333333333
shared held-out evaluation seed,0.024228078358208956,-0.008102456467661704,crmf - ALF,0.0123,uniform,0.0029539800995024845,radius_max_saturation_fraction,32,30,0.008442164179104476,0.5666666666666667
shared held-out evaluation seed,0.26666666666666666,0.03333333333333333,crmf - ALF,0.0123,uniform,0.0,episode_failure,32,30,0.13333333333333333,0.13333333333333333
shared held-out evaluation seed,4.8727718880966175e-06,-6.823685950518172e-06,crmf - ALF,0.0123,uniform,-1.8699765625740437e-06,controller_wall_s_per_agent_step,32,30,-9.369083333297079e-07,0.4666666666666667
shared held-out evaluation seed,0.059375,-0.01875,fixed_r_retained - ALF,0.0123,uniform,0.0,final_fragmentation,32,30,0.019791666666666666,0.13333333333333333
shared held-out evaluation seed,0.03189287935323384,-0.02236305451907131,fixed_r_retained - ALF,0.0123,uniform,0.0008550995024875622,mean_fragmentation,32,30,0.003974917081260366,0.5333333333333333
shared held-out evaluation seed,0.04887528503316747,-0.009422807835820888,fixed_r_retained - ALF,0.0123,uniform,0.0043532338308457375,mean_largest_scc_fraction,32,30,0.021610696517412934,0.5666666666666667
shared held-out evaluation seed,0.1744773528192372,0.09084071828358209,fixed_r_retained - ALF,0.0123,uniform,0.09079601990049757,mean_degree,32,30,0.1297989220563848,1.0
shared held-out evaluation seed,0.7313896049364235,0.12594127703593097,fixed_r_retained - ALF,0.0123,uniform,0.18708135753524047,degree_variance,32,30,0.3853563630077226,0.8
shared held-out evaluation seed,-0.00055980005804799,-0.0008853028178881476,fixed_r_retained - ALF,0.0123,uniform,-0.0006329548543955122,radius_temporal_variation,32,30,-0.0007182925658658436,0.0
shared held-out evaluation seed,-6.250000000000003e-05,-0.00029166666666666664,fixed_r_retained - ALF,0.0123,uniform,-0.00015625000000000014,contact_break_rate,32,30,-0.00017708333333333335,0.16666666666666666
shared held-out evaluation seed,-5.729166666666667e-05,-0.0002864583333333333,fixed_r_retained - ALF,0.0123,uniform,-0.00015625000000000014,neighbor_loss_rate,32,30,-0.00016666666666666666,0.2
shared held-out evaluation seed,0.22034216936152567,0.15222857068822554,fixed_r_retained - ALF,0.0123,uniform,0.1558613184079602,radius_max_saturation_fraction,32,30,0.18498652570480928,1.0
shared held-out evaluation seed,0.26666666666666666,0.03333333333333333,fixed_r_retained - ALF,0.0123,uniform,0.0,episode_failure,32,30,0.13333333333333333,0.13333333333333333
shared held-out evaluation seed,1.0506044231761297e-05,-6.833488150843891e-07,fixed_r_retained - ALF,0.0123,uniform,3.3465859374359725e-06,controller_wall_s_per_agent_step,32,30,4.86086822920129e-06,0.5333333333333333
shared held-out evaluation seed,0.09583333333333334,0.0,crdf - ALF,0.0123,clustered,0.0,final_fragmentation,32,30,0.04479166666666667,0.1
shared held-out evaluation seed,0.04601899357379765,0.02082633706467662,crdf - ALF,0.0123,clustered,0.02487562189054726,mean_fragmentation,32,30,0.03298611111111111,0.7
shared held-out evaluation seed,-0.012317578772802663,-0.05539580742122721,crdf - ALF,0.0123,clustered,-0.011194029850746245,mean_largest_scc_fraction,32,30,-0.03215174129353234,0.06666666666666667
shared held-out evaluation seed,-0.6755310686152571,-1.0257067526948591,crdf - ALF,0.0123,clustered,-0.8063588308457708,mean_degree,32,30,-0.8526533996683251,0.06666666666666667
shared held-out evaluation seed,-0.3010661416822397,-1.2182969470076157,crdf - ALF,0.0123,clustered,-0.36519497506249843,degree_variance,32,30,-0.7600633708917065,0.23333333333333334
shared held-out evaluation seed,0.01016428599126185,0.008277322004277771,crdf - ALF,0.0123,clustered,0.009264757760890755,radius_temporal_variation,32,30,0.009222769289734083,1.0
shared held-out evaluation seed,0.0019532552083333325,0.000604036458333333,crdf - ALF,0.0123,clustered,0.0016406249999999997,contact_break_rate,32,30,0.001302083333333333,0.8
shared held-out evaluation seed,0.0019272135416666658,0.0005988281249999999,crdf - ALF,0.0123,clustered,0.0015624999999999997,neighbor_loss_rate,32,30,0.0012864583333333332,0.8
shared held-out evaluation seed,-0.048099476575456074,-0.08147582400497513,crdf - ALF,0.0123,clustered,-0.05457089552238806,radius_max_saturation_fraction,32,30,-0.06454187396351575,0.0
shared held-out evaluation seed,0.2,0.0,crdf - ALF,0.0123,clustered,0.0,episode_failure,32,30,0.1,0.1
shared held-out evaluation seed,6.455605637980001e-06,-8.051198346437378e-06,crdf - ALF,0.0123,clustered,-5.396492187372822e-06,controller_wall_s_per_agent_step,32,30,-1.0285291666605206e-06,0.43333333333333335
shared held-out evaluation seed,0.061484374999999855,-0.03854166666666667,crmf - ALF,0.0123,clustered,0.0,final_fragmentation,32,30,0.011458333333333333,0.06666666666666667
shared held-out evaluation seed,0.01618638577943614,-0.011548507462686566,crmf - ALF,0.0123,clustered,0.0012437810945273575,mean_fragmentation,32,30,0.004016376451077945,0.5
shared held-out evaluation seed,0.004265910033167483,-0.029976679104477613,crmf - ALF,0.0123,clustered,0.0,mean_largest_scc_fraction,32,30,-0.013106343283582093,0.23333333333333334
shared held-out evaluation seed,-0.2571350279850747,-0.5125474191542289,crmf - ALF,0.0123,clustered,-0.3566542288557213,mean_degree,32,30,-0.38015132669983415,0.13333333333333333
shared held-out evaluation seed,-2.1130728926762146,-3.0057098071568853,crmf - ALF,0.0123,clustered,-2.273962316836217,degree_variance,32,30,-2.5557037122121566,0.0
shared held-out evaluation seed,0.0007545698333584023,0.00013729427154542234,crmf - ALF,0.0123,clustered,0.00040147624408256146,radius_temporal_variation,32,30,0.0004500955656689743,0.7
shared held-out evaluation seed,0.0007084635416666658,-0.00034375,crmf - ALF,0.0123,clustered,0.0,contact_break_rate,32,30,0.00020833333333333327,0.4666666666666667
shared held-out evaluation seed,0.0006145833333333333,-0.0004531249999999999,crmf - ALF,0.0123,clustered,7.812500000000007e-05,neighbor_loss_rate,32,30,9.375000000000002e-05,0.5
shared held-out evaluation seed,-0.034468154021558874,-0.06378239013266998,crmf - ALF,0.0123,clustered,-0.048196517412935326,radius_max_saturation_fraction,32,30,-0.04912417081260365,0.03333333333333333
shared held-out evaluation seed,0.16666666666666666,-0.06666666666666667,crmf - ALF,0.0123,clustered,0.0,episode_failure,32,30,0.03333333333333333,0.06666666666666667
shared held-out evaluation seed,-2.8519887500325557e-06,-1.4652797630198698e-05,crmf - ALF,0.0123,clustered,-1.249113281275526e-05,controller_wall_s_per_agent_step,32,30,-8.777315104206688e-06,0.26666666666666666
shared held-out evaluation seed,0.05,-0.145859375,fixed_r_retained - ALF,0.0123,clustered,0.0,final_fragmentation,32,30,-0.04791666666666667,0.1
shared held-out evaluation seed,-0.005148865049751254,-0.10563445791873963,fixed_r_retained - ALF,0.0123,clustered,0.0,mean_fragmentation,32,30,-0.04955431177446103,0.26666666666666666
shared held-out evaluation seed,0.17468063329187392,0.05788660862354892,fixed_r_retained - ALF,0.0123,clustered,0.04850746268656714,mean_largest_scc_fraction,32,30,0.11409100331674958,0.6333333333333333
shared held-out evaluation seed,6.300935167910447,5.621113443200664,fixed_r_retained - ALF,0.0123,clustered,5.909203980099503,mean_degree,32,30,5.952860696517414,1.0
shared held-out evaluation seed,3.3197226790479797,1.8560991757299417,fixed_r_retained - ALF,0.0123,clustered,2.026185947787493,degree_variance,32,30,2.5853826924792496,0.9
shared held-out evaluation seed,-0.0027206965582486724,-0.0034310427397645157,fixed_r_retained - ALF,0.0123,clustered,-0.002837788229786376,radius_temporal_variation,32,30,-0.0030795408668825757,0.0
shared held-out evaluation seed,-0.00296875,-0.004583463541666667,fixed_r_retained - ALF,0.0123,clustered,-0.003515625,contact_break_rate,32,30,-0.0037083333333333334,0.0
shared held-out evaluation seed,-0.0027135416666666666,-0.004281380208333334,fixed_r_retained - ALF,0.0123,clustered,-0.0032031250000000002,neighbor_loss_rate,32,30,-0.0034739583333333332,0.0
shared held-out evaluation seed,0.9492800321310115,0.9164401948590383,fixed_r_retained - ALF,0.0123,clustered,0.9408426616915423,radius_max_saturation_fraction,32,30,0.9329187396351576,1.0
shared held-out evaluation seed,0.1,-0.3,fixed_r_retained - ALF,0.0123,clustered,0.0,episode_failure,32,30,-0.1,0.1
shared held-out evaluation seed,9.731731855471656e-05,7.709992992182276e-05,fixed_r_retained - ALF,0.0123,clustered,8.889651562512315e-05,controller_wall_s_per_agent_step,32,30,8.755511250001292e-05,1.0
shared held-out evaluation seed,0.020833333333333332,0.0,crdf - ALF,0.0204,uniform,0.0,final_fragmentation,32,30,0.007291666666666667,0.06666666666666667
shared held-out evaluation seed,0.04070364324212271,0.014917469941956881,crdf - ALF,0.0204,uniform,0.018112562189054725,mean_fragmentation,32,30,0.026938225538971804,0.8
shared held-out evaluation seed,-0.13500958747927036,-0.2321520004145937,crdf - ALF,0.0204,uniform,-0.1449782338308458,mean_largest_scc_fraction,32,30,-0.18255078772802652,0.0
shared held-out evaluation seed,-0.9940705327529021,-1.1666051254145935,crdf - ALF,0.0204,uniform,-1.0787468905472635,mean_degree,32,30,-1.07867951907131,0.0
shared held-out evaluation seed,-1.6069972931960934,-2.179799713378749,crdf - ALF,0.0204,uniform,-1.7295223900901275,degree_variance,32,30,-1.8875976006549962,0.0
shared held-out evaluation seed,0.029890679362140064,0.027115155499684275,crdf - ALF,0.0204,uniform,0.02860048441399288,radius_temporal_variation,32,30,0.028473001722687692,1.0
shared held-out evaluation seed,0.0040313802083333326,0.003296875,crdf - ALF,0.0204,uniform,0.003984375,contact_break_rate,32,30,0.0036666666666666666,1.0
shared held-out evaluation seed,0.0040572916666666665,0.0032239583333333335,crdf - ALF,0.0204,uniform,0.0039062499999999996,neighbor_loss_rate,32,30,0.00365625,1.0
shared held-out evaluation seed,-0.5974477871061361,-0.6813548144693201,crdf - ALF,0.0204,uniform,-0.644589552238806,radius_max_saturation_fraction,32,30,-0.6400963930348259,0.0
shared held-out evaluation seed,0.16666666666666666,0.0,crdf - ALF,0.0204,uniform,0.0,episode_failure,32,30,0.06666666666666667,0.06666666666666667
shared held-out evaluation seed,-5.053308776028823e-06,-1.7310553177023758e-05,crdf - ALF,0.0204,uniform,-1.0936890624861924e-05,controller_wall_s_per_agent_step,32,30,-1.1137998437485897e-05,0.3333333333333333
shared held-out evaluation seed,0.028125,0.0,crmf - ALF,0.0204,uniform,0.0,final_fragmentation,32,30,0.009375,0.03333333333333333
shared held-out evaluation seed,0.01619506633499171,-0.0028454083747927036,crmf - ALF,0.0204,uniform,0.0,mean_fragmentation,32,30,0.004581260364842454,0.13333333333333333
shared held-out evaluation seed,0.03716482690713099,-0.0016906353648424547,crmf - ALF,0.0204,uniform,0.0,mean_largest_scc_fraction,32,30,0.016024046434494194,0.4
shared held-out evaluation seed,0.22846716936152575,0.11113689365671643,crmf - ALF,0.0204,uniform,0.171875,mean_degree,32,30,0.17224813432835825,0.8666666666666667
shared held-out evaluation seed,-0.07957792841123211,-0.5990262128589922,crmf - ALF,0.0204,uniform,-0.1539082417514419,degree_variance,32,30,-0.32869745208580853,0.36666666666666664
shared held-out evaluation seed,0.001249617115486122,0.000664503154115026,crmf - ALF,0.0204,uniform,0.0008576782479342733,radius_temporal_variation,32,30,0.000951714097732292,0.9333333333333333
shared held-out evaluation seed,-0.00028125000000000003,-0.0006615885416666667,crmf - ALF,0.0204,uniform,-0.00046875,contact_break_rate,32,30,-0.00046875000000000004,0.1
shared held-out evaluation seed,-0.0002708333333333333,-0.000640625,crmf - ALF,0.0204,uniform,-0.00046875,neighbor_loss_rate,32,30,-0.000453125,0.1
shared held-out evaluation seed,-0.0005433768656716674,-0.047115723466003304,crmf - ALF,0.0204,uniform,-0.0013215174129353469,radius_max_saturation_fraction,32,30,-0.022543532338308456,0.3333333333333333
shared held-out evaluation seed,0.1,0.0,crmf - ALF,0.0204,uniform,0.0,episode_failure,32,30,0.03333333333333333,0.03333333333333333
shared held-out evaluation seed,3.070436614710554e-06,-7.5311634894994504e-06,crmf - ALF,0.0204,uniform,-1.7561250001563183e-06,controller_wall_s_per_agent_step,32,30,-2.449555208319983e-06,0.4666666666666667
shared held-out evaluation seed,0.03125,0.0,fixed_r_retained - ALF,0.0204,uniform,0.0,final_fragmentation,32,30,0.010416666666666666,0.03333333333333333
shared held-out evaluation seed,0.014894796849087892,-0.006338230721393036,fixed_r_retained - ALF,0.0204,uniform,0.0,mean_fragmentation,32,30,0.0025652985074626866,0.26666666666666666
shared held-out evaluation seed,0.0524792703150912,0.004493159203980101,fixed_r_retained - ALF,0.0204,uniform,0.0010883084577114621,mean_largest_scc_fraction,32,30,0.025922470978441126,0.5666666666666667
shared held-out evaluation seed,0.47543260261194004,0.2620252902155886,fixed_r_retained - ALF,0.0204,uniform,0.322683457711443,mean_degree,32,30,0.3603182006633499,0.9333333333333333
shared held-out evaluation seed,1.2073454481655064,0.3275402471167303,fixed_r_retained - ALF,0.0204,uniform,0.40282068261769477,degree_variance,32,30,0.7193734173955574,0.8333333333333334
shared held-out evaluation seed,-0.0008478077547496725,-0.0013506529206566277,fixed_r_retained - ALF,0.0204,uniform,-0.0009152907753559693,radius_temporal_variation,32,30,-0.0010925234448234068,0.0
shared held-out evaluation seed,-0.0002654947916666674,-0.0007343750000000001,fixed_r_retained - ALF,0.0204,uniform,-0.00046875,contact_break_rate,32,30,-0.0004947916666666666,0.16666666666666666
shared held-out evaluation seed,-0.000265625,-0.0007240885416666667,fixed_r_retained - ALF,0.0204,uniform,-0.00046875,neighbor_loss_rate,32,30,-0.0005,0.16666666666666666
shared held-out evaluation seed,0.37377811463515753,0.29537559597844115,fixed_r_retained - ALF,0.0204,uniform,0.3212842039800995,radius_max_saturation_fraction,32,30,0.3341469734660033,1.0
shared held-out evaluation seed,0.1,0.0,fixed_r_retained - ALF,0.0204,uniform,0.0,episode_failure,32,30,0.03333333333333333,0.03333333333333333
shared held-out evaluation seed,8.683547994932661e-06,-5.372042316489925e-07,fixed_r_retained - ALF,0.0204,uniform,4.630914062602194e-06,controller_wall_s_per_agent_step,32,30,4.110551041767016e-06,0.5333333333333333
shared held-out evaluation seed,0.1,0.0,crdf - ALF,0.0204,clustered,0.0,final_fragmentation,32,30,0.05,0.1
shared held-out evaluation seed,0.06633188225538972,0.022592247097844114,crdf - ALF,0.0204,clustered,0.01741293532338309,mean_fragmentation,32,30,0.043366500829187395,0.5666666666666667
shared held-out evaluation seed,-3.43335406302073e-05,-0.03833916355721393,crdf - ALF,0.0204,clustered,0.0,mean_largest_scc_fraction,32,30,-0.016754767827529014,0.26666666666666666
shared held-out evaluation seed,0.21193718905472614,-0.1990091210613599,crdf - ALF,0.0204,clustered,-0.08037935323383083,mean_degree,32,30,-0.00367433665008301,0.4
shared held-out evaluation seed,0.20738251091724716,-1.0381517220205978,crdf - ALF,0.0204,clustered,-0.39258872430834035,degree_variance,32,30,-0.4051164202889471,0.4666666666666667
shared held-out evaluation seed,0.006284131499401584,0.005063740052566554,crdf - ALF,0.0204,clustered,0.005737606908036725,radius_temporal_variation,32,30,0.005679231490271915,1.0
shared held-out evaluation seed,5.729166666666667e-05,-0.0013802083333333333,crdf - ALF,0.0204,clustered,-0.00039062500000000013,contact_break_rate,32,30,-0.0006145833333333333,0.43333333333333335
shared held-out evaluation seed,5.2083333333333476e-06,-0.0013802083333333333,crdf - ALF,0.0204,clustered,-0.0005468749999999998,neighbor_loss_rate,32,30,-0.0006614583333333332,0.4
shared held-out evaluation seed,-0.011256218905472636,-0.028949523217247097,crdf - ALF,0.0204,clustered,-0.004586442786069652,radius_max_saturation_fraction,32,30,-0.01926305970149254,0.0
shared held-out evaluation seed,0.23333333333333334,0.0,crdf - ALF,0.0204,clustered,0.0,episode_failure,32,30,0.1,0.1
shared held-out evaluation seed,5.120247877595336e-06,-7.46121804690934e-06,crdf - ALF,0.0204,clustered,-1.6640781250032552e-06,controller_wall_s_per_agent_step,32,30,-1.11625468753118e-06,0.4
shared held-out evaluation seed,0.05,0.0,crmf - ALF,0.0204,clustered,0.0,final_fragmentation,32,30,0.016666666666666666,0.03333333333333333
shared held-out evaluation seed,0.02658659825870647,-0.016288349917081255,crmf - ALF,0.0204,clustered,0.0,mean_fragmentation,32,30,0.008628731343283584,0.4
shared held-out evaluation seed,-0.007932473051409625,-0.07233701285240463,crmf - ALF,0.0204,clustered,0.0,mean_largest_scc_fraction,32,30,-0.036328772802653383,0.2
shared held-out evaluation seed,-0.44751360385572153,-0.7117043687810944,crmf - ALF,0.0204,clustered,-0.5240982587064678,mean_degree,32,30,-0.5808094941956882,0.0
shared held-out evaluation seed,-2.129679041139594,-3.142039089258117,crmf - ALF,0.0204,clustered,-2.1948017994604094,degree_variance,32,30,-2.616174833782219,0.0
shared held-out evaluation seed,0.0010863011355260455,0.00041316116272508384,crmf - ALF,0.0204,clustered,0.000755020626538544,radius_temporal_variation,32,30,0.0007462018499250857,0.8666666666666667
shared held-out evaluation seed,0.0018645833333333333,0.0005675781250000002,crmf - ALF,0.0204,clustered,0.0008593749999999999,contact_break_rate,32,30,0.001213541666666667,0.7666666666666667
shared held-out evaluation seed,0.0017864583333333333,0.0005104166666666666,crmf - ALF,0.0204,clustered,0.0007812499999999998,neighbor_loss_rate,32,30,0.0011458333333333333,0.7666666666666667
shared held-out evaluation seed,-0.00894978233830846,-0.026456519485903815,crmf - ALF,0.0204,clustered,0.0,radius_max_saturation_fraction,32,30,-0.0171900912106136,0.0
shared held-out evaluation seed,0.1,0.0,crmf - ALF,0.0204,clustered,0.0,episode_failure,32,30,0.03333333333333333,0.03333333333333333
shared held-out evaluation seed,-1.3386052864743625e-06,-1.664747468757615e-05,crmf - ALF,0.0204,clustered,-3.2015937500773286e-06,controller_wall_s_per_agent_step,32,30,-9.262226041717738e-06,0.3
shared held-out evaluation seed,0.051041666666666666,-0.13229166666666667,fixed_r_retained - ALF,0.0204,clustered,0.0,final_fragmentation,32,30,-0.042708333333333334,0.1
shared held-out evaluation seed,-0.046103726160862384,-0.15034074419568821,fixed_r_retained - ALF,0.0204,clustered,-0.020600124378109458,mean_fragmentation,32,30,-0.09440298507462687,0.1
shared held-out evaluation seed,0.2290179311774461,0.12124572450248759,fixed_r_retained - ALF,0.0204,clustered,0.10883084577114427,mean_largest_scc_fraction,32,30,0.1726264510779436,0.9
shared held-out evaluation seed,8.273565764925372,7.511763837064676,fixed_r_retained - ALF,0.0204,clustered,8.010494402985074,mean_degree,32,30,7.903327114427861,1.0
shared held-out evaluation seed,2.691640026286121,0.42881404530341777,fixed_r_retained - ALF,0.0204,clustered,0.677004074195255,degree_variance,32,30,1.5142974283717192,0.5333333333333333
shared held-out evaluation seed,-0.002450415842929115,-0.0033049223219422906,fixed_r_retained - ALF,0.0204,clustered,-0.0026529142160315157,radius_temporal_variation,32,30,-0.0028594764056512167,0.0
shared held-out evaluation seed,-0.0021510416666666666,-0.004401041666666666,fixed_r_retained - ALF,0.0204,clustered,-0.00328125,contact_break_rate,32,30,-0.0032552083333333335,0.16666666666666666
shared held-out evaluation seed,-0.0018436197916666677,-0.004130338541666666,fixed_r_retained - ALF,0.0204,clustered,-0.00296875,neighbor_loss_rate,32,30,-0.002958333333333333,0.23333333333333334
shared held-out evaluation seed,0.9888475590796019,0.9718617848258706,fixed_r_retained - ALF,0.0204,clustered,0.9952580845771144,radius_max_saturation_fraction,32,30,0.9806073797678275,1.0
shared held-out evaluation seed,0.1,-0.26749999999999996,fixed_r_retained - ALF,0.0204,clustered,0.0,episode_failure,32,30,-0.1,0.1
shared held-out evaluation seed,0.00010579322227857659,8.639572890613631e-05,fixed_r_retained - ALF,0.0204,clustered,9.879840625018235e-05,controller_wall_s_per_agent_step,32,30,9.661069010413334e-05,1.0
shared held-out evaluation seed,0.0,0.0,crdf - ALF,0.0331,uniform,0.0,final_fragmentation,32,30,0.0,0.0
shared held-out evaluation seed,0.004852041873963508,0.0002123497097844113,crdf - ALF,0.0331,uniform,0.0,mean_fragmentation,32,30,0.002140339966832504,0.2
shared held-out evaluation seed,-0.05088476886401329,-0.11855384535655056,crdf - ALF,0.0331,uniform,-0.05884639303482592,mean_largest_scc_fraction,32,30,-0.08218283582089553,0.0
shared held-out evaluation seed,-1.665825818822554,-1.9124891169154228,crdf - ALF,0.0331,uniform,-1.807680348258706,mean_degree,32,30,-1.79212271973466,0.0
shared held-out evaluation seed,-2.2110085139558615,-2.9457432528896192,crdf - ALF,0.0331,uniform,-2.5462837713059394,degree_variance,32,30,-2.561372338336819,0.0
shared held-out evaluation seed,0.026876808752996927,0.022588759216564044,crdf - ALF,0.0331,uniform,0.02391667037846145,radius_temporal_variation,32,30,0.024663163844079034,1.0
shared held-out evaluation seed,0.006380338541666666,0.005286328125,crdf - ALF,0.0331,uniform,0.005859375,contact_break_rate,32,30,0.005822916666666666,1.0
shared held-out evaluation seed,0.006463541666666667,0.005275911458333333,crdf - ALF,0.0331,uniform,0.0059375,neighbor_loss_rate,32,30,0.005869791666666666,1.0
shared held-out evaluation seed,-0.38430866500829197,-0.44920929208126037,crdf - ALF,0.0331,uniform,-0.40244092039800994,radius_max_saturation_fraction,32,30,-0.4174233001658375,0.0
shared held-out evaluation seed,0.0,0.0,crdf - ALF,0.0331,uniform,0.0,episode_failure,32,30,0.0,0.0
shared held-out evaluation seed,-1.770406957037783e-05,-2.819574355469167e-05,crdf - ALF,0.0331,uniform,-2.4690234374986645e-05,controller_wall_s_per_agent_step,32,30,-2.2870664062528093e-05,0.03333333333333333
shared held-out evaluation seed,0.0,0.0,crmf - ALF,0.0331,uniform,0.0,final_fragmentation,32,30,0.0,0.0
shared held-out evaluation seed,0.0,-1.5547263681592035e-05,crmf - ALF,0.0331,uniform,0.0,mean_fragmentation,32,30,-5.182421227197345e-06,0.0
shared held-out evaluation seed,0.006192993366500821,-0.0018086650082918764,crmf - ALF,0.0331,uniform,0.0,mean_largest_scc_fraction,32,30,0.001461442786069648,0.06666666666666667
shared held-out evaluation seed,0.2404883136401326,0.04429091521558879,crmf - ALF,0.0331,uniform,0.17809390547263648,mean_degree,32,30,0.14433043117744618,0.7666666666666667
shared held-out evaluation seed,-1.5979591646961862,-2.2846938519306197,crmf - ALF,0.0331,uniform,-1.7932910439059369,degree_variance,32,30,-1.9321805298368233,0.03333333333333333
shared held-out evaluation seed,0.0019695709637859464,0.0011225293335017461,crmf - ALF,0.0331,uniform,0.0015666139504894915,radius_temporal_variation,32,30,0.0015813539476397685,0.9666666666666667
shared held-out evaluation seed,5.208333333333335e-05,-0.0006927083333333334,crmf - ALF,0.0331,uniform,-0.0003906249999999999,contact_break_rate,32,30,-0.00034375,0.3
shared held-out evaluation seed,1.041666666666659e-05,-0.0007239583333333334,crmf - ALF,0.0331,uniform,-0.00046875,neighbor_loss_rate,32,30,-0.0003750000000000001,0.3
shared held-out evaluation seed,-0.12799362562189057,-0.1894814987562189,crmf - ALF,0.0331,uniform,-0.15453980099502487,radius_max_saturation_fraction,32,30,-0.15719838308457712,0.03333333333333333
shared held-out evaluation seed,0.0,0.0,crmf - ALF,0.0331,uniform,0.0,episode_failure,32,30,0.0,0.0
shared held-out evaluation seed,1.7305211458250289e-06,-1.0885665885454659e-05,crmf - ALF,0.0331,uniform,-4.665468750033564e-06,controller_wall_s_per_agent_step,32,30,-4.5936708333348e-06,0.43333333333333335
shared held-out evaluation seed,0.0,0.0,fixed_r_retained - ALF,0.0331,uniform,0.0,final_fragmentation,32,30,0.0,0.0
shared held-out evaluation seed,0.0,-1.5547263681592035e-05,fixed_r_retained - ALF,0.0331,uniform,0.0,mean_fragmentation,32,30,-5.182421227197345e-06,0.0
shared held-out evaluation seed,0.00649875621890547,0.0,fixed_r_retained - ALF,0.0331,uniform,0.0,mean_largest_scc_fraction,32,30,0.0022595356550580425,0.1
shared held-out evaluation seed,1.4966066801409619,1.1125668532338309,fixed_r_retained - ALF,0.0331,uniform,1.1751399253731347,mean_degree,32,30,1.2964759535655057,1.0
shared held-out evaluation seed,2.7204052552885507,0.8672364769624941,fixed_r_retained - ALF,0.0331,uniform,1.05901420534532,degree_variance,32,30,1.6828451334615273,0.7666666666666667
shared held-out evaluation seed,-0.0017027964384503122,-0.0022665024841616293,fixed_r_retained - ALF,0.0331,uniform,-0.0019698651421279335,radius_temporal_variation,32,30,-0.0019883845802766333,0.0
shared held-out evaluation seed,-0.0009529947916666672,-0.0018125,fixed_r_retained - ALF,0.0331,uniform,-0.0014843749999999998,contact_break_rate,32,30,-0.001375,0.13333333333333333
shared held-out evaluation seed,-0.0009790364583333341,-0.0018177083333333335,fixed_r_retained - ALF,0.0331,uniform,-0.0014062500000000002,neighbor_loss_rate,32,30,-0.0013906250000000002,0.13333333333333333
shared held-out evaluation seed,0.614177420190713,0.5456375673714758,fixed_r_retained - ALF,0.0331,uniform,0.5935167910447761,radius_max_saturation_fraction,32,30,0.5795346185737976,1.0
shared held-out evaluation seed,0.0,0.0,fixed_r_retained - ALF,0.0331,uniform,0.0,episode_failure,32,30,0.0,0.0
shared held-out evaluation seed,2.909959309895314e-05,1.5062739869847284e-05,fixed_r_retained - ALF,0.0331,uniform,1.948980468753804e-05,controller_wall_s_per_agent_step,32,30,2.1940797916641942e-05,0.9333333333333333
shared held-out evaluation seed,0.0,0.0,crdf - ALF,0.0331,clustered,0.0,final_fragmentation,32,30,0.0,0.0
shared held-out evaluation seed,0.033936955845771125,-0.00994079083747927,crdf - ALF,0.0331,clustered,0.0,mean_fragmentation,32,30,0.013391376451077942,0.43333333333333335
shared held-out evaluation seed,0.048355747305140924,0.0011945480928689802,crdf - ALF,0.0331,clustered,0.0037313432835821003,mean_largest_scc_fraction,32,30,0.023305348258706463,0.5333333333333333
shared held-out evaluation seed,1.0850720356550576,0.6256007721807627,crdf - ALF,0.0331,clustered,0.76640236318408,mean_degree,32,30,0.8457193200663349,0.9333333333333333
shared held-out evaluation seed,-0.20058674054565861,-1.6098390618102996,crdf - ALF,0.0331,clustered,-0.35071769765909244,degree_variance,32,30,-0.8266465805946428,0.3333333333333333
shared held-out evaluation seed,0.004171885577757356,0.003205520408389069,crdf - ALF,0.0331,clustered,0.003475149636196262,radius_temporal_variation,32,30,0.0036741015424593434,1.0
shared held-out evaluation seed,-0.0018854166666666668,-0.003260546875,crdf - ALF,0.0331,clustered,-0.0019531249999999996,contact_break_rate,32,30,-0.0025364583333333333,0.06666666666666667
shared held-out evaluation seed,-0.0018175781250000008,-0.0031824218749999995,crdf - ALF,0.0331,clustered,-0.0019531249999999996,neighbor_loss_rate,32,30,-0.0024895833333333337,0.06666666666666667
shared held-out evaluation seed,-0.0010364842454394694,-0.008291873963515755,crdf - ALF,0.0331,clustered,0.0,radius_max_saturation_fraction,32,30,-0.004151119402985075,0.0
shared held-out evaluation seed,0.0,0.0,crdf - ALF,0.0331,clustered,0.0,episode_failure,32,30,0.0,0.0
shared held-out evaluation seed,1.6634908255223025e-05,1.7811358723797283e-06,crdf - ALF,0.0331,clustered,2.6574843749927097e-06,controller_wall_s_per_agent_step,32,30,9.01965104168312e-06,0.6
shared held-out evaluation seed,0.08125,0.0,crmf - ALF,0.0331,clustered,0.0,final_fragmentation,32,30,0.03125,0.06666666666666667
shared held-out evaluation seed,0.03272815609452735,0.0012100953565505836,crmf - ALF,0.0331,clustered,0.0,mean_fragmentation,32,30,0.016889510779436158,0.4
shared held-out evaluation seed,-0.0040457866915423,-0.05137385986733003,crmf - ALF,0.0331,clustered,0.0,mean_largest_scc_fraction,32,30,-0.02491708126036485,0.2
shared held-out evaluation seed,-0.7691367381840797,-1.063488158167496,crmf - ALF,0.0331,clustered,-0.9379664179104479,mean_degree,32,30,-0.909240257048093,0.0
shared held-out evaluation seed,-2.596936116353157,-3.9332248333382647,crmf - ALF,0.0331,clustered,-2.826982885247271,degree_variance,32,30,-3.2018694835253148,0.0
shared held-out evaluation seed,0.0013184475926722684,0.0005790039124174883,crmf - ALF,0.0331,clustered,0.0008456712927195477,radius_temporal_variation,32,30,0.0009321419418558186,0.8333333333333334
shared held-out evaluation seed,0.00378125,0.0021614583333333334,crmf - ALF,0.0331,clustered,0.0028906250000000004,contact_break_rate,32,30,0.0029427083333333336,0.9333333333333333
shared held-out evaluation seed,0.0038283854166666657,0.0021352864583333332,crmf - ALF,0.0331,clustered,0.0028125,neighbor_loss_rate,32,30,0.0029427083333333336,0.9333333333333333
shared held-out evaluation seed,-0.0010364842454394694,-0.008297056384742952,crmf - ALF,0.0331,clustered,0.0,radius_max_saturation_fraction,32,30,-0.004151119402985075,0.0
shared held-out evaluation seed,0.16666666666666666,0.0,crmf - ALF,0.0331,clustered,0.0,episode_failure,32,30,0.06666666666666667,0.06666666666666667
shared held-out evaluation seed,-5.662856666705102e-06,-1.9457660013009344e-05,crmf - ALF,0.0331,clustered,-1.5857539062267298e-05,controller_wall_s_per_agent_step,32,30,-1.2788144270852323e-05,0.26666666666666666
shared held-out evaluation seed,-0.08229166666666667,-0.24375,fixed_r_retained - ALF,0.0331,clustered,0.0,final_fragmentation,32,30,-0.159375,0.0
shared held-out evaluation seed,-0.11422043428689885,-0.2474689054726368,fixed_r_retained - ALF,0.0331,clustered,-0.11100746268656717,mean_fragmentation,32,30,-0.17832193200663352,0.0
shared held-out evaluation seed,0.318559675580431,0.17702593801824212,fixed_r_retained - ALF,0.0331,clustered,0.2506218905472637,mean_largest_scc_fraction,32,30,0.24809286898839136,0.8666666666666667
shared held-out evaluation seed,10.615407338308458,9.513221263474295,fixed_r_retained - ALF,0.0331,clustered,10.387126865671641,mean_degree,32,30,10.07039800995025,1.0
shared held-out evaluation seed,9.802678747726889,6.077788128620765,fixed_r_retained - ALF,0.0331,clustered,10.173606723940157,degree_variance,32,30,8.0241240499539,0.9333333333333333
shared held-out evaluation seed,-0.002205090170065755,-0.0028975382430064486,fixed_r_retained - ALF,0.0331,clustered,-0.002802586592005212,radius_temporal_variation,32,30,-0.00257024916654878,0.0
shared held-out evaluation seed,-0.0019528645833333347,-0.004505338541666667,fixed_r_retained - ALF,0.0331,clustered,-0.0034375000000000005,contact_break_rate,32,30,-0.0032500000000000003,0.16666666666666666
shared held-out evaluation seed,-0.0015416666666666667,-0.004114583333333334,fixed_r_retained - ALF,0.0331,clustered,-0.003125,neighbor_loss_rate,32,30,-0.002859375,0.23333333333333334
shared held-out evaluation seed,0.9989531509121061,0.9916614842454394,fixed_r_retained - ALF,0.0331,clustered,1.0,radius_max_saturation_fraction,32,30,0.9958177860696517,1.0
shared held-out evaluation seed,-0.16666666666666666,-0.5,fixed_r_retained - ALF,0.0331,clustered,0.0,episode_failure,32,30,-0.3333333333333333,0.0
shared held-out evaluation seed,0.00014206534722662026,0.00011977088907548488,fixed_r_retained - ALF,0.0331,clustered,0.00012438871093749528,controller_wall_s_per_agent_step,32,30,0.00013063545937495746,1.0
shared held-out evaluation seed,0.05364583333333333,-0.09947916666666666,crdf - ALF,0.0123,uniform,0.0,final_fragmentation,64,30,-0.022395833333333334,0.3
shared held-out evaluation seed,0.10289729736732998,0.005172056384742957,crdf - ALF,0.0123,uniform,0.03113339552238806,mean_fragmentation,64,30,0.05287624378109453,0.6333333333333333
shared held-out evaluation seed,-0.18736357276119406,-0.28069295449834164,crdf - ALF,0.0123,uniform,-0.22908893034825872,mean_largest_scc_fraction,64,30,-0.23486473880597014,0.03333333333333333
shared held-out evaluation seed,-0.6332133602819237,-0.7312264847636817,crdf - ALF,0.0123,uniform,-0.6801539179104479,mean_degree,64,30,-0.683994092039801,0.0
shared held-out evaluation seed,-1.2036322040469263,-1.5903588639771706,crdf - ALF,0.0123,uniform,-1.204977316755,degree_variance,64,30,-1.3887713064629306,0.0
shared held-out evaluation seed,0.02806801261560001,0.026066060408534285,crdf - ALF,0.0123,uniform,0.027147081255615928,radius_temporal_variation,64,30,0.02706464771143041,1.0
shared held-out evaluation seed,0.0025860026041666664,0.0020390625,crdf - ALF,0.0123,uniform,0.002421875,contact_break_rate,64,30,0.002330729166666667,1.0
shared held-out evaluation seed,0.0025156901041666663,0.0019843098958333334,crdf - ALF,0.0123,uniform,0.0023828125,neighbor_loss_rate,64,30,0.002268229166666667,1.0
shared held-out evaluation seed,-0.7032574108623549,-0.7600045346185738,crdf - ALF,0.0123,uniform,-0.7283115671641791,radius_max_saturation_fraction,64,30,-0.7306203358208955,0.0
shared held-out evaluation seed,0.2,-0.2,crdf - ALF,0.0123,uniform,0.0,episode_failure,64,30,0.0,0.16666666666666666
shared held-out evaluation seed,7.099677610666436e-06,-9.413962545590712e-06,crdf - ALF,0.0123,uniform,-2.599050781242377e-06,controller_wall_s_per_agent_step,64,30,-1.3650606770833445e-06,0.36666666666666664
shared held-out evaluation seed,0.07136718749999993,-0.08544270833333334,crmf - ALF,0.0123,uniform,0.0,final_fragmentation,64,30,-0.00625,0.16666666666666666
shared held-out evaluation seed,0.025570584577114426,-0.01528198849502487,crmf - ALF,0.0123,uniform,0.0,mean_fragmentation,64,30,0.004278088723051411,0.43333333333333335
shared held-out evaluation seed,0.03804940143034826,-0.003383408478441119,crmf - ALF,0.0123,uniform,0.004469838308457708,mean_largest_scc_fraction,64,30,0.017047574626865673,0.6666666666666666
shared held-out evaluation seed,0.09634535655058052,0.04038770988805973,crmf - ALF,0.0123,uniform,0.05138370646766188,mean_degree,64,30,0.0666873963515755,0.8333333333333334
shared held-out evaluation seed,0.06746258686880499,-0.11406403756443213,crmf - ALF,0.0123,uniform,0.016062747204393157,degree_variance,64,30,-0.019412737969176662,0.5333333333333333
shared held-out evaluation seed,0.0004985248072492479,0.0002473531496369364,crmf - ALF,0.0123,uniform,0.000377636688939155,radius_temporal_variation,64,30,0.00036952351169283016,0.8666666666666667
shared held-out evaluation seed,-0.00019270833333333333,-0.00040625000000000004,crmf - ALF,0.0123,uniform,-0.00019531250000000007,contact_break_rate,64,30,-0.00029427083333333334,0.03333333333333333
shared held-out evaluation seed,-0.00019270833333333333,-0.00040110677083333334,crmf - ALF,0.0123,uniform,-0.00019531249999999998,neighbor_loss_rate,64,30,-0.0002916666666666667,0.03333333333333333
shared held-out evaluation seed,0.032797665319237154,0.00802996735074626,crmf - ALF,0.0123,uniform,0.008823072139303445,radius_max_saturation_fraction,64,30,0.02027104063018242,0.6333333333333333
shared held-out evaluation seed,0.1,-0.23333333333333334,crmf - ALF,0.0123,uniform,0.0,episode_failure,64,30,-0.06666666666666667,0.1
shared held-out evaluation seed,2.202688619806038e-06,-1.2256704231753219e-05,crmf - ALF,0.0123,uniform,-6.5699414062692345e-06,controller_wall_s_per_agent_step,64,30,-5.065244270828851e-06,0.36666666666666664
shared held-out evaluation seed,0.0630338541666666,-0.051054687499999994,fixed_r_retained - ALF,0.0123,uniform,0.0,final_fragmentation,64,30,0.003125,0.16666666666666666
shared held-out evaluation seed,0.03096438381011609,-0.009792249689054714,fixed_r_retained - ALF,0.0123,uniform,-0.0011271766169153874,mean_fragmentation,64,30,0.011056695688225548,0.4666666666666667
shared held-out evaluation seed,0.033781353648424495,-0.010250375725538977,fixed_r_retained - ALF,0.0123,uniform,0.00621890547263676,mean_largest_scc_fraction,64,30,0.011898839137645091,0.6666666666666666
shared held-out evaluation seed,0.12468976730928696,0.041968672263681665,fixed_r_retained - ALF,0.0123,uniform,0.07346082089552253,mean_degree,64,30,0.0813251451077944,0.7333333333333333
shared held-out evaluation seed,0.3137018635292198,0.01734040216857739,fixed_r_retained - ALF,0.0123,uniform,0.07120023739550085,degree_variance,64,30,0.15701765077719562,0.7333333333333333
shared held-out evaluation seed,-0.00040966697518239755,-0.0006946964380481193,fixed_r_retained - ALF,0.0123,uniform,-0.00047262579725841126,radius_temporal_variation,64,30,-0.0005465602473879417,0.0
shared held-out evaluation seed,-0.00017180989583333368,-0.0003880208333333333,fixed_r_retained - ALF,0.0123,uniform,-0.000234375,contact_break_rate,64,30,-0.00027864583333333333,0.2
shared held-out evaluation seed,-0.0001744140625000003,-0.000390625,fixed_r_retained - ALF,0.0123,uniform,-0.000234375,neighbor_loss_rate,64,30,-0.0002760416666666667,0.2
shared held-out evaluation seed,0.19762671019900496,0.1407899953358209,fixed_r_retained - ALF,0.0123,uniform,0.15613339552238809,radius_max_saturation_fraction,64,30,0.16866449004975123,1.0
shared held-out evaluation seed,0.13333333333333333,-0.2,fixed_r_retained - ALF,0.0123,uniform,0.0,episode_failure,64,30,-0.03333333333333333,0.1
shared held-out evaluation seed,3.255345380205777e-05,1.7351846959627785e-05,fixed_r_retained - ALF,0.0123,uniform,2.4067929687490144e-05,controller_wall_s_per_agent_step,64,30,2.4904372916646853e-05,0.8333333333333334
shared held-out evaluation seed,0.1370052083333332,-0.0171875,crdf - ALF,0.0123,clustered,0.0,final_fragmentation,64,30,0.05677083333333333,0.23333333333333334
shared held-out evaluation seed,0.13660771662520726,0.04501949885986733,crdf - ALF,0.0123,clustered,0.032454912935323404,mean_fragmentation,64,30,0.0894459991708126,0.7666666666666667
shared held-out evaluation seed,-0.038913181488391395,-0.123206169672471,crdf - ALF,0.0123,clustered,-0.03132773631840796,mean_largest_scc_fraction,64,30,-0.07857587064676616,0.03333333333333333
shared held-out evaluation seed,-0.6316649823797676,-0.9857747719734659,crdf - ALF,0.0123,clustered,-0.800256529850746,mean_degree,64,30,-0.8193330223880596,0.06666666666666667
shared held-out evaluation seed,-1.07366099457935,-2.5774563919890356,crdf - ALF,0.0123,clustered,-1.2271552515137312,degree_variance,64,30,-1.7726820217086081,0.16666666666666666
shared held-out evaluation seed,0.012108444115400043,0.010448560639985824,crdf - ALF,0.0123,clustered,0.01157235581316162,radius_temporal_variation,64,30,0.011327068263494071,1.0
shared held-out evaluation seed,0.0019271484374999996,0.0007681640625,crdf - ALF,0.0123,clustered,0.0019140625,contact_break_rate,64,30,0.0013932291666666665,0.9
shared held-out evaluation seed,0.0019818359374999994,0.0007942708333333334,crdf - ALF,0.0123,clustered,0.0018359375,neighbor_loss_rate,64,30,0.0014401041666666666,0.9
shared held-out evaluation seed,-0.0974594475538972,-0.12300774771973466,crdf - ALF,0.0123,clustered,-0.10883084577114428,radius_max_saturation_fraction,64,30,-0.110162728026534,0.0
shared held-out evaluation seed,0.23333333333333334,-0.03333333333333333,crdf - ALF,0.0123,clustered,0.0,episode_failure,64,30,0.1,0.13333333333333333
shared held-out evaluation seed,-7.499541269516526e-06,-2.3086977363250698e-05,crdf - ALF,0.0123,clustered,-1.5685628906183515e-05,controller_wall_s_per_agent_step,64,30,-1.5231480729151296e-05,0.36666666666666664
shared held-out evaluation seed,0.027083333333333334,-0.10364583333333334,crmf - ALF,0.0123,clustered,0.0,final_fragmentation,64,30,-0.03697916666666667,0.06666666666666667
shared held-out evaluation seed,0.030924543946932007,-0.010332128420398011,crmf - ALF,0.0123,clustered,0.0,mean_fragmentation,64,30,0.008522491708126035,0.3
shared held-out evaluation seed,0.012905718801824203,-0.05492919516998342,crmf - ALF,0.0123,clustered,-0.000932835820895539,mean_largest_scc_fraction,64,30,-0.016612251243781097,0.3
shared held-out evaluation seed,-0.4498966754767828,-0.649112639925373,crmf - ALF,0.0123,clustered,-0.5101057213930349,mean_degree,64,30,-0.546087271973466,0.0
shared held-out evaluation seed,-3.9142632294727218,-5.178400808072977,crmf - ALF,0.0123,clustered,-3.8071383332289113,degree_variance,64,30,-4.499168967494101,0.0
shared held-out evaluation seed,0.0010423536972032986,0.0005770645696465463,crmf - ALF,0.0123,clustered,0.0008311764710081327,radius_temporal_variation,64,30,0.0008063306858937018,0.9
shared held-out evaluation seed,0.0011015625,0.0003827473958333332,crmf - ALF,0.0123,clustered,0.0007812499999999994,contact_break_rate,64,30,0.0007395833333333333,0.7
shared held-out evaluation seed,0.0010963541666666667,0.0004061848958333333,crmf - ALF,0.0123,clustered,0.0007812499999999998,neighbor_loss_rate,64,30,0.0007473958333333333,0.7333333333333333
shared held-out evaluation seed,-0.06846231084162521,-0.09121346393034825,crmf - ALF,0.0123,clustered,-0.07497667910447761,radius_max_saturation_fraction,64,30,-0.07946983830845772,0.0
shared held-out evaluation seed,0.03333333333333333,-0.26666666666666666,crmf - ALF,0.0123,clustered,0.0,episode_failure,64,30,-0.1,0.03333333333333333
shared held-out evaluation seed,-1.1418846334616955e-05,-2.7592254602822423e-05,crmf - ALF,0.0123,clustered,-1.3438804687453392e-05,controller_wall_s_per_agent_step,64,30,-1.911695677079213e-05,0.16666666666666666
shared held-out evaluation seed,0.09895833333333333,-0.12239583333333333,fixed_r_retained - ALF,0.0123,clustered,0.0,final_fragmentation,64,30,-0.008854166666666666,0.2
shared held-out evaluation seed,0.06436677290630177,-0.06391907649253731,fixed_r_retained - ALF,0.0123,clustered,-0.009950248756218905,mean_fragmentation,64,30,-0.0012722844112769505,0.3
shared held-out evaluation seed,0.1796109297263681,0.07215893190298509,fixed_r_retained - ALF,0.0123,clustered,0.07373289800995028,mean_largest_scc_fraction,64,30,0.12242174543946932,0.8333333333333334
shared held-out evaluation seed,11.999080379353234,10.610274538764509,fixed_r_retained - ALF,0.0123,clustered,11.370530161691544,mean_degree,64,30,11.290567993366501,1.0
shared held-out evaluation seed,33.06417513987905,28.49962295226177,fixed_r_retained - ALF,0.0123,clustered,30.523869971721965,degree_variance,64,30,30.83428978655644,1.0
shared held-out evaluation seed,-0.0025834333346939995,-0.003364451907482806,fixed_r_retained - ALF,0.0123,clustered,-0.002557254199190873,radius_temporal_variation,64,30,-0.0029351183699049474,0.0
shared held-out evaluation seed,-0.0021742187500000012,-0.0038307291666666667,fixed_r_retained - ALF,0.0123,clustered,-0.0020703125,contact_break_rate,64,30,-0.0029765625,0.03333333333333333
shared held-out evaluation seed,-0.0019789713541666673,-0.0037423177083333336,fixed_r_retained - ALF,0.0123,clustered,-0.0019531249999999998,neighbor_loss_rate,64,30,-0.0028177083333333335,0.06666666666666667
shared held-out evaluation seed,0.8999537468905473,0.8753457322761194,fixed_r_retained - ALF,0.0123,clustered,0.8905472636815921,radius_max_saturation_fraction,64,30,0.8875466417910448,1.0
shared held-out evaluation seed,0.2,-0.23333333333333334,fixed_r_retained - ALF,0.0123,clustered,0.0,episode_failure,64,30,-0.03333333333333333,0.16666666666666666
shared held-out evaluation seed,0.00015265464741537224,0.0001243757926627366,fixed_r_retained - ALF,0.0123,clustered,0.00013900340234371814,controller_wall_s_per_agent_step,64,30,0.00013884022812500046,1.0
shared held-out evaluation seed,0.06302083333333333,0.0036458333333333334,crdf - ALF,0.0204,uniform,0.0,final_fragmentation,64,30,0.030729166666666665,0.16666666666666666
shared held-out evaluation seed,0.09345110385572135,0.03350985955638475,crdf - ALF,0.0204,uniform,0.030045087064676616,mean_fragmentation,64,30,0.05974554311774461,0.9
shared held-out evaluation seed,-0.21000207296849088,-0.2926498367537313,crdf - ALF,0.0204,uniform,-0.22504664179104472,mean_largest_scc_fraction,64,30,-0.24973569651741293,0.0
shared held-out evaluation seed,-1.1633800399046434,-1.3102758343698175,crdf - ALF,0.0204,uniform,-1.2562966417910448,mean_degree,64,30,-1.236932524875622,0.0
shared held-out evaluation seed,-1.8776603282007136,-2.3023903250921474,crdf - ALF,0.0204,uniform,-2.16071171660355,degree_variance,64,30,-2.0859674058820095,0.0
shared held-out evaluation seed,0.030416302922382437,0.027836981942514754,crdf - ALF,0.0204,uniform,0.029026648258611544,radius_temporal_variation,64,30,0.02911922544827733,1.0
shared held-out evaluation seed,0.004500065104166667,0.00384375,crdf - ALF,0.0204,uniform,0.00421875,contact_break_rate,64,30,0.004169270833333334,1.0
shared held-out evaluation seed,0.004471354166666667,0.0038229166666666667,crdf - ALF,0.0204,uniform,0.00421875,neighbor_loss_rate,64,30,0.004151041666666667,1.0
shared held-out evaluation seed,-0.606191697761194,-0.6791043480514096,crdf - ALF,0.0204,uniform,-0.6339008084577115,radius_max_saturation_fraction,64,30,-0.6413168532338308,0.0
shared held-out evaluation seed,0.3,-0.03333333333333333,crdf - ALF,0.0204,uniform,0.0,episode_failure,64,30,0.13333333333333333,0.16666666666666666
shared held-out evaluation seed,-7.07025939454709e-06,-2.0427768587260675e-05,crdf - ALF,0.0204,uniform,-1.0147488281191368e-05,controller_wall_s_per_agent_step,64,30,-1.3729881250014844e-05,0.2
shared held-out evaluation seed,0.0,-0.00625,crmf - ALF,0.0204,uniform,0.0,final_fragmentation,64,30,-0.0020833333333333333,0.0
shared held-out evaluation seed,0.001684416459369818,-0.0021199341832504144,crmf - ALF,0.0204,uniform,0.0,mean_fragmentation,64,30,-0.00020470563847429493,0.16666666666666666
shared held-out evaluation seed,0.030009328358208964,0.0093696232379768,crmf - ALF,0.0204,uniform,0.008512126865671654,mean_largest_scc_fraction,64,30,0.018703358208955228,0.8333333333333334
shared held-out evaluation seed,0.16978117226368158,0.08640223362354892,crmf - ALF,0.0204,uniform,0.12367848258706449,mean_degree,64,30,0.12564780265339962,0.9
shared held-out evaluation seed,-0.29752223961801977,-0.6874023842124869,crmf - ALF,0.0204,uniform,-0.45107736651494545,degree_variance,64,30,-0.4905163105589125,0.16666666666666666
shared held-out evaluation seed,0.0012747440643984646,0.0008290007167881314,crmf - ALF,0.0204,uniform,0.0010729507653077152,radius_temporal_variation,64,30,0.001051547079339706,0.9666666666666667
shared held-out evaluation seed,-0.0003776041666666666,-0.0007291666666666666,crmf - ALF,0.0204,uniform,-0.0005078124999999999,contact_break_rate,64,30,-0.0005598958333333334,0.1
shared held-out evaluation seed,-0.0003828125,-0.0007473958333333333,crmf - ALF,0.0204,uniform,-0.0005078124999999999,neighbor_loss_rate,64,30,-0.0005677083333333334,0.1
shared held-out evaluation seed,-0.015122175580431167,-0.04163596082089552,crmf - ALF,0.0204,uniform,-0.02662468905472637,radius_max_saturation_fraction,64,30,-0.02843335406301823,0.3
shared held-out evaluation seed,0.0,-0.1,crmf - ALF,0.0204,uniform,0.0,episode_failure,64,30,-0.03333333333333333,0.0
shared held-out evaluation seed,-1.8086031902982124e-07,-1.530544535808752e-05,crmf - ALF,0.0204,uniform,-9.535429687517198e-06,controller_wall_s_per_agent_step,64,30,-7.438754166661477e-06,0.3333333333333333
shared held-out evaluation seed,0.0,0.0,fixed_r_retained - ALF,0.0204,uniform,0.0,final_fragmentation,64,30,0.0,0.0
shared held-out evaluation seed,0.002342713515754559,-0.008582154332504147,fixed_r_retained - ALF,0.0204,uniform,0.0,mean_fragmentation,64,30,-0.0029565713101160867,0.3333333333333333
shared held-out evaluation seed,0.03868217506218906,0.014629392101990055,fixed_r_retained - ALF,0.0204,uniform,0.013642723880597007,mean_largest_scc_fraction,64,30,0.025722947761194038,0.8
shared held-out evaluation seed,0.39802724657960187,0.2499163038971807,fixed_r_retained - ALF,0.0204,uniform,0.2700171019900497,mean_degree,64,30,0.32106135986733,1.0
shared held-out evaluation seed,1.139109982594976,0.3683780331616867,fixed_r_retained - ALF,0.0204,uniform,0.5124088773715377,degree_variance,64,30,0.7250603971230085,0.8
shared held-out evaluation seed,-0.0009797509804340995,-0.0013110067799230866,fixed_r_retained - ALF,0.0204,uniform,-0.001077295474457738,radius_temporal_variation,64,30,-0.001144687285671173,0.0
shared held-out evaluation seed,-0.0004895833333333333,-0.000828125,fixed_r_retained - ALF,0.0204,uniform,-0.000546875,contact_break_rate,64,30,-0.0006588541666666666,0.06666666666666667
shared held-out evaluation seed,-0.0004895833333333333,-0.0008333333333333333,fixed_r_retained - ALF,0.0204,uniform,-0.000625,neighbor_loss_rate,64,30,-0.0006640624999999999,0.06666666666666667
shared held-out evaluation seed,0.3700744325248756,0.29880545190713104,fixed_r_retained - ALF,0.0204,uniform,0.34149564676616917,radius_max_saturation_fraction,64,30,0.33595563847429516,1.0
shared held-out evaluation seed,0.0,0.0,fixed_r_retained - ALF,0.0204,uniform,0.0,episode_failure,64,30,0.0,0.0
shared held-out evaluation seed,6.046044303345251e-06,-9.248823567744799e-06,fixed_r_retained - ALF,0.0204,uniform,-9.424570311722174e-07,controller_wall_s_per_agent_step,64,30,-1.4249911458676903e-06,0.4666666666666667
shared held-out evaluation seed,0.07136718749999993,-0.030742187499999997,crdf - ALF,0.0204,clustered,0.0,final_fragmentation,64,30,0.018229166666666668,0.1
shared held-out evaluation seed,0.16466696465588723,0.07216268915837482,crdf - ALF,0.0204,clustered,0.08294465174129353,mean_fragmentation,64,30,0.11614324212271974,0.7666666666666667
shared held-out evaluation seed,-0.0016359608208955626,-0.09475253938640132,crdf - ALF,0.0204,clustered,0.0,mean_largest_scc_fraction,64,30,-0.04380441542288557,0.3
shared held-out evaluation seed,0.5280451907131011,0.14988028606965195,crdf - ALF,0.0204,clustered,0.28428171641791034,mean_degree,64,30,0.3384406094527364,0.8
shared held-out evaluation seed,-0.6774175477497834,-1.8690770065090951,crdf - ALF,0.0204,clustered,-1.3123407112496055,degree_variance,64,30,-1.2597723618655918,0.2
shared held-out evaluation seed,0.008043115724817276,0.006678901296535919,crdf - ALF,0.0204,clustered,0.007117838814771632,radius_temporal_variation,64,30,0.007358278378641094,1.0
shared held-out evaluation seed,-0.000723893229166667,-0.0022553385416666668,crdf - ALF,0.0204,clustered,-0.0008984374999999999,contact_break_rate,64,30,-0.0014114583333333334,0.16666666666666666
shared held-out evaluation seed,-0.0005624348958333338,-0.0020442708333333333,crdf - ALF,0.0204,clustered,-0.0008203125000000003,neighbor_loss_rate,64,30,-0.0012578125,0.16666666666666666
shared held-out evaluation seed,-0.03015301098673301,-0.046184248030679935,crdf - ALF,0.0204,clustered,-0.03109452736318408,radius_max_saturation_fraction,64,30,-0.03797937396351576,0.0
shared held-out evaluation seed,0.13333333333333333,-0.13333333333333333,crdf - ALF,0.0204,clustered,0.0,episode_failure,64,30,0.0,0.06666666666666667
shared held-out evaluation seed,7.888618710990278e-06,-5.44002143880888e-06,crdf - ALF,0.0204,clustered,-3.295156250260507e-07,controller_wall_s_per_agent_step,64,30,1.332515885422937e-06,0.5
shared held-out evaluation seed,0.019270833333333334,-0.0203125,crmf - ALF,0.0204,clustered,0.0,final_fragmentation,64,30,-0.0005208333333333333,0.03333333333333333
shared held-out evaluation seed,0.086126334473466,0.03347779332504146,crmf - ALF,0.0204,clustered,0.019667288557213933,mean_fragmentation,64,30,0.05817526948590382,0.7
shared held-out evaluation seed,0.0026430996061359356,-0.075940544672471,crmf - ALF,0.0204,clustered,0.0,mean_largest_scc_fraction,64,30,-0.03397854477611941,0.36666666666666664
shared held-out evaluation seed,-0.5878757255389718,-0.7494974347014922,crmf - ALF,0.0204,clustered,-0.6582711442786069,mean_degree,64,30,-0.6686644900497511,0.0
shared held-out evaluation seed,-4.6686942237786075,-6.234399809184853,crmf - ALF,0.0204,clustered,-4.979754103418889,degree_variance,64,30,-5.423562629246297,0.0
shared held-out evaluation seed,0.0006755314600748601,0.0002629541482212281,crmf - ALF,0.0204,clustered,0.0004772382117541596,radius_temporal_variation,64,30,0.00047614562317803525,0.8333333333333334
shared held-out evaluation seed,0.0010313151041666667,0.00021354166666666687,crmf - ALF,0.0204,clustered,0.0008984374999999995,contact_break_rate,64,30,0.0006380208333333334,0.7333333333333333
shared held-out evaluation seed,0.0010703124999999996,0.00022389322916666646,crmf - ALF,0.0204,clustered,0.0009765625,neighbor_loss_rate,64,30,0.0006562499999999998,0.7333333333333333
shared held-out evaluation seed,-0.025742381840796028,-0.039770094838308456,crmf - ALF,0.0204,clustered,-0.03109452736318408,radius_max_saturation_fraction,64,30,-0.032711442786069654,0.0
shared held-out evaluation seed,0.0,-0.1,crmf - ALF,0.0204,clustered,0.0,episode_failure,64,30,-0.03333333333333333,0.0
shared held-out evaluation seed,-6.967287819020865e-06,-2.2909502871091075e-05,crmf - ALF,0.0204,clustered,-1.48158476563509e-05,controller_wall_s_per_agent_step,64,30,-1.4985045052076395e-05,0.16666666666666666
shared held-out evaluation seed,-0.0359375,-0.25578125,fixed_r_retained - ALF,0.0204,clustered,0.0,final_fragmentation,64,30,-0.14583333333333334,0.16666666666666666
shared held-out evaluation seed,-0.04261790008291892,-0.1499440946310116,fixed_r_retained - ALF,0.0204,clustered,-0.046019900497512436,mean_fragmentation,64,30,-0.09674543946932007,0.13333333333333333
shared held-out evaluation seed,0.3170928560323383,0.1806218257669983,fixed_r_retained - ALF,0.0204,clustered,0.2456078980099503,mean_largest_scc_fraction,64,30,0.24700196932006635,0.9333333333333333
shared held-out evaluation seed,17.40058820480929,16.2473031975539,fixed_r_retained - ALF,0.0204,clustered,16.81778606965174,mean_degree,64,30,16.80892672056385,1.0
shared held-out evaluation seed,24.796389867693318,20.39952005720996,fixed_r_retained - ALF,0.0204,clustered,22.316652118904468,degree_variance,64,30,22.52203403897574,1.0
shared held-out evaluation seed,-0.002591257236060281,-0.003512228379771012,fixed_r_retained - ALF,0.0204,clustered,-0.002596079726432848,radius_temporal_variation,64,30,-0.0030302456560297336,0.0
shared held-out evaluation seed,-0.002619791666666667,-0.0044218750000000005,fixed_r_retained - ALF,0.0204,clustered,-0.00296875,contact_break_rate,64,30,-0.003463541666666667,0.0
shared held-out evaluation seed,-0.002195247395833334,-0.0039869791666666664,fixed_r_retained - ALF,0.0204,clustered,-0.0026171874999999997,neighbor_loss_rate,64,30,-0.003033854166666667,0.06666666666666667
shared held-out evaluation seed,0.9681669776119403,0.9524860074626865,fixed_r_retained - ALF,0.0204,clustered,0.960898631840796,radius_max_saturation_fraction,64,30,0.9602119610281924,1.0
shared held-out evaluation seed,-0.13250000000000453,-0.5333333333333333,fixed_r_retained - ALF,0.0204,clustered,0.0,episode_failure,64,30,-0.3333333333333333,0.06666666666666667
shared held-out evaluation seed,0.00021808384854166564,0.00019557468912109868,fixed_r_retained - ALF,0.0204,clustered,0.00020883340625012177,controller_wall_s_per_agent_step,64,30,0.0002068944520833469,1.0
shared held-out evaluation seed,0.00625,-0.003125,crdf - ALF,0.0331,uniform,0.0,final_fragmentation,64,30,0.0010416666666666667,0.03333333333333333
shared held-out evaluation seed,0.015955055451907126,0.0018935271558872305,crdf - ALF,0.0331,uniform,0.0,mean_fragmentation,64,30,0.008232276119402986,0.36666666666666664
shared held-out evaluation seed,-0.06061871631426204,-0.1052092402570481,crdf - ALF,0.0331,uniform,-0.07093439054726369,mean_largest_scc_fraction,64,30,-0.08213619402985077,0.0
shared held-out evaluation seed,-1.8577978596600333,-2.026885818304312,crdf - ALF,0.0331,uniform,-1.913790422885572,mean_degree,64,30,-1.9443019278606966,0.0
shared held-out evaluation seed,-2.667617534832808,-3.390320269296035,crdf - ALF,0.0331,uniform,-2.7226858936186216,degree_variance,64,30,-3.004792714954779,0.0
shared held-out evaluation seed,0.02650621736577365,0.023751766274007005,crdf - ALF,0.0331,uniform,0.02441809253058439,radius_temporal_variation,64,30,0.02508307528029669,1.0
shared held-out evaluation seed,0.006932291666666666,0.0058125,crdf - ALF,0.0331,uniform,0.0066015625,contact_break_rate,64,30,0.006359375,1.0
shared held-out evaluation seed,0.006919401041666666,0.0058176432291666665,crdf - ALF,0.0331,uniform,0.0066796875,neighbor_loss_rate,64,30,0.006390625,1.0
shared held-out evaluation seed,-0.37604399875621897,-0.43981414541873964,crdf - ALF,0.0331,uniform,-0.4047730099502488,radius_max_saturation_fraction,64,30,-0.40847584991708125,0.0
shared held-out evaluation seed,0.1,-0.1,crdf - ALF,0.0331,uniform,0.0,episode_failure,64,30,0.0,0.03333333333333333
shared held-out evaluation seed,-1.845670610679746e-05,-3.008485858071086e-05,crdf - ALF,0.0331,uniform,-2.1638589843675515e-05,controller_wall_s_per_agent_step,64,30,-2.408995859375788e-05,0.0
shared held-out evaluation seed,0.001054687499999929,-0.003125,crmf - ALF,0.0331,uniform,0.0,final_fragmentation,64,30,-0.0005208333333333333,0.03333333333333333
shared held-out evaluation seed,0.00022550010364842419,-0.001519226782752902,crmf - ALF,0.0331,uniform,0.0,mean_fragmentation,64,30,-0.00045605306799336646,0.03333333333333333
shared held-out evaluation seed,0.005804700456053058,0.0005363805970149294,crmf - ALF,0.0331,uniform,0.0,mean_largest_scc_fraction,64,30,0.0028062810945273632,0.16666666666666666
shared held-out evaluation seed,0.0852448046227197,-0.06709454031923709,crmf - ALF,0.0331,uniform,-0.004081156716418288,mean_degree,64,30,0.010496994195688222,0.5
shared held-out evaluation seed,-2.1089545620784778,-2.865165155126135,crmf - ALF,0.0331,uniform,-2.350751797942424,degree_variance,64,30,-2.448547652032837,0.0
shared held-out evaluation seed,0.0021887539875020397,0.0017553430638098998,crmf - ALF,0.0331,uniform,0.0020717325198450387,radius_temporal_variation,64,30,0.00197568996335818,1.0
shared held-out evaluation seed,-7.805989583333363e-05,-0.0005651041666666667,crmf - ALF,0.0331,uniform,-0.00031250000000000006,contact_break_rate,64,30,-0.0003098958333333333,0.3
shared held-out evaluation seed,-8.854166666666667e-05,-0.0005911458333333332,crmf - ALF,0.0331,uniform,-0.00039062500000000013,neighbor_loss_rate,64,30,-0.0003307291666666666,0.36666666666666664
shared held-out evaluation seed,-0.13547296071724713,-0.1773151819029851,crmf - ALF,0.0331,uniform,-0.1637126865671642,radius_max_saturation_fraction,64,30,-0.1568692993366501,0.0
shared held-out evaluation seed,0.1,-0.1,crmf - ALF,0.0331,uniform,0.0,episode_failure,64,30,0.0,0.03333333333333333
shared held-out evaluation seed,1.5746834896122617e-06,-1.449605970702912e-05,crmf - ALF,0.0331,uniform,-8.153097656347095e-06,controller_wall_s_per_agent_step,64,30,-6.41919895834065e-06,0.36666666666666664
shared held-out evaluation seed,0.0,-0.003125,fixed_r_retained - ALF,0.0331,uniform,0.0,final_fragmentation,64,30,-0.0010416666666666667,0.0
shared held-out evaluation seed,-2.072968490878938e-05,-0.0022081001243781095,fixed_r_retained - ALF,0.0331,uniform,0.0,mean_fragmentation,64,30,-0.0009950248756218905,0.03333333333333333
shared held-out evaluation seed,0.008556242226368159,0.001487160551409619,fixed_r_retained - ALF,0.0331,uniform,0.0,mean_largest_scc_fraction,64,30,0.004607172470978442,0.3
shared held-out evaluation seed,1.3549991578565501,1.115081558354063,fixed_r_retained - ALF,0.0331,uniform,1.1700481965174125,mean_degree,64,30,1.2281327736318408,1.0
shared held-out evaluation seed,2.1105691530762662,0.9027285208360245,fixed_r_retained - ALF,0.0331,uniform,0.9821892250162823,degree_variance,64,30,1.4759679773019618,0.8333333333333334
shared held-out evaluation seed,-0.0018757580358537906,-0.002327391070381428,fixed_r_retained - ALF,0.0331,uniform,-0.0018770702543158043,radius_temporal_variation,64,30,-0.0020961287318360697,0.0
shared held-out evaluation seed,-0.0013514973958333335,-0.0019374999999999998,fixed_r_retained - ALF,0.0331,uniform,-0.001484375,contact_break_rate,64,30,-0.001640625,0.03333333333333333
shared held-out evaluation seed,-0.0013775390625000003,-0.0019270833333333334,fixed_r_retained - ALF,0.0331,uniform,-0.001484375,neighbor_loss_rate,64,30,-0.0016510416666666665,0.03333333333333333
shared held-out evaluation seed,0.6172030472636816,0.5555675399046434,fixed_r_retained - ALF,0.0331,uniform,0.5881529850746269,radius_max_saturation_fraction,64,30,0.5870283996683251,1.0
shared held-out evaluation seed,0.0,-0.1,fixed_r_retained - ALF,0.0331,uniform,0.0,episode_failure,64,30,-0.03333333333333333,0.0
shared held-out evaluation seed,3.1576296139328504e-05,1.44968948763264e-05,fixed_r_retained - ALF,0.0331,uniform,3.104406640623835e-05,controller_wall_s_per_agent_step,64,30,2.2870124218764926e-05,0.7666666666666667
shared held-out evaluation seed,0.16667968749999992,0.033854166666666664,crdf - ALF,0.0331,clustered,0.0,final_fragmentation,64,30,0.1,0.23333333333333334
shared held-out evaluation seed,0.15129405058043116,0.06492291148424542,crdf - ALF,0.0331,clustered,0.06829135572139303,mean_fragmentation,64,30,0.1068278399668325,0.7
shared held-out evaluation seed,0.06607781405472636,-0.02844326544361525,crdf - ALF,0.0331,clustered,0.002293221393034839,mean_largest_scc_fraction,64,30,0.01834317993366501,0.5333333333333333
shared held-out evaluation seed,1.951693291355721,1.4053193019278607,crdf - ALF,0.0331,clustered,1.618703358208955,mean_degree,64,30,1.6685012437810944,1.0
shared held-out evaluation seed,0.7029110403868113,-1.4759107228376185,crdf - ALF,0.0331,clustered,-0.14032670561120897,degree_variance,64,30,-0.36838214880845566,0.5
shared held-out evaluation seed,0.005557416603031876,0.004336629865269721,crdf - ALF,0.0331,clustered,0.004866707678263016,radius_temporal_variation,64,30,0.004966613346214899,1.0
shared held-out evaluation seed,-0.0026328124999999997,-0.0040885416666666665,crdf - ALF,0.0331,clustered,-0.0025390625,contact_break_rate,64,30,-0.003333333333333333,0.0
shared held-out evaluation seed,-0.002479166666666667,-0.003968815104166667,crdf - ALF,0.0331,clustered,-0.002578125,neighbor_loss_rate,64,30,-0.0031744791666666666,0.0
shared held-out evaluation seed,-0.005472377694859041,-0.013995581985903815,crdf - ALF,0.0331,clustered,-0.0010494402985074627,radius_max_saturation_fraction,64,30,-0.009649668325041461,0.0
shared held-out evaluation seed,0.36666666666666664,0.06666666666666667,crdf - ALF,0.0331,clustered,0.0,episode_failure,64,30,0.2,0.2
shared held-out evaluation seed,1.9008495306024163e-05,4.334987415395137e-06,crdf - ALF,0.0331,clustered,9.261621093727953e-06,controller_wall_s_per_agent_step,64,30,1.162959401043414e-05,0.7
shared held-out evaluation seed,0.17447916666666666,0.042708333333333334,crmf - ALF,0.0331,clustered,0.0,final_fragmentation,64,30,0.10364583333333334,0.3
shared held-out evaluation seed,0.07873341625207293,0.02174479166666666,crmf - ALF,0.0331,clustered,0.0037702114427860586,mean_fragmentation,64,30,0.04778451492537313,0.5666666666666667
shared held-out evaluation seed,0.04407344786484241,-0.027356058250414587,crmf - ALF,0.0331,clustered,0.0,mean_largest_scc_fraction,64,30,0.008729788557213933,0.36666666666666664
shared held-out evaluation seed,-0.7498187448175787,-0.9808031457296852,crmf - ALF,0.0331,clustered,-0.8628342661691542,mean_degree,64,30,-0.8654254767827528,0.0
shared held-out evaluation seed,-5.349778396209754,-7.348574679060516,crmf - ALF,0.0331,clustered,-5.918201910611742,degree_variance,64,30,-6.334997223110131,0.0
shared held-out evaluation seed,0.0005486123805162352,8.528029748817199e-05,crmf - ALF,0.0331,clustered,0.00037836636459305083,radius_temporal_variation,64,30,0.00032869984071390843,0.7333333333333333
shared held-out evaluation seed,0.0019766276041666662,0.0009947265625000002,crmf - ALF,0.0331,clustered,0.0015234374999999996,contact_break_rate,64,30,0.0014609375,0.8666666666666667
shared held-out evaluation seed,0.001966145833333333,0.0009608723958333331,crmf - ALF,0.0331,clustered,0.0015234375,neighbor_loss_rate,64,30,0.0014401041666666666,0.8333333333333334
shared held-out evaluation seed,-0.004677070377280265,-0.012899046434494195,crmf - ALF,0.0331,clustered,-0.00023320895522388057,radius_max_saturation_fraction,64,30,-0.008605410447761195,0.0
shared held-out evaluation seed,0.43333333333333335,0.13250000000000006,crmf - ALF,0.0331,clustered,0.0,episode_failure,64,30,0.26666666666666666,0.26666666666666666
shared held-out evaluation seed,-1.5360094036399726e-05,-3.210219503249038e-05,crmf - ALF,0.0331,clustered,-2.8618046875052996e-05,controller_wall_s_per_agent_step,64,30,-2.353954166664588e-05,0.2
shared held-out evaluation seed,-0.03177083333333333,-0.23072916666666668,fixed_r_retained - ALF,0.0331,clustered,0.0,final_fragmentation,64,30,-0.13229166666666667,0.06666666666666667
shared held-out evaluation seed,-0.06811236784825872,-0.17891007203565504,fixed_r_retained - ALF,0.0331,clustered,-0.06440453980099503,mean_fragmentation,64,30,-0.12274564676616916,0.06666666666666667
shared held-out evaluation seed,0.37092298922056377,0.239729801513267,fixed_r_retained - ALF,0.0331,clustered,0.33799751243781095,mean_largest_scc_fraction,64,30,0.30585095356550585,0.9666666666666667
shared held-out evaluation seed,21.983802148113597,20.965102935841625,fixed_r_retained - ALF,0.0331,clustered,21.272815609452735,mean_degree,64,30,21.464536691542285,1.0
shared held-out evaluation seed,12.520548677073771,5.91850080564815,fixed_r_retained - ALF,0.0331,clustered,7.786101908929389,degree_variance,64,30,9.044594125129302,0.9
shared held-out evaluation seed,-0.00246135725549346,-0.003499813622655999,fixed_r_retained - ALF,0.0331,clustered,-0.002446604156369162,radius_temporal_variation,64,30,-0.002959643159939064,0.0
shared held-out evaluation seed,-0.0024478515625,-0.0047839843750000005,fixed_r_retained - ALF,0.0331,clustered,-0.0034374999999999996,contact_break_rate,64,30,-0.003653645833333333,0.1
shared held-out evaluation seed,-0.0018801432291666673,-0.004127604166666667,fixed_r_retained - ALF,0.0331,clustered,-0.00296875,neighbor_loss_rate,64,30,-0.0029921875,0.13333333333333333
shared held-out evaluation seed,0.9942377953980099,0.985885287106136,fixed_r_retained - ALF,0.0331,clustered,0.9988728233830846,radius_max_saturation_fraction,64,30,0.9902674129353234,1.0
shared held-out evaluation seed,-0.06666666666666667,-0.4666666666666667,fixed_r_retained - ALF,0.0331,clustered,0.0,episode_failure,64,30,-0.26666666666666666,0.06666666666666667
shared held-out evaluation seed,0.0002636122077017799,0.00024021321003248844,fixed_r_retained - ALF,0.0331,clustered,0.0002484709062500911,controller_wall_s_per_agent_step,64,30,0.0002524498143228821,1.0
shared held-out evaluation seed,0.19270833333333334,0.05754557291666666,crdf - ALF,0.0123,uniform,0.09765625,final_fragmentation,128,30,0.12369791666666667,0.7
shared held-out evaluation seed,0.1566982470460199,0.07384202036691544,crdf - ALF,0.0123,uniform,0.11306747512437812,mean_fragmentation,128,30,0.11382799543946934,0.8666666666666667
shared held-out evaluation seed,-0.20739084525290213,-0.2825480669568822,crdf - ALF,0.0123,uniform,-0.24832866915422885,mean_largest_scc_fraction,128,30,-0.24624792703150913,0.0
shared held-out evaluation seed,-0.6908471639199835,-0.745732761971393,crdf - ALF,0.0123,uniform,-0.726407027363184,mean_degree,128,30,-0.7189806177446102,0.0
shared held-out evaluation seed,-1.338713515195841,-1.5380211205716683,crdf - ALF,0.0123,uniform,-1.3952552812594754,degree_variance,128,30,-1.4365456435746935,0.0
shared held-out evaluation seed,0.029380303033912227,0.02788694010224387,crdf - ALF,0.0123,uniform,0.02836006572111636,radius_temporal_variation,128,30,0.028629171835617643,1.0
shared held-out evaluation seed,0.0026119791666666665,0.0023007486979166668,crdf - ALF,0.0123,uniform,0.0024609375,contact_break_rate,128,30,0.002453125,1.0
shared held-out evaluation seed,0.002540397135416667,0.0022395833333333334,crdf - ALF,0.0123,uniform,0.002421875,neighbor_loss_rate,128,30,0.00239453125,1.0
shared held-out evaluation seed,-0.7208011051513267,-0.7654102858105306,crdf - ALF,0.0123,uniform,-0.7362406716417911,radius_max_saturation_fraction,128,30,-0.7441866189883914,0.0
shared held-out evaluation seed,0.16666666666666666,-0.1,crdf - ALF,0.0123,uniform,0.0,episode_failure,128,30,0.03333333333333333,0.1
shared held-out evaluation seed,5.513822734374286e-06,-1.570998779621467e-05,crdf - ALF,0.0123,uniform,-9.318193359391129e-06,controller_wall_s_per_agent_step,128,30,-5.7460714843742135e-06,0.3333333333333333
shared held-out evaluation seed,0.056256510416666634,-0.047662760416666665,crmf - ALF,0.0123,uniform,0.0,final_fragmentation,128,30,0.0020833333333333333,0.16666666666666666
shared held-out evaluation seed,0.023840886712271973,-0.01673488028606964,crmf - ALF,0.0123,uniform,-0.00013603855721393276,mean_fragmentation,128,30,0.0030615153399668454,0.4666666666666667
shared held-out evaluation seed,0.03351785991915421,-0.001070979736733,crmf - ALF,0.0123,uniform,0.010591573383084585,mean_largest_scc_fraction,128,30,0.015670346185737975,0.7
shared held-out evaluation seed,0.08309500673714759,0.04502150704809292,crmf - ALF,0.0123,uniform,0.05793299129353224,mean_degree,128,30,0.06394589552238808,0.8666666666666667
shared held-out evaluation seed,0.11004551017966865,-0.00953971038247049,crmf - ALF,0.0123,uniform,0.06672402983334269,degree_variance,128,30,0.05344139247613633,0.7
shared held-out evaluation seed,0.00039325156393824534,0.00019910362205317173,crmf - ALF,0.0123,uniform,0.00026073479190313794,radius_temporal_variation,128,30,0.0002924426552322705,0.8666666666666667
shared held-out evaluation seed,-0.00017578125,-0.0003372395833333333,crmf - ALF,0.0123,uniform,-0.00019531250000000007,contact_break_rate,128,30,-0.00024479166666666665,0.0
shared held-out evaluation seed,-0.00017317708333333332,-0.0003359375,crmf - ALF,0.0123,uniform,-0.00019531249999999996,neighbor_loss_rate,128,30,-0.00024609374999999995,0.0
shared held-out evaluation seed,0.020184818097014917,0.006489233519900508,crmf - ALF,0.0123,uniform,0.011504975124378092,radius_max_saturation_fraction,128,30,0.013408219320066332,0.6333333333333333
shared held-out evaluation seed,0.1,-0.1,crmf - ALF,0.0123,uniform,0.0,episode_failure,128,30,0.0,0.03333333333333333
shared held-out evaluation seed,8.376507708335096e-06,-1.8514197340492562e-05,crmf - ALF,0.0123,uniform,1.6635449218327554e-06,controller_wall_s_per_agent_step,128,30,-4.891626302082833e-06,0.5666666666666667
shared held-out evaluation seed,0.07188151041666663,-0.03515625,fixed_r_retained - ALF,0.0123,uniform,0.0,final_fragmentation,128,30,0.01484375,0.3
shared held-out evaluation seed,0.022089163557213926,-0.028869195688225532,fixed_r_retained - ALF,0.0123,uniform,-0.0021183146766169253,mean_fragmentation,128,30,-0.002110541044776108,0.43333333333333335
shared held-out evaluation seed,0.04795527570480929,-0.0025074497305140834,fixed_r_retained - ALF,0.0123,uniform,0.013856498756218943,mean_largest_scc_fraction,128,30,0.0220848880597015,0.6333333333333333
shared held-out evaluation seed,0.11148716055140968,0.052696089863184095,fixed_r_retained - ALF,0.0123,uniform,0.07863028606965172,mean_degree,128,30,0.08230332711442791,0.8333333333333334
shared held-out evaluation seed,0.3158760158662541,0.15065996834845494,fixed_r_retained - ALF,0.0123,uniform,0.1751748187917107,degree_variance,128,30,0.22773805328429822,0.8666666666666667
shared held-out evaluation seed,-0.0005079553006456703,-0.0007820868102243334,fixed_r_retained - ALF,0.0123,uniform,-0.0005877128538555712,radius_temporal_variation,128,30,-0.0006331312457322322,0.0
shared held-out evaluation seed,-0.00014713541666666664,-0.00032421874999999996,fixed_r_retained - ALF,0.0123,uniform,-0.0001953125,contact_break_rate,128,30,-0.00022916666666666664,0.16666666666666666
shared held-out evaluation seed,-0.00014843750000000002,-0.0003177083333333333,fixed_r_retained - ALF,0.0123,uniform,-0.0001953125,neighbor_loss_rate,128,30,-0.00023046875000000001,0.13333333333333333
shared held-out evaluation seed,0.1811453798714759,0.13361775108830842,fixed_r_retained - ALF,0.0123,uniform,0.14581389925373134,radius_max_saturation_fraction,128,30,0.15592868988391376,1.0
shared held-out evaluation seed,0.13333333333333333,-0.2,fixed_r_retained - ALF,0.0123,uniform,0.0,episode_failure,128,30,-0.03333333333333333,0.1
shared held-out evaluation seed,1.3444228909529472e-05,-1.5549046513694256e-05,fixed_r_retained - ALF,0.0123,uniform,8.88994726558676e-06,controller_wall_s_per_agent_step,128,30,-8.234782552089222e-07,0.6
shared held-out evaluation seed,0.11563151041666664,-0.025527343749999997,crdf - ALF,0.0123,clustered,0.0,final_fragmentation,128,30,0.044270833333333336,0.26666666666666666
shared held-out evaluation seed,0.0847130558146766,0.014760960820895518,crdf - ALF,0.0123,clustered,0.01212686567164177,mean_fragmentation,128,30,0.04938976990049751,0.6
shared held-out evaluation seed,-0.04245743936567164,-0.14039924077529023,crdf - ALF,0.0123,clustered,-0.02114427860696516,mean_largest_scc_fraction,128,30,-0.08684442371475955,0.1
shared held-out evaluation seed,-0.38793260261194046,-0.6662215614635157,crdf - ALF,0.0123,clustered,-0.5266052549751241,mean_degree,128,30,-0.5248937603648424,0.1
shared held-out evaluation seed,-0.9707643154760511,-2.050477320935452,crdf - ALF,0.0123,clustered,-1.6090178572421339,degree_variance,128,30,-1.520823374173262,0.2
shared held-out evaluation seed,0.01054969308336356,0.009404494065451413,crdf - ALF,0.0123,clustered,0.009872308014944892,radius_temporal_variation,128,30,0.009983855567837645,1.0
shared held-out evaluation seed,0.0005026692708333332,-0.00046103515625,crdf - ALF,0.0123,clustered,5.859375000000005e-05,contact_break_rate,128,30,3.906250000000006e-05,0.5333333333333333
shared held-out evaluation seed,0.0005469075520833332,-0.0004765950520833332,crdf - ALF,0.0123,clustered,0.00013671875000000012,neighbor_loss_rate,128,30,8.854166666666669e-05,0.5666666666666667
shared held-out evaluation seed,-0.08949879508706467,-0.10321714992744611,crdf - ALF,0.0123,clustered,-0.09330301616915423,radius_max_saturation_fraction,128,30,-0.09636582711442786,0.0
shared held-out evaluation seed,0.23333333333333334,-0.1,crdf - ALF,0.0123,clustered,0.0,episode_failure,128,30,0.06666666666666667,0.13333333333333333
shared held-out evaluation seed,-3.147293925794705e-06,-1.2523470748712677e-05,crdf - ALF,0.0123,clustered,-5.967869140626229e-06,controller_wall_s_per_agent_step,128,30,-7.688729817722628e-06,0.3333333333333333
shared held-out evaluation seed,0.0583463541666666,-0.03958333333333333,crmf - ALF,0.0123,clustered,0.0,final_fragmentation,128,30,0.008072916666666667,0.1
shared held-out evaluation seed,0.02218766195066331,-0.023177698745854056,crmf - ALF,0.0123,clustered,0.0,mean_fragmentation,128,30,-0.0007605203150912113,0.3
shared held-out evaluation seed,0.0011853816853233784,-0.06933273087686566,crmf - ALF,0.0123,clustered,0.0,mean_largest_scc_fraction,128,30,-0.029087634742951902,0.4666666666666667
shared held-out evaluation seed,-0.42973044931592047,-0.5867881944444444,crmf - ALF,0.0123,clustered,-0.4915656094527363,mean_degree,128,30,-0.5060245646766169,0.0
shared held-out evaluation seed,-4.6205150078456025,-5.711062909391738,crmf - ALF,0.0123,clustered,-4.894052105668022,degree_variance,128,30,-5.168614582152946,0.0
shared held-out evaluation seed,0.0008745597689771516,0.00054027987202385,crmf - ALF,0.0123,clustered,0.0006928134082135906,radius_temporal_variation,128,30,0.0007098246380701066,0.9333333333333333
shared held-out evaluation seed,0.0002526367187499999,-0.0003919596354166667,crmf - ALF,0.0123,clustered,-0.00027343750000000024,contact_break_rate,128,30,-7.16145833333333e-05,0.43333333333333335
shared held-out evaluation seed,0.00020055338541666656,-0.0004700520833333333,crmf - ALF,0.0123,clustered,-0.0003320312500000003,neighbor_loss_rate,128,30,-0.00013671875000000004,0.4
shared held-out evaluation seed,-0.04188189909825872,-0.051985612303068,crmf - ALF,0.0123,clustered,-0.046641791044776115,radius_max_saturation_fraction,128,30,-0.0470810012437811,0.0
shared held-out evaluation seed,0.13333333333333333,-0.13333333333333333,crmf - ALF,0.0123,clustered,0.0,episode_failure,128,30,0.0,0.06666666666666667
shared held-out evaluation seed,4.6897206053910937e-07,-2.377128413737807e-05,crmf - ALF,0.0123,clustered,-8.627558593694558e-06,controller_wall_s_per_agent_step,128,30,-1.1561989713548829e-05,0.4
shared held-out evaluation seed,0.060162760416666634,-0.1080859375,fixed_r_retained - ALF,0.0123,clustered,0.0,final_fragmentation,128,30,-0.02421875,0.13333333333333333
shared held-out evaluation seed,0.0409375,-0.01765903555140961,fixed_r_retained - ALF,0.0123,clustered,0.0,mean_fragmentation,128,30,0.0095771144278607,0.26666666666666666
shared held-out evaluation seed,0.10498458229684901,0.006415157286484252,fixed_r_retained - ALF,0.0123,clustered,0.02229088930348258,mean_largest_scc_fraction,128,30,0.05433639096185738,0.7333333333333333
shared held-out evaluation seed,16.696738184079603,15.10645975849917,fixed_r_retained - ALF,0.0123,clustered,16.251671330845774,mean_degree,128,30,15.920004145936982,1.0
shared held-out evaluation seed,106.03133438871886,89.05647738578018,fixed_r_retained - ALF,0.0123,clustered,101.28786075356273,degree_variance,128,30,97.7561824129927,1.0
shared held-out evaluation seed,-0.0031186888821035505,-0.0037916497361395354,fixed_r_retained - ALF,0.0123,clustered,-0.0033914903058185,radius_temporal_variation,128,30,-0.0034431607538607787,0.0
shared held-out evaluation seed,-0.003244563802083334,-0.004515625,fixed_r_retained - ALF,0.0123,clustered,-0.00353515625,contact_break_rate,128,30,-0.0038515625,0.0
shared held-out evaluation seed,-0.003423111979166667,-0.0047006835937499995,fixed_r_retained - ALF,0.0123,clustered,-0.0035546874999999997,neighbor_loss_rate,128,30,-0.004022135416666667,0.0
shared held-out evaluation seed,0.8995816166563018,0.8863275419776118,fixed_r_retained - ALF,0.0123,clustered,0.8976601368159205,radius_max_saturation_fraction,128,30,0.8929739324212272,1.0
shared held-out evaluation seed,0.06666666666666667,-0.26666666666666666,fixed_r_retained - ALF,0.0123,clustered,0.0,episode_failure,128,30,-0.1,0.06666666666666667
shared held-out evaluation seed,0.00019618249533851365,0.00016376579671872584,fixed_r_retained - ALF,0.0123,clustered,0.00018518566210932622,controller_wall_s_per_agent_step,128,30,0.000180302590364569,1.0
shared held-out evaluation seed,0.09661458333333334,0.017708333333333333,crdf - ALF,0.0204,uniform,0.0,final_fragmentation,128,30,0.05260416666666667,0.43333333333333335
shared held-out evaluation seed,0.15714697994402985,0.08187004430970149,crdf - ALF,0.0204,uniform,0.11050217661691542,mean_fragmentation,128,30,0.12047185945273632,0.9666666666666667
shared held-out evaluation seed,-0.32718869843490883,-0.4189526650601161,crdf - ALF,0.0204,uniform,-0.3920048196517413,mean_largest_scc_fraction,128,30,-0.3727961753731343,0.0
shared held-out evaluation seed,-1.232880422108209,-1.3283495931799338,crdf - ALF,0.0204,uniform,-1.2534981343283584,mean_degree,128,30,-1.2802148113598675,0.0
shared held-out evaluation seed,-2.1403639338311047,-2.556387479398174,crdf - ALF,0.0204,uniform,-2.2863170162722226,degree_variance,128,30,-2.3473785405174614,0.0
shared held-out evaluation seed,0.02931727828305801,0.02761822703699328,crdf - ALF,0.0204,uniform,0.028641140576638555,radius_temporal_variation,128,30,0.028482460250978805,1.0
shared held-out evaluation seed,0.004203157552083334,0.0037304361979166667,crdf - ALF,0.0204,uniform,0.0038867187499999995,contact_break_rate,128,30,0.003959635416666667,1.0
shared held-out evaluation seed,0.004184928385416666,0.003701790364583333,crdf - ALF,0.0204,uniform,0.0038867187500000004,neighbor_loss_rate,128,30,0.0039453125,1.0
shared held-out evaluation seed,-0.6063015974813433,-0.6588059701492537,crdf - ALF,0.0204,uniform,-0.6363495024875622,radius_max_saturation_fraction,128,30,-0.6344618055555556,0.0
shared held-out evaluation seed,0.36666666666666664,-0.03333333333333333,crdf - ALF,0.0204,uniform,0.0,episode_failure,128,30,0.16666666666666666,0.26666666666666666
shared held-out evaluation seed,-1.8523073437387164e-06,-1.4300153811841134e-05,crdf - ALF,0.0204,uniform,-9.539710937573817e-06,controller_wall_s_per_agent_step,128,30,-7.792948307288343e-06,0.36666666666666664
shared held-out evaluation seed,0.0109375,-0.030729166666666665,crmf - ALF,0.0204,uniform,0.0,final_fragmentation,128,30,-0.00625,0.1
shared held-out evaluation seed,-0.0031011284722222286,-0.04242330016583747,crmf - ALF,0.0204,uniform,-0.0009717039800995007,mean_fragmentation,128,30,-0.021034152155887227,0.3
shared held-out evaluation seed,0.08215818692993362,0.025243411847014934,crmf - ALF,0.0204,uniform,0.014633861940298476,mean_largest_scc_fraction,128,30,0.050351109038142626,0.7666666666666667
shared held-out evaluation seed,0.14530404617537307,0.0790776585820895,crmf - ALF,0.0204,uniform,0.11928638059701457,mean_degree,128,30,0.11165915215588719,0.8666666666666667
shared held-out evaluation seed,-0.46158567751303675,-0.7739845685841702,crmf - ALF,0.0204,uniform,-0.6640116585200648,degree_variance,128,30,-0.6159407053440463,0.03333333333333333
shared held-out evaluation seed,0.0013339931995517294,0.0008648838592492864,crmf - ALF,0.0204,uniform,0.000998338161780388,radius_temporal_variation,128,30,0.001086689707256539,1.0
shared held-out evaluation seed,-0.0005247070312500001,-0.00080341796875,crmf - ALF,0.0204,uniform,-0.0006250000000000001,contact_break_rate,128,30,-0.0006575520833333333,0.03333333333333333
shared held-out evaluation seed,-0.0005234049479166667,-0.00080078125,crmf - ALF,0.0204,uniform,-0.000625,neighbor_loss_rate,128,30,-0.0006549479166666667,0.03333333333333333
shared held-out evaluation seed,-0.02043214915008294,-0.047691717195273625,crmf - ALF,0.0204,uniform,-0.032532649253731394,radius_max_saturation_fraction,128,30,-0.03369869402985075,0.23333333333333334
shared held-out evaluation seed,0.1,-0.2,crmf - ALF,0.0204,uniform,0.0,episode_failure,128,30,-0.03333333333333333,0.06666666666666667
shared held-out evaluation seed,8.653458609984805e-06,-1.574034872723699e-05,crmf - ALF,0.0204,uniform,-6.097722656228633e-06,controller_wall_s_per_agent_step,128,30,-4.2446111979472774e-06,0.4
shared held-out evaluation seed,0.0533919270833333,-0.02421875,fixed_r_retained - ALF,0.0204,uniform,0.0,final_fragmentation,128,30,0.011979166666666667,0.13333333333333333
shared held-out evaluation seed,0.004459538246268653,-0.04210007903192371,fixed_r_retained - ALF,0.0204,uniform,-0.005072294776119399,mean_fragmentation,128,30,-0.01724450663349917,0.3
shared held-out evaluation seed,0.08701845589759535,0.02579955042495854,fixed_r_retained - ALF,0.0204,uniform,0.03126943407960203,mean_largest_scc_fraction,128,30,0.05501269693200664,0.8666666666666667
shared held-out evaluation seed,0.3928003537002488,0.3026958955223879,fixed_r_retained - ALF,0.0204,uniform,0.3301850124378114,mean_degree,128,30,0.3446387852404643,1.0
shared held-out evaluation seed,0.9625106308298008,0.5187890158825319,fixed_r_retained - ALF,0.0204,uniform,0.6165396656211906,degree_variance,128,30,0.7345183805220504,0.9333333333333333
shared held-out evaluation seed,-0.0012679724970811007,-0.0015752298666243758,fixed_r_retained - ALF,0.0204,uniform,-0.0013212704486802813,radius_temporal_variation,128,30,-0.0014141466920427294,0.0
shared held-out evaluation seed,-0.0006002278645833335,-0.0010078450520833331,fixed_r_retained - ALF,0.0204,uniform,-0.0006640624999999999,contact_break_rate,128,30,-0.0008020833333333333,0.03333333333333333
shared held-out evaluation seed,-0.0006197916666666666,-0.00101044921875,fixed_r_retained - ALF,0.0204,uniform,-0.0006640624999999999,neighbor_loss_rate,128,30,-0.0008059895833333333,0.03333333333333333
shared held-out evaluation seed,0.368353091314262,0.3151154708229685,fixed_r_retained - ALF,0.0204,uniform,0.33547108208955223,radius_max_saturation_fraction,128,30,0.341051254145937,1.0
shared held-out evaluation seed,0.13333333333333333,-0.23333333333333334,fixed_r_retained - ALF,0.0204,uniform,0.0,episode_failure,128,30,-0.06666666666666667,0.1
shared held-out evaluation seed,1.6074983330119742e-05,-8.524581438780484e-06,fixed_r_retained - ALF,0.0204,uniform,1.800365234387862e-06,controller_wall_s_per_agent_step,128,30,3.6528725260562263e-06,0.5666666666666667
shared held-out evaluation seed,0.014583333333333334,-0.04921875,crdf - ALF,0.0204,clustered,0.0,final_fragmentation,128,30,-0.016666666666666666,0.03333333333333333
shared held-out evaluation seed,0.08553582996475953,0.01688821517412935,crdf - ALF,0.0204,clustered,0.0006996268656716421,mean_fragmentation,128,30,0.048725124378109455,0.5
shared held-out evaluation seed,0.013260196413764512,-0.05414869014303482,crdf - ALF,0.0204,clustered,-0.007734763681592011,mean_largest_scc_fraction,128,30,-0.019827943615257047,0.26666666666666666
shared held-out evaluation seed,0.9130732405679931,0.5571925204705638,crdf - ALF,0.0204,clustered,0.768015391791045,mean_degree,128,30,0.7351109038142619,0.9
shared held-out evaluation seed,0.9397337171539882,-0.41234744334001944,crdf - ALF,0.0204,clustered,0.2556320813229691,degree_variance,128,30,0.2649082883465008,0.5666666666666667
shared held-out evaluation seed,0.007672454341416215,0.0067231113053090475,crdf - ALF,0.0204,clustered,0.007266903461290228,radius_temporal_variation,128,30,0.007196030393535982,1.0
shared held-out evaluation seed,-0.001269498697916667,-0.002392057291666667,crdf - ALF,0.0204,clustered,-0.0018164062499999999,contact_break_rate,128,30,-0.001796875,0.1
shared held-out evaluation seed,-0.0011614257812500002,-0.0022201171875,crdf - ALF,0.0204,clustered,-0.0017187499999999998,neighbor_loss_rate,128,30,-0.0016510416666666665,0.1
shared held-out evaluation seed,-0.0430954278088723,-0.05285606472844113,crdf - ALF,0.0204,clustered,-0.046641791044776115,radius_max_saturation_fraction,128,30,-0.04796071724709784,0.0
shared held-out evaluation seed,0.0,-0.23333333333333334,crdf - ALF,0.0204,clustered,0.0,episode_failure,128,30,-0.1,0.0
shared held-out evaluation seed,0.00024038016752929564,7.051153389975534e-05,crdf - ALF,0.0204,clustered,3.131696093745974e-05,controller_wall_s_per_agent_step,128,30,0.00015102697252605186,0.8333333333333334
shared held-out evaluation seed,0.007552083333333333,-0.07865234374999999,crmf - ALF,0.0204,clustered,0.0,final_fragmentation,128,30,-0.03177083333333333,0.06666666666666667
shared held-out evaluation seed,0.05531431384742951,-0.010114499118988386,crmf - ALF,0.0204,clustered,0.0,mean_fragmentation,128,30,0.021720822968490882,0.4
shared held-out evaluation seed,-0.011496456519485911,-0.052992135675787734,crmf - ALF,0.0204,clustered,-0.01121346393034825,mean_largest_scc_fraction,128,30,-0.030546486318407957,0.2
shared held-out evaluation seed,-0.515553158685738,-0.6582595486111112,crmf - ALF,0.0204,clustered,-0.564618314676617,mean_degree,128,30,-0.5868703358208956,0.0
shared held-out evaluation seed,-5.173797511088675,-6.357155713175097,crmf - ALF,0.0204,clustered,-5.534058820486972,degree_variance,128,30,-5.769892499889132,0.0
shared held-out evaluation seed,0.000736799479889255,0.0004307842794104359,crmf - ALF,0.0204,clustered,0.0005518820173930994,radius_temporal_variation,128,30,0.0005767311258038368,0.9333333333333333
shared held-out evaluation seed,0.0009388020833333333,0.00033330078124999983,crmf - ALF,0.0204,clustered,0.0004492187499999991,contact_break_rate,128,30,0.0006276041666666666,0.7
shared held-out evaluation seed,0.0009284830729166665,0.00033720703124999994,crmf - ALF,0.0204,clustered,0.0005078124999999996,neighbor_loss_rate,128,30,0.0006250000000000001,0.7333333333333333
shared held-out evaluation seed,-0.02918218154021559,-0.03655812733208955,crmf - ALF,0.0204,clustered,-0.031891324626865676,radius_max_saturation_fraction,128,30,-0.032882462686567165,0.0
shared held-out evaluation seed,0.06666666666666667,-0.2,crmf - ALF,0.0204,clustered,0.0,episode_failure,128,30,-0.06666666666666667,0.03333333333333333
shared held-out evaluation seed,8.342271907631066e-07,-2.655202962239421e-05,crmf - ALF,0.0204,clustered,-2.3786816406001754e-06,controller_wall_s_per_agent_step,128,30,-1.2498694401038802e-05,0.43333333333333335
shared held-out evaluation seed,-0.01640625,-0.16929036458333335,fixed_r_retained - ALF,0.0204,clustered,0.0,final_fragmentation,128,30,-0.09322916666666667,0.03333333333333333
shared held-out evaluation seed,-0.005193336701907133,-0.09102984426824212,fixed_r_retained - ALF,0.0204,clustered,-0.0012437810945273575,mean_fragmentation,128,30,-0.0460820895522388,0.16666666666666666
shared held-out evaluation seed,0.23448075378316746,0.11398282027363184,fixed_r_retained - ALF,0.0204,clustered,0.12610774253731344,mean_largest_scc_fraction,128,30,0.1697411380597015,0.8666666666666667
shared held-out evaluation seed,26.78383687033582,24.940099955949417,fixed_r_retained - ALF,0.0204,clustered,26.057272232587064,mean_degree,128,30,25.830831519485905,1.0
shared held-out evaluation seed,143.3499649183805,127.72315031096124,fixed_r_retained - ALF,0.0204,clustered,136.31968394107372,degree_variance,128,30,135.68533463165596,1.0
shared held-out evaluation seed,-0.0030519474280721096,-0.0036779375110700158,fixed_r_retained - ALF,0.0204,clustered,-0.0031426652310172143,radius_temporal_variation,128,30,-0.00333779347715759,0.0
shared held-out evaluation seed,-0.0032916666666666667,-0.004716178385416667,fixed_r_retained - ALF,0.0204,clustered,-0.0034960937500000005,contact_break_rate,128,30,-0.003958333333333333,0.0
shared held-out evaluation seed,-0.0031510091145833335,-0.004561360677083333,fixed_r_retained - ALF,0.0204,clustered,-0.00345703125,neighbor_loss_rate,128,30,-0.0038424479166666663,0.0
shared held-out evaluation seed,0.952757242433665,0.942826233416252,fixed_r_retained - ALF,0.0204,clustered,0.9489466728855722,radius_max_saturation_fraction,128,30,0.9478078358208956,1.0
shared held-out evaluation seed,-0.1,-0.4666666666666667,fixed_r_retained - ALF,0.0204,clustered,0.0,episode_failure,128,30,-0.26666666666666666,0.03333333333333333
shared held-out evaluation seed,0.0010566492005403523,0.0009460793218814999,fixed_r_retained - ALF,0.0204,clustered,0.0010424800019531231,controller_wall_s_per_agent_step,128,30,0.00100988825559894,1.0
shared held-out evaluation seed,0.039589843749999964,0.002864583333333333,crdf - ALF,0.0331,uniform,0.0,final_fragmentation,128,30,0.01796875,0.16666666666666666
shared held-out evaluation seed,0.03520192008706467,0.010788343439054725,crdf - ALF,0.0331,uniform,0.007695895522388059,mean_fragmentation,128,30,0.021479840381426203,0.7
shared held-out evaluation seed,-0.12868382695895522,-0.2241102754456882,crdf - ALF,0.0331,uniform,-0.12274564676616911,mean_largest_scc_fraction,128,30,-0.17262126865671643,0.0
shared held-out evaluation seed,-1.8925662054311774,-2.02470278814262,crdf - ALF,0.0331,uniform,-1.9425334266169152,mean_degree,128,30,-1.9602106654228855,0.0
shared held-out evaluation seed,-3.1752393615080092,-3.6615591159021537,crdf - ALF,0.0331,uniform,-3.4214660685321063,degree_variance,128,30,-3.4167322708358636,0.0
shared held-out evaluation seed,0.025072315921812843,0.02307113556244934,crdf - ALF,0.0331,uniform,0.023751255024419878,radius_temporal_variation,128,30,0.02407898215578829,1.0
shared held-out evaluation seed,0.00577216796875,0.0049673828125,crdf - ALF,0.0331,uniform,0.00521484375,contact_break_rate,128,30,0.005377604166666666,1.0
shared held-out evaluation seed,0.005820312499999999,0.005040364583333333,crdf - ALF,0.0331,uniform,0.0052734375,neighbor_loss_rate,128,30,0.0054296875,1.0
shared held-out evaluation seed,-0.3913344410758706,-0.43189352715588725,crdf - ALF,0.0331,uniform,-0.41052549751243783,radius_max_saturation_fraction,128,30,-0.4119182732172471,0.0
shared held-out evaluation seed,0.26666666666666666,0.03333333333333333,crdf - ALF,0.0331,uniform,0.0,episode_failure,128,30,0.13333333333333333,0.13333333333333333
shared held-out evaluation seed,0.0005002307737988063,0.00047751294211912374,crdf - ALF,0.0331,uniform,0.00048695135937499846,controller_wall_s_per_agent_step,128,30,0.0004883665501301924,1.0
shared held-out evaluation seed,0.0,-0.00234375,crmf - ALF,0.0331,uniform,0.0,final_fragmentation,128,30,-0.00078125,0.0
shared held-out evaluation seed,0.0027810491811774423,-0.0010378446310116086,crmf - ALF,0.0331,uniform,0.0,mean_fragmentation,128,30,0.0006555762852404644,0.13333333333333333
shared held-out evaluation seed,0.008199885986733001,-0.00527849036069652,crmf - ALF,0.0331,uniform,0.0,mean_largest_scc_fraction,128,30,0.0015067889718076303,0.3
shared held-out evaluation seed,-0.0025750155472637403,-0.10546421538142625,crmf - ALF,0.0331,uniform,-0.041258550995024734,mean_degree,128,30,-0.05270651948590386,0.36666666666666664
shared held-out evaluation seed,-2.5218369909296428,-2.9619806936710695,crmf - ALF,0.0331,uniform,-2.6243146185986945,degree_variance,128,30,-2.74016759678921,0.0
shared held-out evaluation seed,0.002424932827511988,0.0017607314956037004,crmf - ALF,0.0331,uniform,0.0020113081999942844,radius_temporal_variation,128,30,0.00207754693810096,1.0
shared held-out evaluation seed,-0.0004921549479166669,-0.00088544921875,crmf - ALF,0.0331,uniform,-0.00068359375,contact_break_rate,128,30,-0.0006901041666666667,0.13333333333333333
shared held-out evaluation seed,-0.0005103190104166673,-0.0009049479166666666,crmf - ALF,0.0331,uniform,-0.0006835937500000004,neighbor_loss_rate,128,30,-0.0007057291666666668,0.2
shared held-out evaluation seed,-0.14367401274875624,-0.16922892050165836,crmf - ALF,0.0331,uniform,-0.15574471393034828,radius_max_saturation_fraction,128,30,-0.15637178689883913,0.0
shared held-out evaluation seed,0.0,-0.1,crmf - ALF,0.0331,uniform,0.0,episode_failure,128,30,-0.03333333333333333,0.0
shared held-out evaluation seed,7.902575292999911e-07,-3.205711821286671e-05,crmf - ALF,0.0331,uniform,-1.7420863281216727e-05,controller_wall_s_per_agent_step,128,30,-1.6446173177075237e-05,0.4
shared held-out evaluation seed,0.0,-0.00390625,fixed_r_retained - ALF,0.0331,uniform,0.0,final_fragmentation,128,30,-0.0015625,0.0
shared held-out evaluation seed,0.00027337271973466,-0.002367168065920398,fixed_r_retained - ALF,0.0331,uniform,0.0,mean_fragmentation,128,30,-0.0009224709784411277,0.03333333333333333
shared held-out evaluation seed,0.014387891272802648,0.0034242200456053133,fixed_r_retained - ALF,0.0331,uniform,0.00042754975124376093,mean_largest_scc_fraction,128,30,0.008436981757877278,0.5666666666666667
shared held-out evaluation seed,1.3142717726471806,1.1126766233934493,fixed_r_retained - ALF,0.0331,uniform,1.1331234452736316,mean_degree,128,30,1.2122421745439467,1.0
shared held-out evaluation seed,2.051930679189477,1.2201242054439099,fixed_r_retained - ALF,0.0331,uniform,1.4466584255835735,degree_variance,128,30,1.6237274751302597,0.9666666666666667
shared held-out evaluation seed,-0.0025093105995976583,-0.0029469101555238348,fixed_r_retained - ALF,0.0331,uniform,-0.002496632236266513,radius_temporal_variation,128,30,-0.0027183623596790667,0.0
shared held-out evaluation seed,-0.001966145833333333,-0.0025860677083333334,fixed_r_retained - ALF,0.0331,uniform,-0.0022265625,contact_break_rate,128,30,-0.0022591145833333335,0.0
shared held-out evaluation seed,-0.00196220703125,-0.002602897135416667,fixed_r_retained - ALF,0.0331,uniform,-0.0022460937500000003,neighbor_loss_rate,128,30,-0.0022799479166666667,0.0
shared held-out evaluation seed,0.6053706726782753,0.5621722118573798,fixed_r_retained - ALF,0.0331,uniform,0.5848880597014925,radius_max_saturation_fraction,128,30,0.5838243677446102,1.0
shared held-out evaluation seed,0.0,-0.16666666666666666,fixed_r_retained - ALF,0.0331,uniform,0.0,episode_failure,128,30,-0.06666666666666667,0.0
shared held-out evaluation seed,0.00013942314699543786,3.1949875914713464e-05,fixed_r_retained - ALF,0.0331,uniform,3.758138671869918e-05,controller_wall_s_per_agent_step,128,30,8.080238489583991e-05,0.8
shared held-out evaluation seed,0.04427734374999996,-0.041666666666666664,crdf - ALF,0.0331,clustered,0.0,final_fragmentation,128,30,-0.0018229166666666667,0.06666666666666667
shared held-out evaluation seed,0.1149633667599502,0.024808801046849085,crdf - ALF,0.0331,clustered,0.007074004975124379,mean_fragmentation,128,30,0.06678974917081261,0.5333333333333333
shared held-out evaluation seed,0.06240652207711444,-0.008984245439469303,crdf - ALF,0.0331,clustered,0.0068796641791045166,mean_largest_scc_fraction,128,30,0.0248276844941957,0.5666666666666667
shared held-out evaluation seed,2.551359316697761,2.111287475383499,crdf - ALF,0.0331,clustered,2.2991487873134324,mean_degree,128,30,2.3247058975953565,1.0
shared held-out evaluation seed,2.4586574381445456,0.13357785591716004,crdf - ALF,0.0331,clustered,1.95508877567329,degree_variance,128,30,1.2943079890757752,0.6333333333333333
shared held-out evaluation seed,0.00582123226187663,0.0052007049258727045,crdf - ALF,0.0331,clustered,0.005680347140776691,radius_temporal_variation,128,30,0.005508925888298983,1.0
shared held-out evaluation seed,-0.0032916015625000005,-0.004557389322916667,crdf - ALF,0.0331,clustered,-0.0034765625000000005,contact_break_rate,128,30,-0.0038203125,0.0
shared held-out evaluation seed,-0.0030651041666666665,-0.0042890624999999995,crdf - ALF,0.0331,clustered,-0.0034375000000000005,neighbor_loss_rate,128,30,-0.0036041666666666665,0.0
shared held-out evaluation seed,-0.015679188691956884,-0.022839221859452735,crdf - ALF,0.0331,clustered,-0.017276896766169156,radius_max_saturation_fraction,128,30,-0.01919698383084577,0.0
shared held-out evaluation seed,0.03333333333333333,-0.23333333333333334,crdf - ALF,0.0331,clustered,0.0,episode_failure,128,30,-0.1,0.03333333333333333
shared held-out evaluation seed,0.0005399906962857941,0.00036586241421548586,crdf - ALF,0.0331,clustered,0.0005647386210937811,controller_wall_s_per_agent_step,128,30,0.0004526806239583105,0.9333333333333333
shared held-out evaluation seed,0.06485026041666664,-0.038802083333333334,crmf - ALF,0.0331,clustered,0.0,final_fragmentation,128,30,0.012760416666666666,0.16666666666666666
shared held-out evaluation seed,0.09525889433043118,0.02005172704187396,crmf - ALF,0.0331,clustered,0.023029384328358195,mean_fragmentation,128,30,0.05302912520729685,0.6333333333333333
shared held-out evaluation seed,-0.013197942578772806,-0.05728742355928688,crmf - ALF,0.0331,clustered,-0.016829912935323377,mean_largest_scc_fraction,128,30,-0.03330871683250414,0.3
shared held-out evaluation seed,-0.658589053430763,-0.8554310154954395,crmf - ALF,0.0331,clustered,-0.7441503420398012,mean_degree,128,30,-0.7580832815091211,0.0
shared held-out evaluation seed,-6.939163448420955,-8.692647040055625,crmf - ALF,0.0331,clustered,-7.672564921156374,degree_variance,128,30,-7.794265649955308,0.0
shared held-out evaluation seed,0.00042846895355301513,0.0002011596219373269,crmf - ALF,0.0331,clustered,0.0003368395633162975,radius_temporal_variation,128,30,0.0003148614416056838,0.8333333333333334
shared held-out evaluation seed,0.0010313151041666667,0.0005194661458333335,crmf - ALF,0.0331,clustered,0.0008007812499999998,contact_break_rate,128,30,0.0007877604166666668,0.9
shared held-out evaluation seed,0.0009778645833333334,0.00045175781250000007,crmf - ALF,0.0331,clustered,0.0006835937500000006,neighbor_loss_rate,128,30,0.0007226562500000001,0.8666666666666667
shared held-out evaluation seed,-0.011090770107794367,-0.01646992900082919,crmf - ALF,0.0331,clustered,-0.014400652985074626,radius_max_saturation_fraction,128,30,-0.013894071310116086,0.0
shared held-out evaluation seed,0.23333333333333334,-0.03333333333333333,crmf - ALF,0.0331,clustered,0.0,episode_failure,128,30,0.1,0.13333333333333333
shared held-out evaluation seed,-5.627505091134339e-06,-3.626116591798086e-05,crmf - ALF,0.0331,clustered,-2.5742380859448077e-05,controller_wall_s_per_agent_step,128,30,-2.1736354557281365e-05,0.26666666666666666
shared held-out evaluation seed,-0.006510416666666667,-0.18359375,fixed_r_retained - ALF,0.0331,clustered,0.0,final_fragmentation,128,30,-0.09713541666666667,0.1
shared held-out evaluation seed,0.005274052912520673,-0.10893695584577114,fixed_r_retained - ALF,0.0331,clustered,-0.024700715174129334,mean_fragmentation,128,30,-0.05148605928689884,0.16666666666666666
shared held-out evaluation seed,0.28401465977404644,0.15054574134535656,fixed_r_retained - ALF,0.0331,clustered,0.16204135572139303,mean_largest_scc_fraction,128,30,0.2170061152570481,0.9333333333333333
shared held-out evaluation seed,37.72247130234246,35.90604098647388,fixed_r_retained - ALF,0.0331,clustered,36.85463308457712,mean_degree,128,30,36.82085276741294,1.0
shared held-out evaluation seed,130.2986965466376,119.51646236266053,fixed_r_retained - ALF,0.0331,clustered,125.63070295135626,degree_variance,128,30,124.88543900865703,1.0
shared held-out evaluation seed,-0.0029526483562867735,-0.003556549581893228,fixed_r_retained - ALF,0.0331,clustered,-0.0030233066177386223,radius_temporal_variation,128,30,-0.0032293764869872235,0.0
shared held-out evaluation seed,-0.0032900716145833346,-0.00525390625,fixed_r_retained - ALF,0.0331,clustered,-0.0040625,contact_break_rate,128,30,-0.00423828125,0.03333333333333333
shared held-out evaluation seed,-0.0030298502604166667,-0.004963574218749999,fixed_r_retained - ALF,0.0331,clustered,-0.0037890625000000003,neighbor_loss_rate,128,30,-0.0039765625,0.03333333333333333
shared held-out evaluation seed,0.9842596911276948,0.9769053819444444,fixed_r_retained - ALF,0.0331,clustered,0.9826064987562189,radius_max_saturation_fraction,128,30,0.9805905368988391,1.0
shared held-out evaluation seed,-0.13333333333333333,-0.5666666666666667,fixed_r_retained - ALF,0.0331,clustered,0.0,episode_failure,128,30,-0.36666666666666664,0.06666666666666667
shared held-out evaluation seed,0.00044799673032224857,0.00040220482136716756,fixed_r_retained - ALF,0.0331,clustered,0.0004235786230468363,controller_wall_s_per_agent_step,128,30,0.000424895057552078,1.0
